# vtk DataFile Version 3.0
Champ d'humidite du sol
ASCII
DATASET STRUCTURED_POINTS
DIMENSIONS 50 50 50
ORIGIN -1000.0 -1000.0 -1000.0
SPACING 40.816326530612244 40.816326530612244 20.510204081632654
POINT_DATA 125000
SCALARS humidite float 1
LOOKUP_TABLE default
0.1000
0.1000
0.1000
0.1000
0.1000
0.1000
0.1000
0.1000
0.1000
0.1000
0.1000
0.1000
0.1000
0.1000
0.1000
0.1000
0.1000
0.1000
0.1000
0.1000
0.1000
0.1000
0.1000
0.1000
0.1000
0.1000
0.1000
0.1000
0.1000
0.1000
0.1000
0.1000
0.1000
0.1000
0.1000
0.1000
0.1000
0.1000
0.1000
0.1000
0.1000
0.1000
0.1000
0.1000
0.1000
0.1000
0.1000
0.1000
0.1000
0.1000
0.1000
0.1000
0.1000
0.1000
0.1000
0.1000
0.1000
0.1000
0.1000
0.1000
0.1000
0.1000
0.1000
0.1000
0.1000
0.1000
0.1000
0.1000
0.1000
0.1000
0.1000
0.1000
0.1000
0.1000
0.1000
0.1000
0.1000
0.1000
0.1000
0.1000
0.1000
0.1000
0.1000
0.1000
0.1000
0.1000
0.1000
0.1000
0.1000
0.1000
0.1000
0.1000
0.1000
0.1000
0.1000
0.1000
0.1000
0.1000
0.1000
0.1000
0.1000
0.1000
0.1000
0.1000
0.1000
0.1000
0.1000
0.1000
0.1000
0.1000
0.1000
0.1000
0.1000
0.1000
0.1000
0.1000
0.1000
0.1000
0.1000
0.1000
0.1000
0.1000
0.1000
0.1000
0.1000
0.1000
0.1000
0.1000
0.1000
0.1000
0.1000
0.1000
0.1000
0.1000
0.1000
0.1000
0.1000
0.1000
0.1000
0.1000
0.1000
0.1000
0.1000
0.1000
0.1000
0.1000
0.1000
0.1000
0.1000
0.1000
0.1000
0.1000
0.1000
0.1000
0.1000
0.1000
0.1000
0.1000
0.1000
0.1000
0.1000
0.1000
0.1000
0.1000
0.1000
0.1000
0.1000
0.1000
0.1000
0.1000
0.1000
0.1000
0.1000
0.1000
0.1000
0.1000
0.1000
0.1000
0.1000
0.1000
0.1000
0.1000
0.1000
0.1000
0.1000
0.1000
0.1000
0.1000
0.1000
0.1000
0.1000
0.1000
0.1000
0.1000
0.1000
0.1000
0.1000
0.1000
0.1000
0.1000
0.1000
0.1000
0.1000
0.1000
0.1000
0.1000
0.1000
0.1000
0.1000
0.1000
0.1000
0.1000
0.1000
0.1000
0.1000
0.1000
0.1000
0.1000
0.1000
0.1000
0.1000
0.1000
0.1000
0.1000
0.1000
0.1000
0.1000
0.1000
0.1000
0.1000
0.1000
0.1000
0.1000
0.1000
0.1000
0.1000
0.1000
0.1000
0.1000
0.1000
0.1000
0.1000
0.1000
0.1000
0.1000
0.1000
0.1000
0.1000
0.1000
0.1000
0.1000
0.1000
0.1000
0.1000
0.1000
0.1000
0.1000
0.1000
0.1000
0.1000
0.1000
0.1000
0.1000
0.1000
0.1000
0.1000
0.1000
0.1000
0.1000
0.1000
0.1000
0.1000
0.1000
0.1000
0.1000
0.1000
0.1000
0.1000
0.1000
0.1000
0.1000
0.1000
0.1000
0.1000
0.1000
0.1000
0.1000
0.1000
0.1000
0.1000
0.1000
0.1000
0.1000
0.1000
0.1000
0.1000
0.1000
0.1000
0.1000
0.1000
0.1000
0.1000
0.1000
0.1000
0.1000
0.1000
0.1000
0.1000
0.1000
0.1000
0.1000
0.1000
0.1000
0.1000
0.1000
0.1000
0.1000
0.1000
0.1000
0.1000
0.1000
0.1000
0.1000
0.1000
0.1000
0.1000
0.1000
0.1000
0.1000
0.1000
0.1000
0.1000
0.1000
0.1000
0.1000
0.1000
0.1000
0.1000
0.1000
0.1000
0.1000
0.1000
0.1000
0.1000
0.1000
0.1000
0.1000
0.1000
0.1000
0.1000
0.1000
0.1000
0.1000
0.1000
0.1000
0.1000
0.1000
0.1000
0.1000
0.1000
0.1000
0.1000
0.1000
0.1000
0.1000
0.1000
0.1000
0.1000
0.1000
0.1000
0.1000
0.1000
0.1000
0.1000
0.1000
0.1000
0.1000
0.1000
0.1000
0.1000
0.1000
0.1000
0.1000
0.1000
0.1000
0.1000
0.1000
0.1000
0.1000
0.1000
0.1000
0.1000
0.1000
0.1000
0.1000
0.1000
0.1000
0.1000
0.1000
0.1000
0.1000
0.1000
0.1000
0.1000
0.1000
0.1000
0.1000
0.1000
0.1000
0.1000
0.1000
0.1000
0.1000
0.1000
0.1000
0.1000
0.1000
0.1000
0.1000
0.1000
0.1000
0.1000
0.1000
0.1000
0.1000
0.1000
0.1000
0.1000
0.1000
0.1000
0.1000
0.1000
0.1000
0.1000
0.1000
0.1000
0.1000
0.1000
0.1000
0.1000
0.1000
0.1000
0.1000
0.1000
0.1000
0.1000
0.1000
0.1000
0.1000
0.1000
0.1000
0.1000
0.1000
0.1000
0.1000
0.1000
0.1000
0.1000
0.1000
0.1000
0.1000
0.1000
0.1000
0.1000
0.1000
0.1000
0.1000
0.1000
0.1000
0.1000
0.1000
0.1000
0.1000
0.1000
0.1000
0.1000
0.1000
0.1000
0.1000
0.1000
0.1000
0.1000
0.1000
0.1000
0.1000
0.1000
0.1000
0.1000
0.1000
0.1000
0.1000
0.1000
0.1000
0.1000
0.1000
0.1000
0.1000
0.1000
0.1000
0.1000
0.1000
0.1000
0.1000
0.1000
0.1000
0.1000
0.1000
0.1000
0.1000
0.1000
0.1000
0.1000
0.1000
0.1000
0.1000
0.1000
0.1000
0.1000
0.1000
0.1000
0.1000
0.1000
0.1000
0.1000
0.1000
0.1000
0.1000
0.1000
0.1000
0.1000
0.1000
0.1000
0.1000
0.1000
0.1000
0.1000
0.1000
0.1000
0.1000
0.1000
0.1000
0.1000
0.1000
0.1000
0.1000
0.1000
0.1000
0.1000
0.1000
0.1000
0.1000
0.1000
0.1000
0.1000
0.1000
0.1000
0.1000
0.1000
0.1000
0.1000
0.1000
0.1000
0.1000
0.1000
0.1000
0.1000
0.1000
0.1000
0.1000
0.1000
0.1000
0.1000
0.1000
0.1000
0.1000
0.1000
0.1000
0.1000
0.1000
0.1000
0.1000
0.1000
0.1000
0.1000
0.1000
0.1000
0.1000
0.1000
0.1000
0.1000
0.1000
0.1000
0.1000
0.1000
0.1000
0.1000
0.1000
0.1000
0.1000
0.1000
0.1000
0.1000
0.1000
0.1000
0.1000
0.1000
0.1000
0.1000
0.1000
0.1000
0.1000
0.1000
0.1000
0.1000
0.1000
0.1000
0.1000
0.1000
0.1000
0.1000
0.1000
0.1000
0.1000
0.1000
0.1000
0.1000
0.1000
0.1000
0.1000
0.1000
0.1000
0.1000
0.1000
0.1000
0.1000
0.1000
0.1000
0.1000
0.1000
0.1000
0.1000
0.1000
0.1000
0.1000
0.1000
0.1000
0.1000
0.1000
0.1000
0.1000
0.1000
0.1000
0.1000
0.1000
0.1000
0.1000
0.1000
0.1000
0.1000
0.1000
0.1000
0.1000
0.1000
0.1000
0.1000
0.1000
0.1000
0.1000
0.1000
0.1000
0.1000
0.1000
0.1000
0.1000
0.1000
0.1000
0.1000
0.1000
0.1000
0.1000
0.1000
0.1000
0.1000
0.1000
0.1000
0.1000
0.1000
0.1000
0.1000
0.1000
0.1000
0.1000
0.1000
0.1000
0.1000
0.1000
0.1000
0.1000
0.1000
0.1000
0.1000
0.1000
0.1000
0.1000
0.1000
0.1000
0.1000
0.1000
0.1000
0.1000
0.1000
0.1000
0.1000
0.1000
0.1000
0.1000
0.1000
0.1000
0.1000
0.1000
0.1000
0.1000
0.1000
0.1000
0.1000
0.1000
0.1000
0.1000
0.1000
0.1000
0.1000
0.1000
0.1000
0.1000
0.1000
0.1000
0.1000
0.1000
0.1000
0.1000
0.1000
0.1000
0.1000
0.1000
0.1000
0.1000
0.1000
0.1000
0.1000
0.1000
0.1000
0.1000
0.1000
0.1000
0.1000
0.1000
0.1000
0.1000
0.1000
0.1000
0.1000
0.1000
0.1000
0.1000
0.1000
0.1000
0.1000
0.1000
0.1000
0.1000
0.1000
0.1000
0.1000
0.1000
0.1000
0.1000
0.1000
0.1000
0.1000
0.1000
0.1000
0.1000
0.1000
0.1000
0.1000
0.1000
0.1000
0.1000
0.1000
0.1000
0.1000
0.1000
0.1000
0.1000
0.1000
0.1000
0.1000
0.1000
0.1000
0.1000
0.1000
0.1000
0.1000
0.1000
0.1000
0.1000
0.1000
0.1000
0.1000
0.1000
0.1000
0.1000
0.1000
0.1000
0.1000
0.1000
0.1000
0.1000
0.1000
0.1000
0.1000
0.1000
0.1000
0.1000
0.1000
0.1000
0.1000
0.1000
0.1000
0.1000
0.1000
0.1000
0.1000
0.1000
0.1000
0.1000
0.1000
0.1000
0.1000
0.1000
0.1000
0.1000
0.1000
0.1000
0.1000
0.1000
0.1000
0.1000
0.1000
0.1000
0.1000
0.1000
0.1000
0.1000
0.1000
0.1000
0.1000
0.1000
0.1000
0.1000
0.1000
0.1000
0.1000
0.1000
0.1000
0.1000
0.1000
0.1000
0.1000
0.1000
0.1000
0.1000
0.1000
0.1000
0.1000
0.1000
0.1000
0.1000
0.1000
0.1000
0.1000
0.1000
0.1000
0.1000
0.1000
0.1000
0.1000
0.1000
0.1000
0.1000
0.1000
0.1000
0.1000
0.1000
0.1000
0.1000
0.1000
0.1000
0.1000
0.1000
0.1000
0.1000
0.1000
0.1000
0.1000
0.1000
0.1000
0.1000
0.1000
0.1000
0.1000
0.1000
0.1000
0.1000
0.1000
0.1000
0.1000
0.1000
0.1000
0.1000
0.1000
0.1000
0.1000
0.1000
0.1000
0.1000
0.1000
0.1000
0.1000
0.1000
0.1000
0.1000
0.1000
0.1000
0.1000
0.1000
0.1000
0.1000
0.1000
0.1000
0.1000
0.1000
0.1000
0.1000
0.1000
0.1000
0.1000
0.1000
0.1000
0.1000
0.1000
0.1000
0.1000
0.1000
0.1000
0.1000
0.1000
0.1000
0.1000
0.1000
0.1000
0.1000
0.1000
0.1000
0.1000
0.1000
0.1000
0.1000
0.1000
0.1000
0.1000
0.1000
0.1000
0.1000
0.1000
0.1000
0.1000
0.1000
0.1000
0.1000
0.1000
0.1000
0.1000
0.1000
0.1000
0.1000
0.1000
0.1000
0.1000
0.1000
0.1000
0.1000
0.1000
0.1000
0.1000
0.1000
0.1000
0.1000
0.1000
0.1000
0.1000
0.1000
0.1000
0.1000
0.1000
0.1000
0.1000
0.1000
0.1000
0.1000
0.1000
0.1000
0.1000
0.1000
0.1000
0.1000
0.1000
0.1000
0.1000
0.1000
0.1000
0.1000
0.1000
0.1000
0.1000
0.1000
0.1000
0.1000
0.1000
0.1000
0.1000
0.1000
0.1000
0.1000
0.1000
0.1000
0.1000
0.1000
0.1000
0.1000
0.1000
0.1000
0.1000
0.1000
0.1000
0.1000
0.1000
0.1000
0.1000
0.1000
0.1000
0.1000
0.1000
0.1000
0.1000
0.1000
0.1000
0.1000
0.1000
0.1000
0.1000
0.1000
0.1000
0.1000
0.1000
0.1000
0.1000
0.1000
0.1000
0.1000
0.1000
0.1000
0.1000
0.1000
0.1000
0.1000
0.1000
0.1000
0.1000
0.1000
0.1000
0.1000
0.1000
0.1000
0.1000
0.1000
0.1000
0.1000
0.1000
0.1000
0.1000
0.1000
0.1000
0.1000
0.1000
0.1000
0.1000
0.1000
0.1000
0.1000
0.1000
0.1000
0.1000
0.1000
0.1000
0.1000
0.1000
0.1000
0.1000
0.1000
0.1000
0.1000
0.1000
0.1000
0.1000
0.1000
0.1000
0.1000
0.1000
0.1000
0.1000
0.1000
0.1000
0.1000
0.1000
0.1000
0.1000
0.1000
0.1000
0.1000
0.1000
0.1000
0.1000
0.1000
0.1000
0.1000
0.1000
0.1000
0.1000
0.1000
0.1000
0.1000
0.1000
0.1000
0.1000
0.1000
0.1000
0.1000
0.1000
0.1000
0.1000
0.1000
0.1000
0.1000
0.1000
0.1000
0.1000
0.1000
0.1000
0.1000
0.1000
0.1000
0.1000
0.1000
0.1000
0.1000
0.1000
0.1000
0.1000
0.1000
0.1000
0.1000
0.1000
0.1000
0.1000
0.1000
0.1000
0.1000
0.1000
0.1000
0.1000
0.1000
0.1000
0.1000
0.1000
0.1000
0.1000
0.1000
0.1000
0.1000
0.1000
0.1000
0.1000
0.1000
0.1000
0.1000
0.1000
0.1000
0.1000
0.1000
0.1000
0.1000
0.1000
0.1000
0.1000
0.1000
0.1000
0.1000
0.1000
0.1000
0.1000
0.1000
0.1000
0.1000
0.1000
0.1000
0.1000
0.1000
0.1000
0.1000
0.1000
0.1000
0.1000
0.1000
0.1000
0.1000
0.1000
0.1000
0.1000
0.1000
0.1000
0.1000
0.1000
0.1000
0.1000
0.1000
0.1000
0.1000
0.1000
0.1000
0.1000
0.1000
0.1000
0.1000
0.1000
0.1000
0.1000
0.1000
0.1000
0.1000
0.1000
0.1000
0.1000
0.1000
0.1000
0.1000
0.1000
0.1000
0.1000
0.1000
0.1000
0.1000
0.1000
0.1000
0.1000
0.1000
0.1000
0.1000
0.1000
0.1000
0.1000
0.1000
0.1000
0.1000
0.1000
0.1000
0.1000
0.1000
0.1000
0.1000
0.1000
0.1000
0.1000
0.1000
0.1000
0.1000
0.1000
0.1000
0.1000
0.1000
0.1000
0.1000
0.1000
0.1000
0.1000
0.1000
0.1000
0.1000
0.1000
0.1000
0.1000
0.1000
0.1000
0.1000
0.1000
0.1000
0.1000
0.1000
0.1000
0.1000
0.1000
0.1000
0.1000
0.1000
0.1000
0.1000
0.1000
0.1000
0.1000
0.1000
0.1000
0.1000
0.1000
0.1000
0.1000
0.1000
0.1000
0.1000
0.1000
0.1000
0.1000
0.1000
0.1000
0.1000
0.1000
0.1000
0.1000
0.1000
0.1000
0.1000
0.1000
0.1000
0.1000
0.1000
0.1000
0.1000
0.1000
0.1000
0.1000
0.1000
0.1000
0.1000
0.1000
0.1000
0.1000
0.1000
0.1000
0.1000
0.1000
0.1000
0.1000
0.1000
0.1000
0.1000
0.1000
0.1000
0.1000
0.1000
0.1000
0.1000
0.1000
0.1000
0.1000
0.1000
0.1000
0.1000
0.1000
0.1000
0.1000
0.1000
0.1000
0.1000
0.1000
0.1000
0.1000
0.1000
0.1000
0.1000
0.1000
0.1000
0.1000
0.1000
0.1000
0.1000
0.1000
0.1000
0.1000
0.1000
0.1000
0.1000
0.1000
0.1000
0.1000
0.1000
0.1000
0.1000
0.1000
0.1000
0.1000
0.1000
0.1000
0.1000
0.1000
0.1000
0.1000
0.1000
0.1000
0.1000
0.1000
0.1000
0.1000
0.1000
0.1000
0.1000
0.1000
0.1000
0.1000
0.1000
0.1000
0.1000
0.1000
0.1000
0.1000
0.1000
0.1000
0.1000
0.1000
0.1000
0.1000
0.1000
0.1000
0.1000
0.1000
0.1000
0.1000
0.1000
0.1000
0.1000
0.1000
0.1000
0.1000
0.1000
0.1000
0.1000
0.1000
0.1000
0.1000
0.1000
0.1000
0.1000
0.1000
0.1000
0.1000
0.1000
0.1000
0.1000
0.1000
0.1000
0.1000
0.1000
0.1000
0.1000
0.1000
0.1000
0.1000
0.1000
0.1000
0.1000
0.1000
0.1000
0.1000
0.1000
0.1000
0.1000
0.1000
0.1000
0.1000
0.1000
0.1000
0.1000
0.1000
0.1000
0.1000
0.1000
0.1000
0.1000
0.1000
0.1000
0.1000
0.1000
0.1000
0.1000
0.1000
0.1000
0.1000
0.1000
0.1000
0.1000
0.1000
0.1000
0.1000
0.1000
0.1000
0.1000
0.1000
0.1000
0.1000
0.1000
0.1000
0.1000
0.1000
0.1000
0.1000
0.1000
0.1000
0.1000
0.1000
0.1000
0.1000
0.1000
0.1000
0.1000
0.1000
0.1000
0.1000
0.1000
0.1000
0.1000
0.1000
0.1000
0.1000
0.1000
0.1000
0.1000
0.1000
0.1000
0.1000
0.1000
0.1000
0.1000
0.1000
0.1000
0.1000
0.1000
0.1000
0.1000
0.1000
0.1000
0.1000
0.2294
0.3210
0.3566
0.3358
0.2587
0.1265
0.1000
0.1000
0.1000
0.1000
0.1000
0.1000
0.1000
0.1000
0.1000
0.1000
0.1000
0.1000
0.1000
0.1000
0.1000
0.1000
0.1000
0.1000
0.1000
0.1000
0.1000
0.1000
0.1000
0.1000
0.1000
0.1000
0.1000
0.1000
0.1000
0.1000
0.1000
0.1000
0.1000
0.1000
0.1000
0.1000
0.1000
0.1000
0.1000
0.1000
0.1000
0.1000
0.2930
0.4990
0.6505
0.7454
0.7823
0.7607
0.6809
0.5441
0.3521
0.1075
0.1000
0.1000
0.1000
0.1000
0.1000
0.1000
0.1000
0.1000
0.1000
0.1000
0.1000
0.1000
0.1000
0.1000
0.1000
0.1000
0.1000
0.1000
0.1000
0.1000
0.1000
0.1000
0.1000
0.1000
0.1000
0.1000
0.1000
0.1000
0.1000
0.1000
0.1000
0.1000
0.1000
0.1000
0.1000
0.1000
0.1000
0.1000
0.1000
0.3926
0.6582
0.8707
1.0271
1.1251
1.1632
1.1409
1.0585
0.9172
0.7192
0.4672
0.1646
0.1000
0.1000
0.1000
0.1000
0.1000
0.1000
0.1000
0.1000
0.1000
0.1000
0.1000
0.1000
0.1000
0.1000
0.1000
0.1000
0.1000
0.1000
0.1000
0.1000
0.1000
0.1000
0.1000
0.1000
0.1000
0.1000
0.1000
0.1000
0.1000
0.1000
0.1000
0.1000
0.1000
0.1000
0.1000
0.1000
0.1000
0.3793
0.7026
0.9753
1.1937
1.3546
1.4555
1.4948
1.4718
1.3869
1.2415
1.0380
0.7792
0.4687
0.1105
0.1000
0.1000
0.1000
0.1000
0.1000
0.1000
0.1000
0.1000
0.1000
0.1000
0.1000
0.1000
0.1000
0.1000
0.1000
0.1000
0.1000
0.1000
0.1000
0.1000
0.1000
0.1000
0.1000
0.1000
0.1000
0.1000
0.1000
0.1000
0.1000
0.1000
0.1000
0.1000
0.1000
0.1000
0.1000
0.2532
0.6309
0.9613
1.2402
1.4638
1.6286
1.7321
1.7724
1.7488
1.6618
1.5128
1.3043
1.0395
0.7223
0.3566
0.1000
0.1000
0.1000
0.1000
0.1000
0.1000
0.1000
0.1000
0.1000
0.1000
0.1000
0.1000
0.1000
0.1000
0.1000
0.1000
0.1000
0.1000
0.1000
0.1000
0.1000
0.1000
0.1000
0.1000
0.1000
0.1000
0.1000
0.1000
0.1000
0.1000
0.1000
0.1000
0.1000
0.1000
0.1000
0.4452
0.8290
1.1651
1.4491
1.6770
1.8451
1.9507
1.9918
1.9678
1.8790
1.7270
1.5144
1.2448
0.9219
0.5502
0.1339
0.1000
0.1000
0.1000
0.1000
0.1000
0.1000
0.1000
0.1000
0.1000
0.1000
0.1000
0.1000
0.1000
0.1000
0.1000
0.1000
0.1000
0.1000
0.1000
0.1000
0.1000
0.1000
0.1000
0.1000
0.1000
0.1000
0.1000
0.1000
0.1000
0.1000
0.1000
0.1000
0.1000
0.1505
0.5824
0.9708
1.3111
1.5989
1.8300
2.0005
2.1077
2.1494
2.1250
2.0349
1.8807
1.6651
1.3918
1.0648
0.6886
0.2677
0.1000
0.1000
0.1000
0.1000
0.1000
0.1000
0.1000
0.1000
0.1000
0.1000
0.1000
0.1000
0.1000
0.1000
0.1000
0.1000
0.1000
0.1000
0.1000
0.1000
0.1000
0.1000
0.1000
0.1000
0.1000
0.1000
0.1000
0.1000
0.1000
0.1000
0.1000
0.1000
0.1000
0.2283
0.6631
1.0542
1.3971
1.6871
1.9201
2.0921
2.2002
2.2423
2.2177
2.1267
1.9712
1.7539
1.4784
1.1489
0.7700
0.3463
0.1000
0.1000
0.1000
0.1000
0.1000
0.1000
0.1000
0.1000
0.1000
0.1000
0.1000
0.1000
0.1000
0.1000
0.1000
0.1000
0.1000
0.1000
0.1000
0.1000
0.1000
0.1000
0.1000
0.1000
0.1000
0.1000
0.1000
0.1000
0.1000
0.1000
0.1000
0.1000
0.1000
0.2505
0.6860
1.0779
1.4215
1.7123
1.9458
2.1182
2.2266
2.2688
2.2441
2.1529
1.9970
1.7792
1.5030
1.1729
0.7932
0.3686
0.1000
0.1000
0.1000
0.1000
0.1000
0.1000
0.1000
0.1000
0.1000
0.1000
0.1000
0.1000
0.1000
0.1000
0.1000
0.1000
0.1000
0.1000
0.1000
0.1000
0.1000
0.1000
0.1000
0.1000
0.1000
0.1000
0.1000
0.1000
0.1000
0.1000
0.1000
0.1000
0.1000
0.2166
0.6510
1.0417
1.3841
1.6739
1.9065
2.0783
2.1863
2.2284
2.2037
2.1129
1.9576
1.7405
1.4654
1.1363
0.7578
0.3345
0.1000
0.1000
0.1000
0.1000
0.1000
0.1000
0.1000
0.1000
0.1000
0.1000
0.1000
0.1000
0.1000
0.1000
0.1000
0.1000
0.1000
0.1000
0.1000
0.1000
0.1000
0.1000
0.1000
0.1000
0.1000
0.1000
0.1000
0.1000
0.1000
0.1000
0.1000
0.1000
0.1000
0.1272
0.5583
0.9459
1.2855
1.5726
1.8031
1.9732
2.0801
2.1217
2.0974
2.0075
1.8537
1.6387
1.3660
1.0398
0.6643
0.2442
0.1000
0.1000
0.1000
0.1000
0.1000
0.1000
0.1000
0.1000
0.1000
0.1000
0.1000
0.1000
0.1000
0.1000
0.1000
0.1000
0.1000
0.1000
0.1000
0.1000
0.1000
0.1000
0.1000
0.1000
0.1000
0.1000
0.1000
0.1000
0.1000
0.1000
0.1000
0.1000
0.1000
0.1000
0.4095
0.7922
1.1272
1.4102
1.6373
1.8048
1.9100
1.9509
1.9270
1.8385
1.6871
1.4753
1.2066
0.8848
0.5142
0.1000
0.1000
0.1000
0.1000
0.1000
0.1000
0.1000
0.1000
0.1000
0.1000
0.1000
0.1000
0.1000
0.1000
0.1000
0.1000
0.1000
0.1000
0.1000
0.1000
0.1000
0.1000
0.1000
0.1000
0.1000
0.1000
0.1000
0.1000
0.1000
0.1000
0.1000
0.1000
0.1000
0.1000
0.1000
0.2064
0.5826
0.9116
1.1893
1.4119
1.5759
1.6789
1.7190
1.6955
1.6089
1.4607
1.2531
0.9895
0.6736
0.3094
0.1000
0.1000
0.1000
0.1000
0.1000
0.1000
0.1000
0.1000
0.1000
0.1000
0.1000
0.1000
0.1000
0.1000
0.1000
0.1000
0.1000
0.1000
0.1000
0.1000
0.1000
0.1000
0.1000
0.1000
0.1000
0.1000
0.1000
0.1000
0.1000
0.1000
0.1000
0.1000
0.1000
0.1000
0.1000
0.1000
0.3202
0.6419
0.9132
1.1304
1.2904
1.3907
1.4297
1.4069
1.3225
1.1780
0.9755
0.7181
0.4092
0.1000
0.1000
0.1000
0.1000
0.1000
0.1000
0.1000
0.1000
0.1000
0.1000
0.1000
0.1000
0.1000
0.1000
0.1000
0.1000
0.1000
0.1000
0.1000
0.1000
0.1000
0.1000
0.1000
0.1000
0.1000
0.1000
0.1000
0.1000
0.1000
0.1000
0.1000
0.1000
0.1000
0.1000
0.1000
0.1000
0.1000
0.1000
0.3217
0.5857
0.7968
0.9522
1.0496
1.0875
1.0653
0.9834
0.8431
0.6463
0.3958
0.1000
0.1000
0.1000
0.1000
0.1000
0.1000
0.1000
0.1000
0.1000
0.1000
0.1000
0.1000
0.1000
0.1000
0.1000
0.1000
0.1000
0.1000
0.1000
0.1000
0.1000
0.1000
0.1000
0.1000
0.1000
0.1000
0.1000
0.1000
0.1000
0.1000
0.1000
0.1000
0.1000
0.1000
0.1000
0.1000
0.1000
0.1000
0.1000
0.1000
0.2109
0.4155
0.5660
0.6602
0.6968
0.6754
0.5962
0.4603
0.2696
0.1000
0.1000
0.1000
0.1000
0.1000
0.1000
0.1000
0.1000
0.1000
0.1000
0.1000
0.1000
0.1000
0.1000
0.1000
0.1000
0.1000
0.1000
0.1000
0.1000
0.1000
0.1000
0.1000
0.1000
0.1000
0.1000
0.1000
0.1000
0.1000
0.1000
0.1000
0.1000
0.1000
0.1000
0.1000
0.1000
0.1000
0.1000
0.1000
0.1000
0.1000
0.1000
0.1000
0.1361
0.2270
0.2624
0.2417
0.1652
0.1000
0.1000
0.1000
0.1000
0.1000
0.1000
0.1000
0.1000
0.1000
0.1000
0.1000
0.1000
0.1000
0.1000
0.1000
0.1000
0.1000
0.1000
0.1000
0.1000
0.1000
0.1000
0.1000
0.1000
0.1000
0.1000
0.1000
0.1000
0.1000
0.1000
0.1000
0.1000
0.1000
0.1000
0.1000
0.1000
0.1000
0.1000
0.1000
0.1000
0.1000
0.1000
0.1000
0.1000
0.1000
0.1000
0.1000
0.1000
0.1000
0.1000
0.1000
0.1000
0.1000
0.1000
0.1000
0.1000
0.1000
0.1000
0.1000
0.1000
0.1000
0.1000
0.1000
0.1000
0.1000
0.1000
0.1000
0.1000
0.1000
0.1000
0.1000
0.1000
0.1000
0.1000
0.1000
0.1000
0.1000
0.1000
0.1000
0.1000
0.1000
0.1000
0.1000
0.1000
0.1000
0.1000
0.1000
0.1000
0.1000
0.1000
0.1000
0.1000
0.1000
0.1000
0.1000
0.1000
0.1000
0.1000
0.1000
0.1000
0.1000
0.1000
0.1000
0.1000
0.1000
0.1000
0.1000
0.1000
0.1000
0.1000
0.1000
0.1000
0.1000
0.1000
0.1000
0.1000
0.1000
0.1000
0.1000
0.1000
0.1000
0.1000
0.1000
0.1000
0.1000
0.1000
0.1000
0.1000
0.1000
0.1000
0.1000
0.1000
0.1000
0.1000
0.1000
0.1000
0.1000
0.1000
0.1000
0.1000
0.1000
0.1000
0.1000
0.1000
0.1000
0.1000
0.1000
0.1000
0.1000
0.1000
0.1000
0.1000
0.1000
0.1000
0.1000
0.1000
0.1000
0.1000
0.1000
0.1000
0.1000
0.1000
0.1000
0.1000
0.1000
0.1000
0.1000
0.1000
0.1000
0.1000
0.1000
0.1000
0.1000
0.1000
0.1000
0.1000
0.1000
0.1000
0.1000
0.1000
0.1000
0.1000
0.1000
0.1000
0.1000
0.1000
0.1000
0.1000
0.1000
0.1000
0.1000
0.1000
0.1000
0.1000
0.1000
0.1000
0.1000
0.1000
0.1000
0.1000
0.1000
0.1000
0.1000
0.1000
0.1000
0.1000
0.1000
0.1000
0.1000
0.1000
0.1000
0.1000
0.1000
0.1000
0.1000
0.1000
0.1000
0.1000
0.1000
0.1000
0.1000
0.1000
0.1000
0.1000
0.1000
0.1000
0.1000
0.1000
0.1000
0.1000
0.1000
0.1000
0.1000
0.1000
0.1000
0.1000
0.1000
0.1000
0.1000
0.1000
0.1000
0.1000
0.1000
0.1000
0.1000
0.1000
0.1000
0.1000
0.1000
0.1000
0.1000
0.1000
0.1000
0.1000
0.1000
0.1000
0.1000
0.1000
0.1000
0.1000
0.1000
0.1000
0.1000
0.1000
0.1000
0.1000
0.1000
0.1000
0.1000
0.1000
0.1000
0.1000
0.1000
0.1000
0.1000
0.1000
0.1000
0.1000
0.1000
0.1000
0.1000
0.1000
0.1000
0.1000
0.1000
0.1000
0.1000
0.1000
0.1000
0.1000
0.1000
0.1000
0.1000
0.1000
0.1000
0.1000
0.1000
0.1000
0.1000
0.1000
0.1000
0.1000
0.1000
0.1000
0.1000
0.1000
0.1000
0.1000
0.1000
0.1000
0.1000
0.1000
0.1000
0.1000
0.1000
0.1000
0.1000
0.1000
0.1000
0.1000
0.1000
0.1000
0.1000
0.1000
0.1000
0.1000
0.1000
0.1000
0.1000
0.1000
0.1000
0.1000
0.1000
0.1000
0.1000
0.1000
0.1000
0.1000
0.1000
0.1000
0.1000
0.1000
0.1000
0.1000
0.1000
0.1000
0.1000
0.1000
0.1000
0.1000
0.1000
0.1000
0.1000
0.1000
0.1000
0.1000
0.1000
0.1000
0.1000
0.1000
0.1000
0.1000
0.1000
0.1000
0.1000
0.1000
0.1000
0.1000
0.1000
0.1000
0.1000
0.1000
0.1000
0.1000
0.1000
0.1000
0.1000
0.1000
0.1000
0.1000
0.1000
0.1000
0.1000
0.1000
0.1000
0.1000
0.1000
0.1000
0.1000
0.1000
0.1000
0.1000
0.1000
0.1000
0.1000
0.1000
0.1000
0.1000
0.1000
0.1000
0.1000
0.1000
0.1000
0.1000
0.1000
0.1000
0.1000
0.1000
0.1000
0.1000
0.1000
0.1000
0.1000
0.1000
0.1000
0.1000
0.1000
0.1000
0.1000
0.1000
0.1000
0.1000
0.1000
0.1000
0.1000
0.1000
0.1000
0.1000
0.1000
0.1000
0.1000
0.1000
0.1000
0.1000
0.1000
0.1000
0.1000
0.1000
0.1000
0.1000
0.1000
0.1000
0.1000
0.1000
0.1000
0.1000
0.1000
0.1000
0.1000
0.1000
0.1000
0.1000
0.1000
0.1000
0.1000
0.1000
0.1000
0.1000
0.1000
0.1000
0.1000
0.1000
0.1000
0.1000
0.1000
0.1000
0.1000
0.1000
0.1000
0.1000
0.1000
0.1000
0.1000
0.1000
0.1000
0.1000
0.1000
0.1000
0.1000
0.1000
0.1000
0.1000
0.1000
0.1000
0.1000
0.1000
0.1000
0.1000
0.1000
0.1000
0.1000
0.1000
0.1000
0.1000
0.1000
0.1000
0.1000
0.1000
0.1000
0.1000
0.1000
0.1000
0.1000
0.1000
0.1000
0.1000
0.1000
0.1000
0.1000
0.1000
0.1000
0.1000
0.1000
0.1000
0.1000
0.1000
0.1000
0.1000
0.1000
0.1000
0.1000
0.1000
0.1000
0.1000
0.1000
0.1000
0.1000
0.1000
0.1000
0.1000
0.1000
0.1000
0.1000
0.1000
0.1000
0.1000
0.1000
0.1000
0.1000
0.1000
0.1000
0.1000
0.1000
0.1000
0.1000
0.1000
0.1000
0.1000
0.1000
0.1000
0.1000
0.1000
0.1000
0.1000
0.1000
0.1000
0.1000
0.1000
0.1000
0.1000
0.1000
0.1000
0.1000
0.1000
0.1000
0.1000
0.1000
0.1000
0.1000
0.1000
0.1000
0.1000
0.1000
0.1000
0.1000
0.1000
0.1000
0.1000
0.1000
0.1000
0.1000
0.1000
0.1000
0.1000
0.1000
0.1000
0.1000
0.1000
0.1000
0.1000
0.1000
0.1000
0.1000
0.1000
0.1000
0.1000
0.1000
0.1000
0.1000
0.1000
0.1000
0.1000
0.1000
0.1000
0.1000
0.1000
0.1000
0.1000
0.1000
0.1000
0.1000
0.1000
0.1000
0.1000
0.1000
0.1000
0.1000
0.1000
0.1000
0.1000
0.1000
0.1000
0.1000
0.1000
0.1000
0.1000
0.1000
0.1000
0.1000
0.1000
0.1000
0.1000
0.1000
0.1000
0.1000
0.1000
0.1000
0.1000
0.1000
0.1000
0.1000
0.1000
0.1000
0.1000
0.1000
0.1000
0.1000
0.1000
0.1000
0.1000
0.1000
0.1000
0.1000
0.1000
0.1000
0.1000
0.1000
0.1000
0.1000
0.1000
0.1000
0.1000
0.1000
0.1000
0.1000
0.1000
0.1000
0.1000
0.1000
0.1000
0.1000
0.1000
0.1000
0.1000
0.1000
0.1000
0.1000
0.1000
0.1000
0.1000
0.1000
0.1000
0.1000
0.1000
0.1000
0.1000
0.1000
0.1000
0.1000
0.1000
0.1000
0.1000
0.1000
0.1000
0.1000
0.1000
0.1000
0.1000
0.1000
0.1000
0.1000
0.1000
0.1000
0.1000
0.1000
0.1000
0.1000
0.1000
0.1000
0.1000
0.1000
0.1000
0.1000
0.1000
0.1000
0.1000
0.1000
0.1000
0.1000
0.1000
0.1000
0.1000
0.1000
0.1000
0.1000
0.1000
0.1000
0.1000
0.1000
0.1000
0.1000
0.1000
0.1000
0.1000
0.1000
0.1000
0.1000
0.1000
0.1000
0.1000
0.1000
0.1000
0.1000
0.1000
0.1000
0.1000
0.1000
0.1000
0.1000
0.1000
0.1000
0.1000
0.1000
0.1000
0.1000
0.1000
0.1000
0.1000
0.1000
0.1000
0.1000
0.1000
0.1000
0.1000
0.1000
0.1000
0.1000
0.1000
0.1000
0.1000
0.1000
0.1000
0.1000
0.1000
0.1000
0.1000
0.1000
0.1000
0.1000
0.1000
0.1000
0.1000
0.1000
0.1000
0.1000
0.1000
0.1000
0.1000
0.1000
0.1000
0.1000
0.1000
0.1000
0.1000
0.1000
0.1000
0.1000
0.1000
0.1000
0.1000
0.1000
0.1000
0.1000
0.1000
0.1000
0.1000
0.1000
0.1000
0.1000
0.1000
0.1000
0.1000
0.1000
0.1000
0.1000
0.1000
0.1000
0.1000
0.1000
0.1000
0.1000
0.1000
0.1000
0.1000
0.1000
0.1000
0.1000
0.1000
0.1000
0.1000
0.1000
0.1000
0.1000
0.1000
0.1000
0.1000
0.1000
0.1000
0.1000
0.1000
0.1000
0.1000
0.1000
0.1000
0.1000
0.1000
0.1000
0.1000
0.1000
0.1000
0.1000
0.1000
0.1000
0.1000
0.1000
0.1000
0.1000
0.1000
0.1000
0.1000
0.1000
0.1000
0.1000
0.1000
0.1000
0.1000
0.1000
0.1000
0.1000
0.1000
0.1000
0.1000
0.1000
0.1000
0.1000
0.1000
0.1000
0.1000
0.1000
0.1000
0.1000
0.1000
0.1000
0.1000
0.1000
0.1000
0.1000
0.1000
0.1000
0.1000
0.1000
0.1000
0.1000
0.1000
0.1000
0.1000
0.1000
0.1000
0.1000
0.1000
0.1000
0.1000
0.1000
0.1000
0.1000
0.1000
0.1000
0.1000
0.1000
0.1000
0.1000
0.1000
0.1000
0.1000
0.1000
0.1000
0.1000
0.1000
0.1000
0.1000
0.1000
0.1000
0.1000
0.1000
0.1000
0.1000
0.1000
0.1000
0.1000
0.1000
0.1000
0.1000
0.1000
0.1000
0.1000
0.1000
0.1000
0.1000
0.1000
0.1000
0.1000
0.1000
0.1000
0.1000
0.1000
0.1000
0.1000
0.1000
0.1000
0.1000
0.1000
0.1000
0.1000
0.1000
0.1000
0.1000
0.1000
0.1000
0.1000
0.1000
0.1000
0.1000
0.1000
0.1000
0.1000
0.1000
0.1000
0.1000
0.1000
0.1000
0.1000
0.1000
0.1000
0.1000
0.1000
0.1000
0.1000
0.1000
0.1000
0.1000
0.1000
0.1000
0.1000
0.1000
0.1000
0.1000
0.1000
0.1000
0.1000
0.1000
0.1000
0.1000
0.1000
0.1000
0.1000
0.1000
0.1000
0.1000
0.1000
0.1000
0.1000
0.1000
0.1000
0.1000
0.1000
0.1000
0.1000
0.1000
0.1000
0.1000
0.1000
0.1000
0.1000
0.1000
0.1000
0.1000
0.1000
0.1000
0.1000
0.1000
0.1000
0.1000
0.1000
0.1000
0.1000
0.1000
0.1000
0.1000
0.1000
0.1000
0.1000
0.1000
0.1000
0.1000
0.1000
0.1000
0.1000
0.1000
0.1000
0.1000
0.1000
0.1000
0.1000
0.1000
0.1000
0.1000
0.1000
0.1000
0.1000
0.1000
0.1000
0.1000
0.1000
0.1000
0.1000
0.1000
0.1000
0.1000
0.1000
0.1000
0.1000
0.1000
0.1000
0.1000
0.1000
0.1000
0.1000
0.1000
0.1000
0.1000
0.1000
0.1000
0.1000
0.1000
0.1000
0.1000
0.1000
0.1000
0.1000
0.1000
0.1000
0.1000
0.1000
0.1000
0.1000
0.1000
0.1000
0.1000
0.1000
0.1000
0.1000
0.1000
0.1000
0.1000
0.1000
0.1000
0.1000
0.1000
0.1000
0.1000
0.1000
0.1000
0.1000
0.1000
0.1000
0.1000
0.1000
0.1000
0.1000
0.1000
0.1000
0.1000
0.1000
0.1000
0.1000
0.1000
0.1000
0.1000
0.1000
0.1000
0.1000
0.1000
0.1000
0.1000
0.1000
0.1000
0.1000
0.1000
0.1000
0.1000
0.1000
0.1000
0.1000
0.1000
0.1000
0.1000
0.1000
0.1000
0.1000
0.1000
0.1000
0.1000
0.1000
0.1000
0.1000
0.1000
0.1000
0.1000
0.1000
0.1000
0.1000
0.1000
0.1000
0.1000
0.1000
0.1000
0.1000
0.1000
0.1000
0.1000
0.1000
0.1000
0.1000
0.1000
0.1000
0.1000
0.1000
0.1000
0.1000
0.1000
0.1000
0.1000
0.1000
0.1000
0.1000
0.1000
0.1000
0.1000
0.1000
0.1000
0.1000
0.1000
0.1000
0.1000
0.1000
0.1000
0.1000
0.1000
0.1000
0.1000
0.1000
0.1000
0.1000
0.1000
0.1000
0.1000
0.1000
0.1000
0.1000
0.1000
0.1000
0.1000
0.1000
0.1000
0.1000
0.1000
0.1000
0.1000
0.1000
0.1000
0.1000
0.1000
0.1000
0.1000
0.1000
0.1000
0.1000
0.1000
0.1000
0.1000
0.1000
0.1000
0.1000
0.1000
0.1000
0.1000
0.1000
0.1000
0.1000
0.1000
0.1000
0.1000
0.1000
0.1000
0.1000
0.1000
0.1000
0.1000
0.1000
0.1000
0.1000
0.1000
0.1000
0.1000
0.1000
0.1000
0.1000
0.1000
0.1000
0.1000
0.1000
0.1000
0.1000
0.1000
0.1000
0.1000
0.1000
0.1000
0.1000
0.1000
0.1000
0.1000
0.1000
0.1000
0.1000
0.1000
0.1000
0.1000
0.1000
0.1000
0.1000
0.1000
0.1000
0.1000
0.1000
0.1000
0.1000
0.1000
0.1000
0.1000
0.1000
0.1000
0.1000
0.1000
0.1000
0.1000
0.1000
0.1000
0.1000
0.1000
0.1000
0.1000
0.1000
0.1000
0.1000
0.1000
0.1000
0.1000
0.1000
0.1000
0.1000
0.1000
0.1000
0.1000
0.1000
0.1000
0.1000
0.1000
0.1000
0.1000
0.1000
0.1000
0.1000
0.1000
0.1000
0.1000
0.1000
0.1000
0.1000
0.1000
0.1000
0.1000
0.1000
0.1000
0.1000
0.1000
0.1000
0.1000
0.1000
0.1000
0.1000
0.1000
0.1000
0.1000
0.1000
0.1000
0.1000
0.1000
0.1000
0.1000
0.1000
0.1000
0.1000
0.1000
0.1000
0.1000
0.1000
0.1000
0.1000
0.1000
0.1000
0.1000
0.1000
0.1000
0.1000
0.1000
0.1000
0.1000
0.1000
0.1000
0.1000
0.1000
0.1000
0.1000
0.1000
0.1000
0.1000
0.1000
0.1000
0.1000
0.1000
0.1000
0.1000
0.1000
0.1000
0.1000
0.1000
0.1000
0.1000
0.1000
0.1000
0.1000
0.1000
0.1000
0.1000
0.1000
0.1000
0.1000
0.1000
0.1000
0.1000
0.1000
0.1000
0.1000
0.1000
0.1000
0.1000
0.1000
0.1000
0.1000
0.1000
0.1000
0.1000
0.1000
0.1000
0.1000
0.1000
0.1000
0.1000
0.1000
0.1000
0.1000
0.1000
0.1000
0.1000
0.1000
0.1000
0.1000
0.1000
0.1000
0.1000
0.1000
0.1000
0.1000
0.1000
0.1000
0.1000
0.1000
0.1000
0.1000
0.1000
0.1000
0.1000
0.1000
0.1000
0.1000
0.1000
0.1000
0.1000
0.1000
0.1000
0.1000
0.1000
0.1000
0.1000
0.1000
0.1000
0.1000
0.1000
0.1000
0.1000
0.1000
0.1000
0.1000
0.1000
0.1000
0.1000
0.1000
0.1000
0.1000
0.1000
0.1000
0.1000
0.1000
0.1000
0.1000
0.1000
0.1000
0.1000
0.1000
0.1000
0.1000
0.1000
0.1000
0.1000
0.1000
0.1000
0.1000
0.1000
0.1000
0.1000
0.1000
0.1000
0.1000
0.1000
0.1000
0.1000
0.1000
0.1000
0.1000
0.1000
0.1000
0.1000
0.1000
0.1000
0.1000
0.1000
0.1000
0.1000
0.1000
0.1000
0.1000
0.1000
0.1000
0.1000
0.1000
0.1000
0.1000
0.1000
0.1000
0.1000
0.1000
0.1000
0.1000
0.1000
0.1000
0.1000
0.1000
0.1000
0.1000
0.1000
0.1000
0.1000
0.1000
0.1000
0.1000
0.1000
0.1000
0.1000
0.1000
0.1000
0.1000
0.1000
0.1000
0.1000
0.1000
0.1000
0.1000
0.1000
0.1000
0.1000
0.1000
0.1000
0.1000
0.1000
0.1000
0.1000
0.1000
0.1000
0.1000
0.1000
0.1000
0.1000
0.1000
0.1000
0.1000
0.1000
0.1000
0.1000
0.1000
0.1000
0.1000
0.1000
0.1000
0.1000
0.1000
0.1000
0.1000
0.1000
0.1000
0.1000
0.1000
0.1000
0.1000
0.1000
0.1000
0.1000
0.1000
0.1000
0.1000
0.1000
0.1000
0.1000
0.1000
0.1000
0.1000
0.1000
0.1000
0.1000
0.1000
0.1000
0.1000
0.1000
0.1000
0.1000
0.1000
0.1000
0.1000
0.1000
0.1000
0.1000
0.1000
0.1000
0.1000
0.1000
0.1000
0.1000
0.1000
0.1000
0.1000
0.1000
0.1000
0.1000
0.1000
0.1000
0.1000
0.1000
0.1000
0.1000
0.1000
0.1000
0.1000
0.1000
0.1000
0.1000
0.1000
0.1000
0.1000
0.1000
0.1000
0.1000
0.1000
0.1000
0.1000
0.1000
0.1000
0.1000
0.1000
0.1000
0.1000
0.1000
0.1000
0.1000
0.1000
0.1000
0.1016
0.1923
0.2276
0.2070
0.1307
0.1000
0.1000
0.1000
0.1000
0.1000
0.1000
0.1000
0.1000
0.1000
0.1000
0.1000
0.1000
0.1000
0.1000
0.1000
0.1000
0.1000
0.1000
0.1000
0.1000
0.1000
0.1000
0.1000
0.1000
0.1000
0.1000
0.1000
0.1000
0.1000
0.1000
0.1000
0.1000
0.1000
0.1000
0.1000
0.1000
0.1000
0.1000
0.1000
0.1000
0.1000
0.1000
0.1000
0.2204
0.4252
0.5758
0.6701
0.7068
0.6853
0.6060
0.4700
0.2792
0.1000
0.1000
0.1000
0.1000
0.1000
0.1000
0.1000
0.1000
0.1000
0.1000
0.1000
0.1000
0.1000
0.1000
0.1000
0.1000
0.1000
0.1000
0.1000
0.1000
0.1000
0.1000
0.1000
0.1000
0.1000
0.1000
0.1000
0.1000
0.1000
0.1000
0.1000
0.1000
0.1000
0.1000
0.1000
0.1000
0.1000
0.1000
0.1000
0.1000
0.3760
0.6412
0.8534
1.0095
1.1074
1.1455
1.1232
1.0409
0.8998
0.7021
0.4505
0.1482
0.1000
0.1000
0.1000
0.1000
0.1000
0.1000
0.1000
0.1000
0.1000
0.1000
0.1000
0.1000
0.1000
0.1000
0.1000
0.1000
0.1000
0.1000
0.1000
0.1000
0.1000
0.1000
0.1000
0.1000
0.1000
0.1000
0.1000
0.1000
0.1000
0.1000
0.1000
0.1000
0.1000
0.1000
0.1000
0.1000
0.1000
0.4194
0.7438
1.0175
1.2367
1.3982
1.4995
1.5389
1.5158
1.4306
1.2847
1.0803
0.8206
0.5091
0.1497
0.1000
0.1000
0.1000
0.1000
0.1000
0.1000
0.1000
0.1000
0.1000
0.1000
0.1000
0.1000
0.1000
0.1000
0.1000
0.1000
0.1000
0.1000
0.1000
0.1000
0.1000
0.1000
0.1000
0.1000
0.1000
0.1000
0.1000
0.1000
0.1000
0.1000
0.1000
0.1000
0.1000
0.1000
0.1000
0.3493
0.7301
1.0633
1.3447
1.5704
1.7369
1.8414
1.8821
1.8583
1.7704
1.6199
1.4094
1.1422
0.8222
0.4535
0.1000
0.1000
0.1000
0.1000
0.1000
0.1000
0.1000
0.1000
0.1000
0.1000
0.1000
0.1000
0.1000
0.1000
0.1000
0.1000
0.1000
0.1000
0.1000
0.1000
0.1000
0.1000
0.1000
0.1000
0.1000
0.1000
0.1000
0.1000
0.1000
0.1000
0.1000
0.1000
0.1000
0.1000
0.1678
0.6003
0.9893
1.3302
1.6185
1.8500
2.0209
2.1282
2.1701
2.1456
2.0553
1.9008
1.6849
1.4111
1.0835
0.7067
0.2851
0.1000
0.1000
0.1000
0.1000
0.1000
0.1000
0.1000
0.1000
0.1000
0.1000
0.1000
0.1000
0.1000
0.1000
0.1000
0.1000
0.1000
0.1000
0.1000
0.1000
0.1000
0.1000
0.1000
0.1000
0.1000
0.1000
0.1000
0.1000
0.1000
0.1000
0.1000
0.1000
0.1000
0.3584
0.7979
1.1937
1.5409
1.8348
2.0710
2.2456
2.3553
2.3981
2.3730
2.2807
2.1229
1.9025
1.6233
1.2896
0.9061
0.4776
0.1000
0.1000
0.1000
0.1000
0.1000
0.1000
0.1000
0.1000
0.1000
0.1000
0.1000
0.1000
0.1000
0.1000
0.1000
0.1000
0.1000
0.1000
0.1000
0.1000
0.1000
0.1000
0.1000
0.1000
0.1000
0.1000
0.1000
0.1000
0.1000
0.1000
0.1000
0.1000
0.1000
0.4946
0.9393
1.3400
1.6919
1.9901
2.2298
2.4071
2.5186
2.5621
2.5366
2.4428
2.2825
2.0588
1.7755
1.4372
1.0488
0.6152
0.1410
0.1000
0.1000
0.1000
0.1000
0.1000
0.1000
0.1000
0.1000
0.1000
0.1000
0.1000
0.1000
0.1000
0.1000
0.1000
0.1000
0.1000
0.1000
0.1000
0.1000
0.1000
0.1000
0.1000
0.1000
0.1000
0.1000
0.1000
0.1000
0.1000
0.1000
0.1000
0.1000
0.5747
1.0225
1.4262
1.7809
2.0816
2.3235
2.5024
2.6149
2.6588
2.6332
2.5385
2.3766
2.1509
1.8651
1.5241
1.1328
0.6961
0.2188
0.1000
0.1000
0.1000
0.1000
0.1000
0.1000
0.1000
0.1000
0.1000
0.1000
0.1000
0.1000
0.1000
0.1000
0.1000
0.1000
0.1000
0.1000
0.1000
0.1000
0.1000
0.1000
0.1000
0.1000
0.1000
0.1000
0.1000
0.1000
0.1000
0.1000
0.1000
0.1095
0.5975
1.0462
1.4507
1.8062
2.1076
2.3502
2.5296
2.6424
2.6864
2.6607
2.5657
2.4035
2.1771
1.8907
1.5489
1.1567
0.7191
0.2410
0.1000
0.1000
0.1000
0.1000
0.1000
0.1000
0.1000
0.1000
0.1000
0.1000
0.1000
0.1000
0.1000
0.1000
0.1000
0.1000
0.1000
0.1000
0.1000
0.1000
0.1000
0.1000
0.1000
0.1000
0.1000
0.1000
0.1000
0.1000
0.1000
0.1000
0.1000
0.1000
0.5627
1.0100
1.4132
1.7675
2.0678
2.3094
2.4881
2.6004
2.6443
2.6186
2.5241
2.3625
2.1370
1.8516
1.5111
1.1202
0.6839
0.2071
0.1000
0.1000
0.1000
0.1000
0.1000
0.1000
0.1000
0.1000
0.1000
0.1000
0.1000
0.1000
0.1000
0.1000
0.1000
0.1000
0.1000
0.1000
0.1000
0.1000
0.1000
0.1000
0.1000
0.1000
0.1000
0.1000
0.1000
0.1000
0.1000
0.1000
0.1000
0.1000
0.4707
0.9145
1.3143
1.6654
1.9628
2.2019
2.3787
2.4899
2.5332
2.5079
2.4143
2.2545
2.0313
1.7487
1.4113
1.0238
0.5910
0.1178
0.1000
0.1000
0.1000
0.1000
0.1000
0.1000
0.1000
0.1000
0.1000
0.1000
0.1000
0.1000
0.1000
0.1000
0.1000
0.1000
0.1000
0.1000
0.1000
0.1000
0.1000
0.1000
0.1000
0.1000
0.1000
0.1000
0.1000
0.1000
0.1000
0.1000
0.1000
0.1000
0.3229
0.7612
1.1556
1.5016
1.7945
2.0298
2.2037
2.3130
2.3556
2.3306
2.2387
2.0815
1.8620
1.5837
1.2512
0.8690
0.4418
0.1000
0.1000
0.1000
0.1000
0.1000
0.1000
0.1000
0.1000
0.1000
0.1000
0.1000
0.1000
0.1000
0.1000
0.1000
0.1000
0.1000
0.1000
0.1000
0.1000
0.1000
0.1000
0.1000
0.1000
0.1000
0.1000
0.1000
0.1000
0.1000
0.1000
0.1000
0.1000
0.1000
0.1213
0.5522
0.9395
1.2789
1.5659
1.7962
1.9662
2.0730
2.1146
2.0903
2.0005
1.8468
1.6319
1.3594
1.0333
0.6581
0.2382
0.1000
0.1000
0.1000
0.1000
0.1000
0.1000
0.1000
0.1000
0.1000
0.1000
0.1000
0.1000
0.1000
0.1000
0.1000
0.1000
0.1000
0.1000
0.1000
0.1000
0.1000
0.1000
0.1000
0.1000
0.1000
0.1000
0.1000
0.1000
0.1000
0.1000
0.1000
0.1000
0.1000
0.1000
0.2904
0.6692
1.0007
1.2805
1.5049
1.6704
1.7743
1.8147
1.7911
1.7037
1.5541
1.3449
1.0792
0.7609
0.3940
0.1000
0.1000
0.1000
0.1000
0.1000
0.1000
0.1000
0.1000
0.1000
0.1000
0.1000
0.1000
0.1000
0.1000
0.1000
0.1000
0.1000
0.1000
0.1000
0.1000
0.1000
0.1000
0.1000
0.1000
0.1000
0.1000
0.1000
0.1000
0.1000
0.1000
0.1000
0.1000
0.1000
0.1000
0.1000
0.1000
0.3482
0.6707
0.9427
1.1604
1.3209
1.4215
1.4606
1.4377
1.3531
1.2082
1.0052
0.7471
0.4375
0.1000
0.1000
0.1000
0.1000
0.1000
0.1000
0.1000
0.1000
0.1000
0.1000
0.1000
0.1000
0.1000
0.1000
0.1000
0.1000
0.1000
0.1000
0.1000
0.1000
0.1000
0.1000
0.1000
0.1000
0.1000
0.1000
0.1000
0.1000
0.1000
0.1000
0.1000
0.1000
0.1000
0.1000
0.1000
0.1000
0.1000
0.1000
0.2933
0.5567
0.7674
0.9224
1.0195
1.0573
1.0352
0.9535
0.8135
0.6172
0.3673
0.1000
0.1000
0.1000
0.1000
0.1000
0.1000
0.1000
0.1000
0.1000
0.1000
0.1000
0.1000
0.1000
0.1000
0.1000
0.1000
0.1000
0.1000
0.1000
0.1000
0.1000
0.1000
0.1000
0.1000
0.1000
0.1000
0.1000
0.1000
0.1000
0.1000
0.1000
0.1000
0.1000
0.1000
0.1000
0.1000
0.1000
0.1000
0.1000
0.1000
0.1272
0.3304
0.4798
0.5733
0.6097
0.5884
0.5098
0.3749
0.1855
0.1000
0.1000
0.1000
0.1000
0.1000
0.1000
0.1000
0.1000
0.1000
0.1000
0.1000
0.1000
0.1000
0.1000
0.1000
0.1000
0.1000
0.1000
0.1000
0.1000
0.1000
0.1000
0.1000
0.1000
0.1000
0.1000
0.1000
0.1000
0.1000
0.1000
0.1000
0.1000
0.1000
0.1000
0.1000
0.1000
0.1000
0.1000
0.1000
0.1000
0.1000
0.1000
0.1000
0.1000
0.1000
0.1227
0.1023
0.1000
0.1000
0.1000
0.1000
0.1000
0.1000
0.1000
0.1000
0.1000
0.1000
0.1000
0.1000
0.1000
0.1000
0.1000
0.1000
0.1000
0.1000
0.1000
0.1000
0.1000
0.1000
0.1000
0.1000
0.1000
0.1000
0.1000
0.1000
0.1000
0.1000
0.1000
0.1000
0.1000
0.1000
0.1000
0.1000
0.1000
0.1000
0.1000
0.1000
0.1000
0.1000
0.1000
0.1000
0.1000
0.1000
0.1000
0.1000
0.1000
0.1000
0.1000
0.1000
0.1000
0.1000
0.1000
0.1000
0.1000
0.1000
0.1000
0.1000
0.1000
0.1000
0.1000
0.1000
0.1000
0.1000
0.1000
0.1000
0.1000
0.1000
0.1000
0.1000
0.1000
0.1000
0.1000
0.1000
0.1000
0.1000
0.1000
0.1000
0.1000
0.1000
0.1000
0.1000
0.1000
0.1000
0.1000
0.1000
0.1000
0.1000
0.1000
0.1000
0.1000
0.1000
0.1000
0.1000
0.1000
0.1000
0.1000
0.1000
0.1000
0.1000
0.1000
0.1000
0.1000
0.1000
0.1000
0.1000
0.1000
0.1000
0.1000
0.1000
0.1000
0.1000
0.1000
0.1000
0.1000
0.1000
0.1000
0.1000
0.1000
0.1000
0.1000
0.1000
0.1000
0.1000
0.1000
0.1000
0.1000
0.1000
0.1000
0.1000
0.1000
0.1000
0.1000
0.1000
0.1000
0.1000
0.1000
0.1000
0.1000
0.1000
0.1000
0.1000
0.1000
0.1000
0.1000
0.1000
0.1000
0.1000
0.1000
0.1000
0.1000
0.1000
0.1000
0.1000
0.1000
0.1000
0.1000
0.1000
0.1000
0.1000
0.1000
0.1000
0.1000
0.1000
0.1000
0.1000
0.1000
0.1000
0.1000
0.1000
0.1000
0.1000
0.1000
0.1000
0.1000
0.1000
0.1000
0.1000
0.1000
0.1000
0.1000
0.1000
0.1000
0.1000
0.1000
0.1000
0.1000
0.1000
0.1000
0.1000
0.1000
0.1000
0.1000
0.1000
0.1000
0.1000
0.1000
0.1000
0.1000
0.1000
0.1000
0.1000
0.1000
0.1000
0.1000
0.1000
0.1000
0.1000
0.1000
0.1000
0.1000
0.1000
0.1000
0.1000
0.1000
0.1000
0.1000
0.1000
0.1000
0.1000
0.1000
0.1000
0.1000
0.1000
0.1000
0.1000
0.1000
0.1000
0.1000
0.1000
0.1000
0.1000
0.1000
0.1000
0.1000
0.1000
0.1000
0.1000
0.1000
0.1000
0.1000
0.1000
0.1000
0.1000
0.1000
0.1000
0.1000
0.1000
0.1000
0.1000
0.1000
0.1000
0.1000
0.1000
0.1000
0.1000
0.1000
0.1000
0.1000
0.1000
0.1000
0.1000
0.1000
0.1000
0.1000
0.1000
0.1000
0.1000
0.1000
0.1000
0.1000
0.1000
0.1000
0.1000
0.1000
0.1000
0.1000
0.1000
0.1000
0.1000
0.1000
0.1000
0.1000
0.1000
0.1000
0.1000
0.1000
0.1000
0.1000
0.1000
0.1000
0.1000
0.1000
0.1000
0.1000
0.1000
0.1000
0.1000
0.1000
0.1000
0.1000
0.1000
0.1000
0.1000
0.1000
0.1000
0.1000
0.1000
0.1000
0.1000
0.1000
0.1000
0.1000
0.1000
0.1000
0.1000
0.1000
0.1000
0.1000
0.1000
0.1000
0.1000
0.1000
0.1000
0.1000
0.1000
0.1000
0.1000
0.1000
0.1000
0.1000
0.1000
0.1000
0.1000
0.1000
0.1000
0.1000
0.1000
0.1000
0.1000
0.1000
0.1000
0.1000
0.1000
0.1000
0.1000
0.1000
0.1000
0.1000
0.1000
0.1000
0.1000
0.1000
0.1000
0.1000
0.1000
0.1000
0.1000
0.1000
0.1000
0.1000
0.1000
0.1000
0.1000
0.1000
0.1000
0.1000
0.1000
0.1000
0.1000
0.1000
0.1000
0.1000
0.1000
0.1000
0.1000
0.1000
0.1000
0.1000
0.1000
0.1000
0.1000
0.1000
0.1000
0.1000
0.1000
0.1000
0.1000
0.1000
0.1000
0.1000
0.1000
0.1000
0.1000
0.1000
0.1000
0.1000
0.1000
0.1000
0.1000
0.1000
0.1000
0.1000
0.1000
0.1000
0.1000
0.1000
0.1000
0.1000
0.1000
0.1000
0.1000
0.1000
0.1000
0.1000
0.1000
0.1000
0.1000
0.1000
0.1000
0.1000
0.1000
0.1000
0.1000
0.1000
0.1000
0.1000
0.1000
0.1000
0.1000
0.1000
0.1000
0.1000
0.1000
0.1000
0.1000
0.1000
0.1000
0.1000
0.1000
0.1000
0.1000
0.1000
0.1000
0.1000
0.1000
0.1000
0.1000
0.1000
0.1000
0.1000
0.1000
0.1000
0.1000
0.1000
0.1000
0.1000
0.1000
0.1000
0.1000
0.1000
0.1000
0.1000
0.1000
0.1000
0.1000
0.1000
0.1000
0.1000
0.1000
0.1000
0.1000
0.1000
0.1000
0.1000
0.1000
0.1000
0.1000
0.1000
0.1000
0.1000
0.1000
0.1000
0.1000
0.1000
0.1000
0.1000
0.1000
0.1000
0.1000
0.1000
0.1000
0.1000
0.1000
0.1000
0.1000
0.1000
0.1000
0.1000
0.1000
0.1000
0.1000
0.1000
0.1000
0.1000
0.1000
0.1000
0.1000
0.1000
0.1000
0.1000
0.1000
0.1000
0.1000
0.1000
0.1000
0.1000
0.1000
0.1000
0.1000
0.1000
0.1000
0.1000
0.1000
0.1000
0.1000
0.1000
0.1000
0.1000
0.1000
0.1000
0.1000
0.1000
0.1000
0.1000
0.1000
0.1000
0.1000
0.1000
0.1000
0.1000
0.1000
0.1000
0.1000
0.1000
0.1000
0.1000
0.1000
0.1000
0.1000
0.1000
0.1000
0.1000
0.1000
0.1000
0.1000
0.1000
0.1000
0.1000
0.1000
0.1000
0.1000
0.1000
0.1000
0.1000
0.1000
0.1000
0.1000
0.1000
0.1000
0.1000
0.1000
0.1000
0.1000
0.1000
0.1000
0.1000
0.1000
0.1000
0.1000
0.1000
0.1000
0.1000
0.1000
0.1000
0.1000
0.1000
0.1000
0.1000
0.1000
0.1000
0.1000
0.1000
0.1000
0.1000
0.1000
0.1000
0.1000
0.1000
0.1000
0.1000
0.1000
0.1000
0.1000
0.1000
0.1000
0.1000
0.1000
0.1000
0.1000
0.1000
0.1000
0.1000
0.1000
0.1000
0.1000
0.1000
0.1000
0.1000
0.1000
0.1000
0.1000
0.1000
0.1000
0.1000
0.1000
0.1000
0.1000
0.1000
0.1000
0.1000
0.1000
0.1000
0.1000
0.1000
0.1000
0.1000
0.1000
0.1000
0.1000
0.1000
0.1000
0.1000
0.1000
0.1000
0.1000
0.1000
0.1000
0.1000
0.1000
0.1000
0.1000
0.1000
0.1000
0.1000
0.1000
0.1000
0.1000
0.1000
0.1000
0.1000
0.1000
0.1000
0.1000
0.1000
0.1000
0.1000
0.1000
0.1000
0.1000
0.1000
0.1000
0.1000
0.1000
0.1000
0.1000
0.1000
0.1000
0.1000
0.1000
0.1000
0.1000
0.1000
0.1000
0.1000
0.1000
0.1000
0.1000
0.1000
0.1000
0.1000
0.1000
0.1000
0.1000
0.1000
0.1000
0.1000
0.1000
0.1000
0.1000
0.1000
0.1000
0.1000
0.1000
0.1000
0.1000
0.1000
0.1000
0.1000
0.1000
0.1000
0.1000
0.1000
0.1000
0.1000
0.1000
0.1000
0.1000
0.1000
0.1000
0.1000
0.1000
0.1000
0.1000
0.1000
0.1000
0.1000
0.1000
0.1000
0.1000
0.1000
0.1000
0.1000
0.1000
0.1000
0.1000
0.1000
0.1000
0.1000
0.1000
0.1000
0.1000
0.1000
0.1000
0.1000
0.1000
0.1000
0.1000
0.1000
0.1000
0.1000
0.1000
0.1000
0.1000
0.1000
0.1000
0.1000
0.1000
0.1000
0.1000
0.1000
0.1000
0.1000
0.1000
0.1000
0.1000
0.1000
0.1000
0.1000
0.1000
0.1000
0.1000
0.1000
0.1000
0.1000
0.1000
0.1000
0.1000
0.1000
0.1000
0.1000
0.1000
0.1000
0.1000
0.1000
0.1000
0.1000
0.1000
0.1000
0.1000
0.1000
0.1000
0.1000
0.1000
0.1000
0.1000
0.1000
0.1000
0.1000
0.1000
0.1000
0.1000
0.1000
0.1000
0.1000
0.1000
0.1000
0.1000
0.1000
0.1000
0.1000
0.1000
0.1000
0.1000
0.1000
0.1000
0.1000
0.1000
0.1000
0.1000
0.1000
0.1000
0.1000
0.1000
0.1000
0.1000
0.1000
0.1000
0.1000
0.1000
0.1000
0.1000
0.1000
0.1000
0.1000
0.1000
0.1000
0.1000
0.1000
0.1000
0.1000
0.1000
0.1000
0.1000
0.1000
0.1000
0.1000
0.1000
0.1000
0.1000
0.1000
0.1000
0.1000
0.1000
0.1000
0.1000
0.1000
0.1000
0.1000
0.1000
0.1000
0.1000
0.1000
0.1000
0.1000
0.1000
0.1000
0.1000
0.1000
0.1000
0.1000
0.1000
0.1000
0.1000
0.1000
0.1000
0.1000
0.1000
0.1000
0.1000
0.1000
0.1000
0.1000
0.1000
0.1000
0.1000
0.1000
0.1000
0.1000
0.1000
0.1000
0.1000
0.1000
0.1000
0.1000
0.1000
0.1000
0.1000
0.1000
0.1000
0.1000
0.1000
0.1000
0.1000
0.1000
0.1000
0.1000
0.1000
0.1000
0.1000
0.1000
0.1000
0.1000
0.1000
0.1000
0.1000
0.1000
0.1000
0.1000
0.1000
0.1000
0.1000
0.1000
0.1000
0.1000
0.1000
0.1000
0.1000
0.1000
0.1000
0.1000
0.1000
0.1000
0.1000
0.1000
0.1000
0.1000
0.1000
0.1000
0.1000
0.1000
0.1000
0.1000
0.1000
0.1000
0.1000
0.1000
0.1000
0.1000
0.1000
0.1000
0.1000
0.1000
0.1000
0.1000
0.1000
0.1000
0.1000
0.1000
0.1000
0.1000
0.1000
0.1000
0.1000
0.1000
0.1000
0.1000
0.1000
0.1000
0.1000
0.1000
0.1000
0.1000
0.1000
0.1000
0.1000
0.1000
0.1000
0.1000
0.1000
0.1000
0.1000
0.1000
0.1000
0.1000
0.1000
0.1000
0.1000
0.1000
0.1000
0.1000
0.1000
0.1000
0.1000
0.1000
0.1000
0.1000
0.1000
0.1000
0.1000
0.1000
0.1000
0.1000
0.1000
0.1000
0.1000
0.1000
0.1000
0.1000
0.1000
0.1000
0.1000
0.1000
0.1000
0.1000
0.1000
0.1000
0.1000
0.1000
0.1000
0.1000
0.1000
0.1000
0.1000
0.1000
0.1000
0.1000
0.1000
0.1000
0.1000
0.1000
0.1000
0.1000
0.1000
0.1000
0.1000
0.1000
0.1000
0.1000
0.1000
0.1000
0.1000
0.1000
0.1000
0.1000
0.1000
0.1000
0.1000
0.1000
0.1000
0.1000
0.1000
0.1000
0.1000
0.1000
0.1000
0.1000
0.1000
0.1000
0.1000
0.1000
0.1000
0.1000
0.1000
0.1000
0.1000
0.1000
0.1000
0.1000
0.1000
0.1000
0.1000
0.1000
0.1000
0.1000
0.1000
0.1000
0.1000
0.1000
0.1000
0.1000
0.1000
0.1000
0.1000
0.1000
0.1000
0.1000
0.1000
0.1000
0.1000
0.1000
0.1000
0.1000
0.1000
0.1000
0.1000
0.1000
0.1000
0.1000
0.1000
0.1000
0.1000
0.1000
0.1000
0.1000
0.1000
0.1000
0.1000
0.1000
0.1000
0.1000
0.1000
0.1000
0.1000
0.1000
0.1000
0.1000
0.1000
0.1000
0.1000
0.1000
0.1000
0.1000
0.1000
0.1000
0.1000
0.1000
0.1000
0.1000
0.1000
0.1000
0.1000
0.1000
0.1000
0.1000
0.1000
0.1000
0.1000
0.1000
0.1000
0.1000
0.1000
0.1000
0.1000
0.1000
0.1000
0.1000
0.1000
0.1000
0.1000
0.1000
0.1000
0.1000
0.1000
0.1000
0.1000
0.1000
0.1000
0.1000
0.1000
0.1000
0.1000
0.1000
0.1000
0.1000
0.1000
0.1000
0.1000
0.1000
0.1000
0.1000
0.1000
0.1000
0.1000
0.1000
0.1000
0.1000
0.1000
0.1000
0.1000
0.1000
0.1000
0.1000
0.1000
0.1000
0.1000
0.1000
0.1000
0.1000
0.1000
0.1000
0.1000
0.1000
0.1000
0.1000
0.1000
0.1000
0.1000
0.1000
0.1000
0.1000
0.1000
0.1000
0.1000
0.1000
0.1000
0.1000
0.1000
0.1000
0.1000
0.1000
0.1000
0.1000
0.1000
0.1000
0.1000
0.1000
0.1000
0.1000
0.1000
0.1000
0.1000
0.1000
0.1000
0.1000
0.1000
0.1000
0.1000
0.1000
0.1000
0.1000
0.1000
0.1000
0.1000
0.1000
0.1000
0.1000
0.1000
0.1000
0.1000
0.1000
0.1000
0.1000
0.1000
0.1000
0.1000
0.1000
0.1000
0.1000
0.1000
0.1000
0.1000
0.1000
0.1000
0.1000
0.1000
0.1000
0.1000
0.1000
0.1000
0.1000
0.1000
0.1000
0.1000
0.1000
0.1000
0.1000
0.1000
0.1000
0.1000
0.1000
0.1000
0.1000
0.1000
0.1000
0.1000
0.1000
0.1000
0.1000
0.1000
0.1000
0.1000
0.1000
0.1000
0.1000
0.1000
0.1000
0.1000
0.1000
0.1000
0.1000
0.1000
0.1000
0.1000
0.1000
0.1000
0.1000
0.1000
0.1000
0.1000
0.1000
0.1000
0.1000
0.1000
0.1000
0.1000
0.1000
0.1000
0.1000
0.1000
0.1000
0.1000
0.1000
0.1000
0.1000
0.1000
0.1000
0.1000
0.1000
0.1000
0.1000
0.1000
0.1000
0.1000
0.1000
0.1000
0.1000
0.1000
0.1000
0.1000
0.1000
0.1000
0.1000
0.1000
0.1000
0.1000
0.1000
0.1000
0.1000
0.1000
0.1000
0.1000
0.1000
0.1000
0.1000
0.1000
0.1000
0.1000
0.1000
0.1000
0.1000
0.1000
0.1000
0.1000
0.1000
0.1000
0.1000
0.1000
0.1000
0.1000
0.1000
0.1000
0.1000
0.1000
0.1000
0.1000
0.1000
0.1000
0.1000
0.1000
0.1000
0.1000
0.1000
0.1000
0.1000
0.1000
0.1000
0.1000
0.1000
0.1000
0.1000
0.1000
0.1000
0.1000
0.1000
0.1000
0.1000
0.1000
0.1000
0.1000
0.1000
0.1000
0.1000
0.1000
0.1000
0.1000
0.1000
0.1000
0.1000
0.1000
0.1000
0.1000
0.1000
0.1000
0.1000
0.1000
0.1000
0.1000
0.1000
0.1000
0.1000
0.1000
0.1000
0.1000
0.1000
0.1000
0.1000
0.1000
0.1000
0.1000
0.1000
0.1000
0.1000
0.1000
0.1000
0.1000
0.1000
0.1000
0.1000
0.1000
0.1000
0.1000
0.1000
0.1000
0.1000
0.1000
0.1000
0.1000
0.1000
0.1000
0.1000
0.1000
0.1000
0.1000
0.1000
0.1000
0.1000
0.1000
0.1000
0.1000
0.1000
0.1000
0.1000
0.1000
0.1000
0.1000
0.1000
0.1000
0.1000
0.1000
0.1000
0.1000
0.1000
0.1000
0.1000
0.1000
0.1000
0.1000
0.1000
0.1000
0.1000
0.1000
0.1000
0.1000
0.1000
0.1000
0.1000
0.1000
0.1000
0.1000
0.1000
0.1000
0.1000
0.1000
0.1000
0.1000
0.1000
0.1000
0.1000
0.1000
0.1000
0.1000
0.1000
0.1000
0.1000
0.1000
0.1000
0.1000
0.1000
0.1000
0.1000
0.1000
0.1000
0.1000
0.1000
0.1000
0.1000
0.1000
0.1000
0.1000
0.1000
0.1000
0.1000
0.1000
0.1000
0.1000
0.1000
0.1000
0.1000
0.1000
0.1000
0.1000
0.1000
0.1000
0.1000
0.1000
0.1000
0.1000
0.1000
0.1000
0.1000
0.1000
0.1000
0.1000
0.1000
0.1000
0.1000
0.1000
0.1000
0.1000
0.1000
0.1000
0.1000
0.1000
0.1000
0.1000
0.1000
0.1000
0.1000
0.1000
0.1000
0.1000
0.1000
0.1000
0.1000
0.1000
0.1000
0.1000
0.1000
0.1000
0.1000
0.1000
0.1000
0.1000
0.1000
0.1000
0.1000
0.1000
0.1000
0.1000
0.1000
0.1000
0.1000
0.1000
0.1000
0.1000
0.1000
0.1000
0.1000
0.1000
0.1000
0.1000
0.1000
0.1000
0.1000
0.1000
0.1000
0.1000
0.1000
0.1000
0.1000
0.1000
0.1000
0.2812
0.4300
0.5232
0.5594
0.5382
0.4599
0.3255
0.1369
0.1000
0.1000
0.1000
0.1000
0.1000
0.1000
0.1000
0.1000
0.1000
0.1000
0.1000
0.1000
0.1000
0.1000
0.1000
0.1000
0.1000
0.1000
0.1000
0.1000
0.1000
0.1000
0.1000
0.1000
0.1000
0.1000
0.1000
0.1000
0.1000
0.1000
0.1000
0.1000
0.1000
0.1000
0.1000
0.1000
0.1000
0.1000
0.1000
0.1000
0.2887
0.5520
0.7626
0.9175
1.0146
1.0524
1.0303
0.9486
0.8087
0.6124
0.3627
0.1000
0.1000
0.1000
0.1000
0.1000
0.1000
0.1000
0.1000
0.1000
0.1000
0.1000
0.1000
0.1000
0.1000
0.1000
0.1000
0.1000
0.1000
0.1000
0.1000
0.1000
0.1000
0.1000
0.1000
0.1000
0.1000
0.1000
0.1000
0.1000
0.1000
0.1000
0.1000
0.1000
0.1000
0.1000
0.1000
0.1000
0.1000
0.3884
0.7120
0.9849
1.2034
1.3645
1.4655
1.5048
1.4818
1.3968
1.2513
1.0476
0.7886
0.4779
0.1194
0.1000
0.1000
0.1000
0.1000
0.1000
0.1000
0.1000
0.1000
0.1000
0.1000
0.1000
0.1000
0.1000
0.1000
0.1000
0.1000
0.1000
0.1000
0.1000
0.1000
0.1000
0.1000
0.1000
0.1000
0.1000
0.1000
0.1000
0.1000
0.1000
0.1000
0.1000
0.1000
0.1000
0.1000
0.1000
0.3750
0.7566
1.0905
1.3727
1.5990
1.7659
1.8707
1.9115
1.8876
1.7995
1.6486
1.4376
1.1697
0.8489
0.4794
0.1000
0.1000
0.1000
0.1000
0.1000
0.1000
0.1000
0.1000
0.1000
0.1000
0.1000
0.1000
0.1000
0.1000
0.1000
0.1000
0.1000
0.1000
0.1000
0.1000
0.1000
0.1000
0.1000
0.1000
0.1000
0.1000
0.1000
0.1000
0.1000
0.1000
0.1000
0.1000
0.1000
0.1000
0.2490
0.6845
1.0764
1.4199
1.7106
1.9441
2.1165
2.2249
2.2671
2.2424
2.1512
1.9953
1.7775
1.5014
1.1713
0.7917
0.3672
0.1000
0.1000
0.1000
0.1000
0.1000
0.1000
0.1000
0.1000
0.1000
0.1000
0.1000
0.1000
0.1000
0.1000
0.1000
0.1000
0.1000
0.1000
0.1000
0.1000
0.1000
0.1000
0.1000
0.1000
0.1000
0.1000
0.1000
0.1000
0.1000
0.1000
0.1000
0.1000
0.1000
0.4980
0.9428
1.3436
1.6956
1.9939
2.2338
2.4111
2.5226
2.5661
2.5407
2.4468
2.2864
2.0626
1.7792
1.4408
1.0523
0.6186
0.1443
0.1000
0.1000
0.1000
0.1000
0.1000
0.1000
0.1000
0.1000
0.1000
0.1000
0.1000
0.1000
0.1000
0.1000
0.1000
0.1000
0.1000
0.1000
0.1000
0.1000
0.1000
0.1000
0.1000
0.1000
0.1000
0.1000
0.1000
0.1000
0.1000
0.1000
0.1000
0.2020
0.6938
1.1463
1.5545
1.9135
2.2180
2.4632
2.6447
2.7588
2.8034
2.7773
2.6812
2.5171
2.2882
1.9988
1.6536
1.2578
0.8164
0.3345
0.1000
0.1000
0.1000
0.1000
0.1000
0.1000
0.1000
0.1000
0.1000
0.1000
0.1000
0.1000
0.1000
0.1000
0.1000
0.1000
0.1000
0.1000
0.1000
0.1000
0.1000
0.1000
0.1000
0.1000
0.1000
0.1000
0.1000
0.1000
0.1000
0.1000
0.1000
0.3365
0.8340
1.2921
1.7058
2.0699
2.3791
2.6283
2.8128
2.9289
2.9743
2.9477
2.8500
2.6831
2.4504
2.1565
1.8063
1.4050
0.9581
0.4705
0.1000
0.1000
0.1000
0.1000
0.1000
0.1000
0.1000
0.1000
0.1000
0.1000
0.1000
0.1000
0.1000
0.1000
0.1000
0.1000
0.1000
0.1000
0.1000
0.1000
0.1000
0.1000
0.1000
0.1000
0.1000
0.1000
0.1000
0.1000
0.1000
0.1000
0.1000
0.4156
0.9164
1.3779
1.7949
2.1621
2.4741
2.7257
2.9121
3.0294
3.0752
3.0484
2.9496
2.7810
2.5461
2.2495
1.8962
1.4917
1.0414
0.5504
0.1000
0.1000
0.1000
0.1000
0.1000
0.1000
0.1000
0.1000
0.1000
0.1000
0.1000
0.1000
0.1000
0.1000
0.1000
0.1000
0.1000
0.1000
0.1000
0.1000
0.1000
0.1000
0.1000
0.1000
0.1000
0.1000
0.1000
0.1000
0.1000
0.1000
0.1000
0.4381
0.9399
1.4023
1.8202
2.1884
2.5012
2.7535
2.9404
3.0581
3.1040
3.0772
2.9781
2.8090
2.5734
2.2760
1.9218
1.5164
1.0651
0.5732
0.1000
0.1000
0.1000
0.1000
0.1000
0.1000
0.1000
0.1000
0.1000
0.1000
0.1000
0.1000
0.1000
0.1000
0.1000
0.1000
0.1000
0.1000
0.1000
0.1000
0.1000
0.1000
0.1000
0.1000
0.1000
0.1000
0.1000
0.1000
0.1000
0.1000
0.1000
0.4037
0.9040
1.3650
1.7815
2.1482
2.4598
2.7110
2.8971
3.0143
3.0600
3.0333
2.9346
2.7663
2.5317
2.2355
1.8827
1.4787
1.0289
0.5384
0.1000
0.1000
0.1000
0.1000
0.1000
0.1000
0.1000
0.1000
0.1000
0.1000
0.1000
0.1000
0.1000
0.1000
0.1000
0.1000
0.1000
0.1000
0.1000
0.1000
0.1000
0.1000
0.1000
0.1000
0.1000
0.1000
0.1000
0.1000
0.1000
0.1000
0.1000
0.3129
0.8094
1.2665
1.6792
2.0424
2.3508
2.5992
2.7832
2.8990
2.9442
2.9178
2.8203
2.6539
2.4219
2.1288
1.7795
1.3792
0.9332
0.4466
0.1000
0.1000
0.1000
0.1000
0.1000
0.1000
0.1000
0.1000
0.1000
0.1000
0.1000
0.1000
0.1000
0.1000
0.1000
0.1000
0.1000
0.1000
0.1000
0.1000
0.1000
0.1000
0.1000
0.1000
0.1000
0.1000
0.1000
0.1000
0.1000
0.1000
0.1000
0.1670
0.6574
1.1084
1.5153
1.8729
2.1762
2.4204
2.6011
2.7147
2.7591
2.7331
2.6375
2.4741
2.2462
1.9579
1.6140
1.2196
0.7796
0.2991
0.1000
0.1000
0.1000
0.1000
0.1000
0.1000
0.1000
0.1000
0.1000
0.1000
0.1000
0.1000
0.1000
0.1000
0.1000
0.1000
0.1000
0.1000
0.1000
0.1000
0.1000
0.1000
0.1000
0.1000
0.1000
0.1000
0.1000
0.1000
0.1000
0.1000
0.1000
0.1000
0.4502
0.8932
1.2923
1.6426
1.9394
2.1780
2.3544
2.4653
2.5085
2.4832
2.3899
2.2304
2.0077
1.7258
1.3890
1.0023
0.5703
0.1000
0.1000
0.1000
0.1000
0.1000
0.1000
0.1000
0.1000
0.1000
0.1000
0.1000
0.1000
0.1000
0.1000
0.1000
0.1000
0.1000
0.1000
0.1000
0.1000
0.1000
0.1000
0.1000
0.1000
0.1000
0.1000
0.1000
0.1000
0.1000
0.1000
0.1000
0.1000
0.1000
0.1905
0.6239
1.0137
1.3553
1.6443
1.8763
2.0476
2.1553
2.1972
2.1727
2.0821
1.9272
1.7108
1.4364
1.1081
0.7305
0.3081
0.1000
0.1000
0.1000
0.1000
0.1000
0.1000
0.1000
0.1000
0.1000
0.1000
0.1000
0.1000
0.1000
0.1000
0.1000
0.1000
0.1000
0.1000
0.1000
0.1000
0.1000
0.1000
0.1000
0.1000
0.1000
0.1000
0.1000
0.1000
0.1000
0.1000
0.1000
0.1000
0.1000
0.1000
0.3041
0.6834
1.0153
1.2955
1.5202
1.6860
1.7900
1.8305
1.8068
1.7193
1.5695
1.3600
1.0939
0.7752
0.4079
0.1000
0.1000
0.1000
0.1000
0.1000
0.1000
0.1000
0.1000
0.1000
0.1000
0.1000
0.1000
0.1000
0.1000
0.1000
0.1000
0.1000
0.1000
0.1000
0.1000
0.1000
0.1000
0.1000
0.1000
0.1000
0.1000
0.1000
0.1000
0.1000
0.1000
0.1000
0.1000
0.1000
0.1000
0.1000
0.1000
0.3056
0.6270
0.8979
1.1148
1.2746
1.3748
1.4138
1.3910
1.3067
1.1623
0.9601
0.7030
0.3945
0.1000
0.1000
0.1000
0.1000
0.1000
0.1000
0.1000
0.1000
0.1000
0.1000
0.1000
0.1000
0.1000
0.1000
0.1000
0.1000
0.1000
0.1000
0.1000
0.1000
0.1000
0.1000
0.1000
0.1000
0.1000
0.1000
0.1000
0.1000
0.1000
0.1000
0.1000
0.1000
0.1000
0.1000
0.1000
0.1000
0.1000
0.1000
0.1950
0.4562
0.6651
0.8187
0.9150
0.9525
0.9306
0.8496
0.7108
0.5162
0.2684
0.1000
0.1000
0.1000
0.1000
0.1000
0.1000
0.1000
0.1000
0.1000
0.1000
0.1000
0.1000
0.1000
0.1000
0.1000
0.1000
0.1000
0.1000
0.1000
0.1000
0.1000
0.1000
0.1000
0.1000
0.1000
0.1000
0.1000
0.1000
0.1000
0.1000
0.1000
0.1000
0.1000
0.1000
0.1000
0.1000
0.1000
0.1000
0.1000
0.1000
0.1000
0.1759
0.3234
0.4157
0.4517
0.4306
0.3530
0.2198
0.1000
0.1000
0.1000
0.1000
0.1000
0.1000
0.1000
0.1000
0.1000
0.1000
0.1000
0.1000
0.1000
0.1000
0.1000
0.1000
0.1000
0.1000
0.1000
0.1000
0.1000
0.1000
0.1000
0.1000
0.1000
0.1000
0.1000
0.1000
0.1000
0.1000
0.1000
0.1000
0.1000
0.1000
0.1000
0.1000
0.1000
0.1000
0.1000
0.1000
0.1000
0.1000
0.1000
0.1000
0.1000
0.1000
0.1000
0.1000
0.1000
0.1000
0.1000
0.1000
0.1000
0.1000
0.1000
0.1000
0.1000
0.1000
0.1000
0.1000
0.1000
0.1000
0.1000
0.1000
0.1000
0.1000
0.1000
0.1000
0.1000
0.1000
0.1000
0.1000
0.1000
0.1000
0.1000
0.1000
0.1000
0.1000
0.1000
0.1000
0.1000
0.1000
0.1000
0.1000
0.1000
0.1000
0.1000
0.1000
0.1000
0.1000
0.1000
0.1000
0.1000
0.1000
0.1000
0.1000
0.1000
0.1000
0.1000
0.1000
0.1000
0.1000
0.1000
0.1000
0.1000
0.1000
0.1000
0.1000
0.1000
0.1000
0.1000
0.1000
0.1000
0.1000
0.1000
0.1000
0.1000
0.1000
0.1000
0.1000
0.1000
0.1000
0.1000
0.1000
0.1000
0.1000
0.1000
0.1000
0.1000
0.1000
0.1000
0.1000
0.1000
0.1000
0.1000
0.1000
0.1000
0.1000
0.1000
0.1000
0.1000
0.1000
0.1000
0.1000
0.1000
0.1000
0.1000
0.1000
0.1000
0.1000
0.1000
0.1000
0.1000
0.1000
0.1000
0.1000
0.1000
0.1000
0.1000
0.1000
0.1000
0.1000
0.1000
0.1000
0.1000
0.1000
0.1000
0.1000
0.1000
0.1000
0.1000
0.1000
0.1000
0.1000
0.1000
0.1000
0.1000
0.1000
0.1000
0.1000
0.1000
0.1000
0.1000
0.1000
0.1000
0.1000
0.1000
0.1000
0.1000
0.1000
0.1000
0.1000
0.1000
0.1000
0.1000
0.1000
0.1000
0.1000
0.1000
0.1000
0.1000
0.1000
0.1000
0.1000
0.1000
0.1000
0.1000
0.1000
0.1000
0.1000
0.1000
0.1000
0.1000
0.1000
0.1000
0.1000
0.1000
0.1000
0.1000
0.1000
0.1000
0.1000
0.1000
0.1000
0.1000
0.1000
0.1000
0.1000
0.1000
0.1000
0.1000
0.1000
0.1000
0.1000
0.1000
0.1000
0.1000
0.1000
0.1000
0.1000
0.1000
0.1000
0.1000
0.1000
0.1000
0.1000
0.1000
0.1000
0.1000
0.1000
0.1000
0.1000
0.1000
0.1000
0.1000
0.1000
0.1000
0.1000
0.1000
0.1000
0.1000
0.1000
0.1000
0.1000
0.1000
0.1000
0.1000
0.1000
0.1000
0.1000
0.1000
0.1000
0.1000
0.1000
0.1000
0.1000
0.1000
0.1000
0.1000
0.1000
0.1000
0.1000
0.1000
0.1000
0.1000
0.1000
0.1000
0.1000
0.1000
0.1000
0.1000
0.1000
0.1000
0.1000
0.1000
0.1000
0.1000
0.1000
0.1000
0.1000
0.1000
0.1000
0.1000
0.1000
0.1000
0.1000
0.1000
0.1000
0.1000
0.1000
0.1000
0.1000
0.1000
0.1000
0.1000
0.1000
0.1000
0.1000
0.1000
0.1000
0.1000
0.1000
0.1000
0.1000
0.1000
0.1000
0.1000
0.1000
0.1000
0.1000
0.1000
0.1000
0.1000
0.1000
0.1000
0.1000
0.1000
0.1000
0.1000
0.1000
0.1000
0.1000
0.1000
0.1000
0.1000
0.1000
0.1000
0.1000
0.1000
0.1000
0.1000
0.1000
0.1000
0.1000
0.1000
0.1000
0.1000
0.1000
0.1000
0.1000
0.1000
0.1000
0.1000
0.1000
0.1000
0.1000
0.1000
0.1000
0.1000
0.1000
0.1000
0.1000
0.1000
0.1000
0.1000
0.1000
0.1000
0.1000
0.1000
0.1000
0.1000
0.1000
0.1000
0.1000
0.1000
0.1000
0.1000
0.1000
0.1000
0.1000
0.1000
0.1000
0.1000
0.1000
0.1000
0.1000
0.1000
0.1000
0.1000
0.1000
0.1000
0.1000
0.1000
0.1000
0.1000
0.1000
0.1000
0.1000
0.1000
0.1000
0.1000
0.1000
0.1000
0.1000
0.1000
0.1000
0.1000
0.1000
0.1000
0.1000
0.1000
0.1000
0.1000
0.1000
0.1000
0.1000
0.1000
0.1000
0.1000
0.1000
0.1000
0.1000
0.1000
0.1000
0.1000
0.1000
0.1000
0.1000
0.1000
0.1000
0.1000
0.1000
0.1000
0.1000
0.1000
0.1000
0.1000
0.1000
0.1000
0.1000
0.1000
0.1000
0.1000
0.1000
0.1000
0.1000
0.1000
0.1000
0.1000
0.1000
0.1000
0.1000
0.1000
0.1000
0.1000
0.1000
0.1000
0.1000
0.1000
0.1000
0.1000
0.1000
0.1000
0.1000
0.1000
0.1000
0.1000
0.1000
0.1000
0.1000
0.1000
0.1000
0.1000
0.1000
0.1000
0.1000
0.1000
0.1000
0.1000
0.1000
0.1000
0.1000
0.1000
0.1000
0.1000
0.1000
0.1000
0.1000
0.1000
0.1000
0.1000
0.1000
0.1000
0.1000
0.1000
0.1000
0.1000
0.1000
0.1000
0.1000
0.1000
0.1000
0.1000
0.1000
0.1000
0.1000
0.1000
0.1000
0.1000
0.1000
0.1000
0.1000
0.1000
0.1000
0.1000
0.1000
0.1000
0.1000
0.1000
0.1000
0.1000
0.1000
0.1000
0.1000
0.1000
0.1000
0.1000
0.1000
0.1000
0.1000
0.1000
0.1000
0.1000
0.1000
0.1000
0.1000
0.1000
0.1000
0.1000
0.1000
0.1000
0.1000
0.1000
0.1000
0.1000
0.1000
0.1000
0.1000
0.1000
0.1000
0.1000
0.1000
0.1000
0.1000
0.1000
0.1000
0.1000
0.1000
0.1000
0.1000
0.1000
0.1000
0.1000
0.1000
0.1000
0.1000
0.1000
0.1000
0.1000
0.1000
0.1000
0.1000
0.1000
0.1000
0.1000
0.1000
0.1000
0.1000
0.1000
0.1000
0.1000
0.1000
0.1000
0.1000
0.1000
0.1000
0.1000
0.1000
0.1000
0.1000
0.1000
0.1000
0.1000
0.1000
0.1000
0.1000
0.1000
0.1000
0.1000
0.1000
0.1000
0.1000
0.1000
0.1000
0.1000
0.1000
0.1000
0.1000
0.1000
0.1000
0.1000
0.1000
0.1000
0.1000
0.1000
0.1000
0.1000
0.1000
0.1000
0.1000
0.1000
0.1000
0.1000
0.1000
0.1000
0.1000
0.1000
0.1000
0.1000
0.1000
0.1000
0.1000
0.1000
0.1000
0.1000
0.1000
0.1000
0.1000
0.1000
0.1000
0.1000
0.1000
0.1000
0.1000
0.1000
0.1000
0.1000
0.1000
0.1000
0.1000
0.1000
0.1000
0.1000
0.1000
0.1000
0.1000
0.1000
0.1000
0.1000
0.1000
0.1000
0.1000
0.1000
0.1000
0.1000
0.1000
0.1000
0.1000
0.1000
0.1000
0.1000
0.1000
0.1000
0.1000
0.1000
0.1000
0.1000
0.1000
0.1000
0.1000
0.1000
0.1000
0.1000
0.1000
0.1000
0.1000
0.1000
0.1000
0.1000
0.1000
0.1000
0.1000
0.1000
0.1000
0.1000
0.1000
0.1000
0.1000
0.1000
0.1000
0.1000
0.1000
0.1000
0.1000
0.1000
0.1000
0.1000
0.1000
0.1000
0.1000
0.1000
0.1000
0.1000
0.1000
0.1000
0.1000
0.1000
0.1000
0.1000
0.1000
0.1000
0.1000
0.1000
0.1000
0.1000
0.1000
0.1000
0.1000
0.1000
0.1000
0.1000
0.1000
0.1000
0.1000
0.1000
0.1000
0.1000
0.1000
0.1000
0.1000
0.1000
0.1000
0.1000
0.1000
0.1000
0.1000
0.1000
0.1000
0.1000
0.1000
0.1000
0.1000
0.1000
0.1000
0.1000
0.1000
0.1000
0.1000
0.1000
0.1000
0.1000
0.1000
0.1000
0.1000
0.1000
0.1000
0.1000
0.1000
0.1000
0.1000
0.1000
0.1000
0.1000
0.1000
0.1000
0.1000
0.1000
0.1000
0.1000
0.1000
0.1000
0.1000
0.1000
0.1000
0.1000
0.1000
0.1000
0.1000
0.1000
0.1000
0.1000
0.1000
0.1000
0.1000
0.1000
0.1000
0.1000
0.1000
0.1000
0.1000
0.1000
0.1000
0.1000
0.1000
0.1000
0.1000
0.1000
0.1000
0.1000
0.1000
0.1000
0.1000
0.1000
0.1000
0.1000
0.1000
0.1000
0.1000
0.1000
0.1000
0.1000
0.1000
0.1000
0.1000
0.1000
0.1000
0.1000
0.1000
0.1000
0.1000
0.1000
0.1000
0.1000
0.1000
0.1000
0.1000
0.1000
0.1000
0.1000
0.1000
0.1000
0.1000
0.1000
0.1000
0.1000
0.1000
0.1000
0.1000
0.1000
0.1000
0.1000
0.1000
0.1000
0.1000
0.1000
0.1000
0.1000
0.1000
0.1000
0.1000
0.1000
0.1000
0.1000
0.1000
0.1000
0.1000
0.1000
0.1000
0.1000
0.1000
0.1000
0.1000
0.1000
0.1000
0.1000
0.1000
0.1000
0.1000
0.1000
0.1000
0.1000
0.1000
0.1000
0.1000
0.1000
0.1000
0.1000
0.1000
0.1000
0.1000
0.1000
0.1000
0.1000
0.1000
0.1000
0.1000
0.1000
0.1000
0.1000
0.1000
0.1000
0.1000
0.1000
0.1000
0.1000
0.1000
0.1000
0.1000
0.1000
0.1000
0.1000
0.1000
0.1000
0.1000
0.1000
0.1000
0.1000
0.1000
0.1000
0.1000
0.1000
0.1000
0.1000
0.1000
0.1000
0.1000
0.1000
0.1000
0.1000
0.1000
0.1000
0.1000
0.1000
0.1000
0.1000
0.1000
0.1000
0.1000
0.1000
0.1000
0.1000
0.1000
0.1000
0.1000
0.1000
0.1000
0.1000
0.1000
0.1000
0.1000
0.1000
0.1000
0.1000
0.1000
0.1000
0.1000
0.1000
0.1000
0.1000
0.1000
0.1000
0.1000
0.1000
0.1000
0.1000
0.1000
0.1000
0.1000
0.1000
0.1000
0.1000
0.1000
0.1000
0.1000
0.1000
0.1000
0.1000
0.1000
0.1000
0.1000
0.1000
0.1000
0.1000
0.1000
0.1000
0.1000
0.1000
0.1000
0.1000
0.1000
0.1000
0.1000
0.1000
0.1000
0.1000
0.1000
0.1000
0.1000
0.1000
0.1000
0.1000
0.1000
0.1000
0.1000
0.1000
0.1000
0.1000
0.1000
0.1000
0.1000
0.1000
0.1000
0.1000
0.1000
0.1000
0.1000
0.1000
0.1000
0.1000
0.1000
0.1000
0.1000
0.1000
0.1000
0.1000
0.1000
0.1000
0.1000
0.1000
0.1000
0.1000
0.1000
0.1000
0.1000
0.1000
0.1000
0.1000
0.1000
0.1000
0.1000
0.1000
0.1000
0.1000
0.1000
0.1000
0.1000
0.1000
0.1000
0.1000
0.1000
0.1000
0.1000
0.1000
0.1000
0.1000
0.1000
0.1000
0.1000
0.1000
0.1000
0.1000
0.1000
0.1000
0.1000
0.1000
0.1000
0.1000
0.1000
0.1000
0.1000
0.1000
0.1000
0.1000
0.1000
0.1000
0.1000
0.1000
0.1000
0.1000
0.1000
0.1000
0.1000
0.1000
0.1000
0.1000
0.1000
0.1000
0.1000
0.1000
0.1000
0.1000
0.1000
0.1000
0.1000
0.1000
0.1000
0.1000
0.1000
0.1000
0.1000
0.1000
0.1000
0.1000
0.1000
0.1000
0.1000
0.1000
0.1000
0.1000
0.1000
0.1000
0.1000
0.1000
0.1000
0.1000
0.1000
0.1000
0.1000
0.1000
0.1000
0.1000
0.1000
0.1000
0.1000
0.1000
0.1000
0.1000
0.1000
0.1000
0.1000
0.1000
0.1000
0.1000
0.1000
0.1000
0.1000
0.1000
0.1000
0.1000
0.1000
0.1000
0.1000
0.1000
0.1000
0.1000
0.1000
0.1000
0.1000
0.1000
0.1000
0.1000
0.1000
0.1000
0.1000
0.1000
0.1000
0.1000
0.1000
0.1000
0.1000
0.1000
0.1000
0.1000
0.1000
0.1000
0.1000
0.1000
0.1000
0.1000
0.1000
0.1000
0.1000
0.1000
0.1000
0.1000
0.1000
0.1000
0.1000
0.1000
0.1000
0.1000
0.1000
0.1000
0.1000
0.1000
0.1000
0.1000
0.1000
0.1000
0.1000
0.1000
0.1000
0.1000
0.1000
0.1000
0.1000
0.1000
0.1000
0.1000
0.1000
0.1000
0.1000
0.1000
0.1000
0.1000
0.1000
0.1000
0.1000
0.1000
0.1000
0.1000
0.1000
0.1000
0.1000
0.1000
0.1000
0.1000
0.1000
0.1000
0.1000
0.1000
0.1000
0.1000
0.1000
0.1000
0.1000
0.1000
0.1000
0.1000
0.1000
0.1000
0.1000
0.1000
0.1000
0.1000
0.1000
0.1000
0.1000
0.1000
0.1000
0.1000
0.1000
0.1000
0.1000
0.1000
0.1000
0.1000
0.1000
0.1000
0.1000
0.1000
0.1000
0.1000
0.1000
0.1000
0.1000
0.1000
0.1000
0.1000
0.1000
0.1000
0.1000
0.1000
0.1000
0.1000
0.1000
0.1000
0.1000
0.1000
0.1000
0.1000
0.1000
0.1000
0.1000
0.1000
0.1000
0.1000
0.1000
0.1000
0.1000
0.1000
0.1000
0.1000
0.1000
0.1000
0.1000
0.1000
0.1000
0.1000
0.1000
0.1000
0.1000
0.1000
0.1000
0.1000
0.1000
0.1000
0.1000
0.1000
0.1000
0.1000
0.1000
0.1000
0.1000
0.1000
0.1000
0.1000
0.1000
0.1000
0.1000
0.1000
0.1000
0.1000
0.1000
0.1000
0.1000
0.1000
0.1000
0.1000
0.1000
0.1000
0.1000
0.1000
0.1000
0.1000
0.1000
0.1000
0.1000
0.1000
0.1000
0.1000
0.1000
0.1000
0.1000
0.1000
0.1000
0.1000
0.1000
0.1000
0.1000
0.1000
0.1000
0.1000
0.1000
0.1000
0.1000
0.1000
0.1000
0.1000
0.1000
0.1000
0.1000
0.1000
0.1000
0.1000
0.1000
0.1000
0.1000
0.1000
0.1000
0.1000
0.1000
0.1000
0.1000
0.1000
0.1000
0.1000
0.1000
0.1000
0.1000
0.1000
0.1000
0.1000
0.1000
0.1000
0.1000
0.1000
0.1000
0.1000
0.1000
0.1000
0.1000
0.1000
0.1000
0.1000
0.1000
0.1000
0.1000
0.1000
0.1000
0.1000
0.1000
0.1000
0.1000
0.1000
0.1000
0.1000
0.1000
0.1000
0.1000
0.1000
0.1000
0.1000
0.1000
0.1000
0.1000
0.1000
0.1000
0.1000
0.1000
0.1000
0.1000
0.1000
0.1000
0.1000
0.1000
0.1000
0.1000
0.1000
0.1000
0.1000
0.1000
0.1000
0.1000
0.1000
0.1000
0.1000
0.1000
0.1000
0.1000
0.1000
0.1000
0.1000
0.1000
0.1000
0.1000
0.1000
0.1000
0.1000
0.1000
0.1000
0.1000
0.1000
0.1000
0.1000
0.1000
0.1000
0.1000
0.1000
0.1000
0.1000
0.1000
0.1000
0.1000
0.1000
0.1000
0.1000
0.1000
0.1000
0.1000
0.1000
0.1000
0.1000
0.1000
0.1000
0.1000
0.1000
0.1000
0.1000
0.1000
0.1000
0.1000
0.1000
0.1000
0.1000
0.1000
0.1000
0.1000
0.1000
0.1000
0.1000
0.1000
0.1000
0.1000
0.1000
0.1000
0.1000
0.1000
0.1000
0.1000
0.1000
0.1000
0.1000
0.1000
0.1000
0.1000
0.1000
0.1000
0.1000
0.1000
0.1000
0.1000
0.1000
0.1000
0.1000
0.1000
0.1000
0.1000
0.1000
0.1000
0.1000
0.1000
0.1000
0.1000
0.1000
0.1000
0.1000
0.1000
0.1000
0.1000
0.1000
0.1000
0.1000
0.1000
0.1000
0.1000
0.1000
0.1000
0.1000
0.1000
0.1000
0.1000
0.1000
0.1000
0.2158
0.3073
0.3429
0.3221
0.2451
0.1131
0.1000
0.1000
0.1000
0.1000
0.1000
0.1000
0.1000
0.1000
0.1000
0.1000
0.1000
0.1000
0.1000
0.1000
0.1000
0.1000
0.1000
0.1000
0.1000
0.1000
0.1000
0.1000
0.1000
0.1000
0.1000
0.1000
0.1000
0.1000
0.1000
0.1000
0.1000
0.1000
0.1000
0.1000
0.1000
0.1000
0.1000
0.1000
0.1000
0.1000
0.1000
0.1323
0.3922
0.6000
0.7528
0.8485
0.8857
0.8640
0.7835
0.6454
0.4519
0.2053
0.1000
0.1000
0.1000
0.1000
0.1000
0.1000
0.1000
0.1000
0.1000
0.1000
0.1000
0.1000
0.1000
0.1000
0.1000
0.1000
0.1000
0.1000
0.1000
0.1000
0.1000
0.1000
0.1000
0.1000
0.1000
0.1000
0.1000
0.1000
0.1000
0.1000
0.1000
0.1000
0.1000
0.1000
0.1000
0.1000
0.1000
0.1000
0.2868
0.6077
0.8781
1.0947
1.2541
1.3541
1.3931
1.3703
1.2862
1.1421
0.9402
0.6836
0.3756
0.1000
0.1000
0.1000
0.1000
0.1000
0.1000
0.1000
0.1000
0.1000
0.1000
0.1000
0.1000
0.1000
0.1000
0.1000
0.1000
0.1000
0.1000
0.1000
0.1000
0.1000
0.1000
0.1000
0.1000
0.1000
0.1000
0.1000
0.1000
0.1000
0.1000
0.1000
0.1000
0.1000
0.1000
0.1000
0.1000
0.3299
0.7100
1.0426
1.3235
1.5488
1.7149
1.8192
1.8599
1.8361
1.7484
1.5982
1.3881
1.1214
0.8019
0.4339
0.1000
0.1000
0.1000
0.1000
0.1000
0.1000
0.1000
0.1000
0.1000
0.1000
0.1000
0.1000
0.1000
0.1000
0.1000
0.1000
0.1000
0.1000
0.1000
0.1000
0.1000
0.1000
0.1000
0.1000
0.1000
0.1000
0.1000
0.1000
0.1000
0.1000
0.1000
0.1000
0.1000
0.1000
0.2603
0.6963
1.0885
1.4324
1.7234
1.9572
2.1298
2.2383
2.2806
2.2559
2.1646
2.0085
1.7904
1.5140
1.1835
0.8035
0.3786
0.1000
0.1000
0.1000
0.1000
0.1000
0.1000
0.1000
0.1000
0.1000
0.1000
0.1000
0.1000
0.1000
0.1000
0.1000
0.1000
0.1000
0.1000
0.1000
0.1000
0.1000
0.1000
0.1000
0.1000
0.1000
0.1000
0.1000
0.1000
0.1000
0.1000
0.1000
0.1000
0.1000
0.5669
1.0144
1.4178
1.7722
2.0726
2.3144
2.4931
2.6056
2.6494
2.6237
2.5291
2.3675
2.1419
1.8564
1.5157
1.1246
0.6882
0.2113
0.1000
0.1000
0.1000
0.1000
0.1000
0.1000
0.1000
0.1000
0.1000
0.1000
0.1000
0.1000
0.1000
0.1000
0.1000
0.1000
0.1000
0.1000
0.1000
0.1000
0.1000
0.1000
0.1000
0.1000
0.1000
0.1000
0.1000
0.1000
0.1000
0.1000
0.1000
0.3256
0.8226
1.2802
1.6935
2.0572
2.3660
2.6148
2.7991
2.9151
2.9603
2.9338
2.8362
2.6695
2.4372
2.1436
1.7938
1.3930
0.9465
0.4594
0.1000
0.1000
0.1000
0.1000
0.1000
0.1000
0.1000
0.1000
0.1000
0.1000
0.1000
0.1000
0.1000
0.1000
0.1000
0.1000
0.1000
0.1000
0.1000
0.1000
0.1000
0.1000
0.1000
0.1000
0.1000
0.1000
0.1000
0.1000
0.1000
0.1000
0.1000
0.5186
1.0239
1.4899
1.9113
2.2827
2.5985
2.8532
3.0421
3.1611
3.2075
3.1804
3.0802
2.9093
2.6714
2.3711
2.0137
1.6049
1.1501
0.6547
0.1234
0.1000
0.1000
0.1000
0.1000
0.1000
0.1000
0.1000
0.1000
0.1000
0.1000
0.1000
0.1000
0.1000
0.1000
0.1000
0.1000
0.1000
0.1000
0.1000
0.1000
0.1000
0.1000
0.1000
0.1000
0.1000
0.1000
0.1000
0.1000
0.1000
0.1108
0.6567
1.1682
1.6402
2.0677
2.4448
2.7658
3.0250
3.2174
3.3386
3.3860
3.3583
3.2562
3.0821
2.8400
2.5346
2.1716
1.7568
1.2959
0.7943
0.2570
0.1000
0.1000
0.1000
0.1000
0.1000
0.1000
0.1000
0.1000
0.1000
0.1000
0.1000
0.1000
0.1000
0.1000
0.1000
0.1000
0.1000
0.1000
0.1000
0.1000
0.1000
0.1000
0.1000
0.1000
0.1000
0.1000
0.1000
0.1000
0.1000
0.1884
0.7379
1.2530
1.7288
2.1598
2.5404
2.8646
3.1266
3.3210
3.4436
3.4915
3.4635
3.3603
3.1843
2.9395
2.6311
2.2647
1.8463
1.3818
0.8765
0.3356
0.1000
0.1000
0.1000
0.1000
0.1000
0.1000
0.1000
0.1000
0.1000
0.1000
0.1000
0.1000
0.1000
0.1000
0.1000
0.1000
0.1000
0.1000
0.1000
0.1000
0.1000
0.1000
0.1000
0.1000
0.1000
0.1000
0.1000
0.1000
0.1000
0.2105
0.7610
1.2772
1.7540
2.1861
2.5677
2.8928
3.1555
3.3506
3.4736
3.5217
3.4935
3.3900
3.2134
2.9679
2.6586
2.2913
1.8718
1.4062
0.8999
0.3579
0.1000
0.1000
0.1000
0.1000
0.1000
0.1000
0.1000
0.1000
0.1000
0.1000
0.1000
0.1000
0.1000
0.1000
0.1000
0.1000
0.1000
0.1000
0.1000
0.1000
0.1000
0.1000
0.1000
0.1000
0.1000
0.1000
0.1000
0.1000
0.1000
0.1768
0.7257
1.2402
1.7155
2.1460
2.5260
2.8497
3.1113
3.3054
3.4278
3.4756
3.4476
3.3446
3.1689
2.9245
2.6166
2.2507
1.8329
1.3688
0.8641
0.3238
0.1000
0.1000
0.1000
0.1000
0.1000
0.1000
0.1000
0.1000
0.1000
0.1000
0.1000
0.1000
0.1000
0.1000
0.1000
0.1000
0.1000
0.1000
0.1000
0.1000
0.1000
0.1000
0.1000
0.1000
0.1000
0.1000
0.1000
0.1000
0.1000
0.1000
0.6325
1.1428
1.6138
2.0402
2.4163
2.7364
2.9948
3.1865
3.3074
3.3546
3.3270
3.2252
3.0517
2.8103
2.5059
2.1439
1.7301
1.2703
0.7698
0.2336
0.1000
0.1000
0.1000
0.1000
0.1000
0.1000
0.1000
0.1000
0.1000
0.1000
0.1000
0.1000
0.1000
0.1000
0.1000
0.1000
0.1000
0.1000
0.1000
0.1000
0.1000
0.1000
0.1000
0.1000
0.1000
0.1000
0.1000
0.1000
0.1000
0.1000
0.4827
0.9865
1.4508
1.8707
2.2406
2.5551
2.8087
2.9967
3.1152
3.1614
3.1343
3.0346
2.8646
2.6277
2.3287
1.9727
1.5654
1.1122
0.6183
0.1000
0.1000
0.1000
0.1000
0.1000
0.1000
0.1000
0.1000
0.1000
0.1000
0.1000
0.1000
0.1000
0.1000
0.1000
0.1000
0.1000
0.1000
0.1000
0.1000
0.1000
0.1000
0.1000
0.1000
0.1000
0.1000
0.1000
0.1000
0.1000
0.1000
0.1000
0.2785
0.7735
1.2291
1.6405
2.0023
2.3095
2.5569
2.7401
2.8554
2.9004
2.8740
2.7770
2.6113
2.3803
2.0884
1.7403
1.3415
0.8969
0.4118
0.1000
0.1000
0.1000
0.1000
0.1000
0.1000
0.1000
0.1000
0.1000
0.1000
0.1000
0.1000
0.1000
0.1000
0.1000
0.1000
0.1000
0.1000
0.1000
0.1000
0.1000
0.1000
0.1000
0.1000
0.1000
0.1000
0.1000
0.1000
0.1000
0.1000
0.1000
0.1000
0.5069
0.9521
1.3532
1.7055
2.0041
2.2442
2.4217
2.5333
2.5769
2.5514
2.4575
2.2969
2.0728
1.7892
1.4505
1.0617
0.6276
0.1529
0.1000
0.1000
0.1000
0.1000
0.1000
0.1000
0.1000
0.1000
0.1000
0.1000
0.1000
0.1000
0.1000
0.1000
0.1000
0.1000
0.1000
0.1000
0.1000
0.1000
0.1000
0.1000
0.1000
0.1000
0.1000
0.1000
0.1000
0.1000
0.1000
0.1000
0.1000
0.1000
0.1901
0.6235
1.0132
1.3549
1.6438
1.8758
2.0471
2.1548
2.1967
2.1722
2.0816
1.9268
1.7103
1.4359
1.1076
0.7301
0.3077
0.1000
0.1000
0.1000
0.1000
0.1000
0.1000
0.1000
0.1000
0.1000
0.1000
0.1000
0.1000
0.1000
0.1000
0.1000
0.1000
0.1000
0.1000
0.1000
0.1000
0.1000
0.1000
0.1000
0.1000
0.1000
0.1000
0.1000
0.1000
0.1000
0.1000
0.1000
0.1000
0.1000
0.1000
0.2475
0.6250
0.9552
1.2340
1.4574
1.6222
1.7256
1.7659
1.7423
1.6553
1.5064
1.2980
1.0334
0.7163
0.3508
0.1000
0.1000
0.1000
0.1000
0.1000
0.1000
0.1000
0.1000
0.1000
0.1000
0.1000
0.1000
0.1000
0.1000
0.1000
0.1000
0.1000
0.1000
0.1000
0.1000
0.1000
0.1000
0.1000
0.1000
0.1000
0.1000
0.1000
0.1000
0.1000
0.1000
0.1000
0.1000
0.1000
0.1000
0.1000
0.1000
0.1931
0.5114
0.7797
0.9944
1.1525
1.2516
1.2902
1.2676
1.1842
1.0414
0.8413
0.5868
0.2812
0.1000
0.1000
0.1000
0.1000
0.1000
0.1000
0.1000
0.1000
0.1000
0.1000
0.1000
0.1000
0.1000
0.1000
0.1000
0.1000
0.1000
0.1000
0.1000
0.1000
0.1000
0.1000
0.1000
0.1000
0.1000
0.1000
0.1000
0.1000
0.1000
0.1000
0.1000
0.1000
0.1000
0.1000
0.1000
0.1000
0.1000
0.1000
0.1000
0.2859
0.4918
0.6433
0.7381
0.7750
0.7534
0.6737
0.5369
0.3450
0.1006
0.1000
0.1000
0.1000
0.1000
0.1000
0.1000
0.1000
0.1000
0.1000
0.1000
0.1000
0.1000
0.1000
0.1000
0.1000
0.1000
0.1000
0.1000
0.1000
0.1000
0.1000
0.1000
0.1000
0.1000
0.1000
0.1000
0.1000
0.1000
0.1000
0.1000
0.1000
0.1000
0.1000
0.1000
0.1000
0.1000
0.1000
0.1000
0.1000
0.1000
0.1000
0.1000
0.1000
0.1901
0.2253
0.2047
0.1285
0.1000
0.1000
0.1000
0.1000
0.1000
0.1000
0.1000
0.1000
0.1000
0.1000
0.1000
0.1000
0.1000
0.1000
0.1000
0.1000
0.1000
0.1000
0.1000
0.1000
0.1000
0.1000
0.1000
0.1000
0.1000
0.1000
0.1000
0.1000
0.1000
0.1000
0.1000
0.1000
0.1000
0.1000
0.1000
0.1000
0.1000
0.1000
0.1000
0.1000
0.1000
0.1000
0.1000
0.1000
0.1000
0.1000
0.1000
0.1000
0.1000
0.1000
0.1000
0.1000
0.1000
0.1000
0.1000
0.1000
0.1000
0.1000
0.1000
0.1000
0.1000
0.1000
0.1000
0.1000
0.1000
0.1000
0.1000
0.1000
0.1000
0.1000
0.1000
0.1000
0.1000
0.1000
0.1000
0.1000
0.1000
0.1000
0.1000
0.1000
0.1000
0.1000
0.1000
0.1000
0.1000
0.1000
0.1000
0.1000
0.1000
0.1000
0.1000
0.1000
0.1000
0.1000
0.1000
0.1000
0.1000
0.1000
0.1000
0.1000
0.1000
0.1000
0.1000
0.1000
0.1000
0.1000
0.1000
0.1000
0.1000
0.1000
0.1000
0.1000
0.1000
0.1000
0.1000
0.1000
0.1000
0.1000
0.1000
0.1000
0.1000
0.1000
0.1000
0.1000
0.1000
0.1000
0.1000
0.1000
0.1000
0.1000
0.1000
0.1000
0.1000
0.1000
0.1000
0.1000
0.1000
0.1000
0.1000
0.1000
0.1000
0.1000
0.1000
0.1000
0.1000
0.1000
0.1000
0.1000
0.1000
0.1000
0.1000
0.1000
0.1000
0.1000
0.1000
0.1000
0.1000
0.1000
0.1000
0.1000
0.1000
0.1000
0.1000
0.1000
0.1000
0.1000
0.1000
0.1000
0.1000
0.1000
0.1000
0.1000
0.1000
0.1000
0.1000
0.1000
0.1000
0.1000
0.1000
0.1000
0.1000
0.1000
0.1000
0.1000
0.1000
0.1000
0.1000
0.1000
0.1000
0.1000
0.1000
0.1000
0.1000
0.1000
0.1000
0.1000
0.1000
0.1000
0.1000
0.1000
0.1000
0.1000
0.1000
0.1000
0.1000
0.1000
0.1000
0.1000
0.1000
0.1000
0.1000
0.1000
0.1000
0.1000
0.1000
0.1000
0.1000
0.1000
0.1000
0.1000
0.1000
0.1000
0.1000
0.1000
0.1000
0.1000
0.1000
0.1000
0.1000
0.1000
0.1000
0.1000
0.1000
0.1000
0.1000
0.1000
0.1000
0.1000
0.1000
0.1000
0.1000
0.1000
0.1000
0.1000
0.1000
0.1000
0.1000
0.1000
0.1000
0.1000
0.1000
0.1000
0.1000
0.1000
0.1000
0.1000
0.1000
0.1000
0.1000
0.1000
0.1000
0.1000
0.1000
0.1000
0.1000
0.1000
0.1000
0.1000
0.1000
0.1000
0.1000
0.1000
0.1000
0.1000
0.1000
0.1000
0.1000
0.1000
0.1000
0.1000
0.1000
0.1000
0.1000
0.1000
0.1000
0.1000
0.1000
0.1000
0.1000
0.1000
0.1000
0.1000
0.1000
0.1000
0.1000
0.1000
0.1000
0.1000
0.1000
0.1000
0.1000
0.1000
0.1000
0.1000
0.1000
0.1000
0.1000
0.1000
0.1000
0.1000
0.1000
0.1000
0.1000
0.1000
0.1000
0.1000
0.1000
0.1000
0.1000
0.1000
0.1000
0.1000
0.1000
0.1000
0.1000
0.1000
0.1000
0.1000
0.1000
0.1000
0.1000
0.1000
0.1000
0.1000
0.1000
0.1000
0.1000
0.1000
0.1000
0.1000
0.1000
0.1000
0.1000
0.1000
0.1000
0.1000
0.1000
0.1000
0.1000
0.1000
0.1000
0.1000
0.1000
0.1000
0.1000
0.1000
0.1000
0.1000
0.1000
0.1000
0.1000
0.1000
0.1000
0.1000
0.1000
0.1000
0.1000
0.1000
0.1000
0.1000
0.1000
0.1000
0.1000
0.1000
0.1000
0.1000
0.1000
0.1000
0.1000
0.1000
0.1000
0.1000
0.1000
0.1000
0.1000
0.1000
0.1000
0.1000
0.1000
0.1000
0.1000
0.1000
0.1000
0.1000
0.1000
0.1000
0.1000
0.1000
0.1000
0.1000
0.1000
0.1000
0.1000
0.1000
0.1000
0.1000
0.1000
0.1000
0.1000
0.1000
0.1000
0.1000
0.1000
0.1000
0.1000
0.1000
0.1000
0.1000
0.1000
0.1000
0.1000
0.1000
0.1000
0.1000
0.1000
0.1000
0.1000
0.1000
0.1000
0.1000
0.1000
0.1000
0.1000
0.1000
0.1000
0.1000
0.1000
0.1000
0.1000
0.1000
0.1000
0.1000
0.1000
0.1000
0.1000
0.1000
0.1000
0.1000
0.1000
0.1000
0.1000
0.1000
0.1000
0.1000
0.1000
0.1000
0.1000
0.1000
0.1000
0.1000
0.1000
0.1000
0.1000
0.1000
0.1000
0.1000
0.1000
0.1000
0.1000
0.1000
0.1000
0.1000
0.1000
0.1000
0.1000
0.1000
0.1000
0.1000
0.1000
0.1000
0.1000
0.1000
0.1000
0.1000
0.1000
0.1000
0.1000
0.1000
0.1000
0.1000
0.1000
0.1000
0.1000
0.1000
0.1000
0.1000
0.1000
0.1000
0.1000
0.1000
0.1000
0.1000
0.1000
0.1000
0.1000
0.1000
0.1000
0.1000
0.1000
0.1000
0.1000
0.1000
0.1000
0.1000
0.1000
0.1000
0.1000
0.1000
0.1000
0.1000
0.1000
0.1000
0.1000
0.1000
0.1000
0.1000
0.1000
0.1000
0.1000
0.1000
0.1000
0.1000
0.1000
0.1000
0.1000
0.1000
0.1000
0.1000
0.1000
0.1000
0.1000
0.1000
0.1000
0.1000
0.1000
0.1000
0.1000
0.1000
0.1000
0.1000
0.1000
0.1000
0.1000
0.1000
0.1000
0.1000
0.1000
0.1000
0.1000
0.1000
0.1000
0.1000
0.1000
0.1000
0.1000
0.1000
0.1000
0.1000
0.1000
0.1000
0.1000
0.1000
0.1000
0.1000
0.1000
0.1000
0.1000
0.1000
0.1000
0.1000
0.1000
0.1000
0.1000
0.1000
0.1000
0.1000
0.1000
0.1000
0.1000
0.1000
0.1000
0.1000
0.1000
0.1000
0.1000
0.1000
0.1000
0.1000
0.1000
0.1000
0.1000
0.1000
0.1000
0.1000
0.1000
0.1000
0.1000
0.1000
0.1000
0.1000
0.1000
0.1000
0.1000
0.1000
0.1000
0.1000
0.1000
0.1000
0.1000
0.1000
0.1000
0.1000
0.1000
0.1000
0.1000
0.1000
0.1000
0.1000
0.1000
0.1000
0.1000
0.1000
0.1000
0.1000
0.1000
0.1000
0.1000
0.1000
0.1000
0.1000
0.1000
0.1000
0.1000
0.1000
0.1000
0.1000
0.1000
0.1000
0.1000
0.1000
0.1000
0.1000
0.1000
0.1000
0.1000
0.1000
0.1000
0.1000
0.1000
0.1000
0.1000
0.1000
0.1000
0.1000
0.1000
0.1000
0.1000
0.1000
0.1000
0.1000
0.1000
0.1000
0.1000
0.1000
0.1000
0.1000
0.1000
0.1000
0.1000
0.1000
0.1000
0.1000
0.1000
0.1000
0.1000
0.1000
0.1000
0.1000
0.1000
0.1000
0.1000
0.1000
0.1000
0.1000
0.1000
0.1000
0.1000
0.1000
0.1000
0.1000
0.1000
0.1000
0.1000
0.1000
0.1000
0.1000
0.1000
0.1000
0.1000
0.1000
0.1000
0.1000
0.1000
0.1000
0.1000
0.1000
0.1000
0.1000
0.1000
0.1000
0.1000
0.1000
0.1000
0.1000
0.1000
0.1000
0.1000
0.1000
0.1000
0.1000
0.1000
0.1000
0.1000
0.1000
0.1000
0.1000
0.1000
0.1000
0.1000
0.1000
0.1000
0.1000
0.1000
0.1000
0.1000
0.1000
0.1000
0.1000
0.1000
0.1000
0.1000
0.1000
0.1000
0.1000
0.1000
0.1000
0.1000
0.1000
0.1000
0.1000
0.1000
0.1000
0.1000
0.1000
0.1000
0.1000
0.1000
0.1000
0.1000
0.1000
0.1000
0.1000
0.1000
0.1000
0.1000
0.1000
0.1000
0.1000
0.1000
0.1000
0.1000
0.1000
0.1000
0.1000
0.1000
0.1000
0.1000
0.1000
0.1000
0.1000
0.1000
0.1000
0.1000
0.1000
0.1000
0.1000
0.1000
0.1000
0.1000
0.1000
0.1000
0.1000
0.1000
0.1000
0.1000
0.1000
0.1000
0.1000
0.1000
0.1000
0.1000
0.1000
0.1000
0.1000
0.1000
0.1000
0.1000
0.1000
0.1000
0.1000
0.1000
0.1000
0.1000
0.1000
0.1000
0.1000
0.1000
0.1000
0.1000
0.1000
0.1000
0.1000
0.1000
0.1000
0.1000
0.1000
0.1000
0.1000
0.1000
0.1000
0.1000
0.1000
0.1000
0.1000
0.1000
0.1000
0.1000
0.1000
0.1000
0.1000
0.1000
0.1000
0.1000
0.1000
0.1000
0.1000
0.1000
0.1000
0.1000
0.1000
0.1000
0.1000
0.1000
0.1000
0.1000
0.1000
0.1000
0.1000
0.1000
0.1000
0.1000
0.1000
0.1000
0.1000
0.1000
0.1000
0.1000
0.1000
0.1000
0.1000
0.1000
0.1000
0.1000
0.1000
0.1000
0.1000
0.1000
0.1000
0.1000
0.1000
0.1000
0.1000
0.1000
0.1000
0.1000
0.1000
0.1000
0.1000
0.1000
0.1000
0.1000
0.1000
0.1000
0.1000
0.1000
0.1000
0.1000
0.1000
0.1000
0.1000
0.1000
0.1000
0.1000
0.1000
0.1000
0.1000
0.1000
0.1000
0.1000
0.1000
0.1000
0.1000
0.1000
0.1000
0.1000
0.1000
0.1000
0.1000
0.1000
0.1000
0.1000
0.1000
0.1000
0.1000
0.1000
0.1000
0.1000
0.1000
0.1000
0.1000
0.1000
0.1000
0.1000
0.1000
0.1000
0.1000
0.1000
0.1000
0.1000
0.1000
0.1000
0.1000
0.1000
0.1000
0.1000
0.1000
0.1000
0.1000
0.1000
0.1000
0.1000
0.1000
0.1000
0.1000
0.1000
0.1000
0.1000
0.1000
0.1000
0.1000
0.1000
0.1000
0.1000
0.1000
0.1000
0.1000
0.1000
0.1000
0.1000
0.1000
0.1000
0.1000
0.1000
0.1000
0.1000
0.1000
0.1000
0.1000
0.1000
0.1000
0.1000
0.1000
0.1000
0.1000
0.1000
0.1000
0.1000
0.1000
0.1000
0.1000
0.1000
0.1000
0.1000
0.1000
0.1000
0.1000
0.1000
0.1000
0.1000
0.1000
0.1000
0.1000
0.1000
0.1000
0.1000
0.1000
0.1000
0.1000
0.1000
0.1000
0.1000
0.1000
0.1000
0.1000
0.1000
0.1000
0.1000
0.1000
0.1000
0.1000
0.1000
0.1000
0.1000
0.1000
0.1000
0.1000
0.1000
0.1000
0.1000
0.1000
0.1000
0.1000
0.1000
0.1000
0.1000
0.1000
0.1000
0.1000
0.1000
0.1000
0.1000
0.1000
0.1000
0.1000
0.1000
0.1000
0.1000
0.1000
0.1000
0.1000
0.1000
0.1000
0.1000
0.1000
0.1000
0.1000
0.1000
0.1000
0.1000
0.1000
0.1000
0.1000
0.1000
0.1000
0.1000
0.1000
0.1000
0.1000
0.1000
0.1000
0.1000
0.1000
0.1000
0.1000
0.1000
0.1000
0.1000
0.1000
0.1000
0.1000
0.1000
0.1000
0.1000
0.1000
0.1000
0.1000
0.1000
0.1000
0.1000
0.1000
0.1000
0.1000
0.1000
0.1000
0.1000
0.1000
0.1000
0.1000
0.1000
0.1000
0.1000
0.1000
0.1000
0.1000
0.1000
0.1000
0.1000
0.1000
0.1000
0.1000
0.1000
0.1000
0.1000
0.1000
0.1000
0.1000
0.1000
0.1000
0.1000
0.1000
0.1000
0.1000
0.1000
0.1000
0.1000
0.1000
0.1000
0.1000
0.1000
0.1000
0.1000
0.1000
0.1000
0.1000
0.1000
0.1000
0.1000
0.1000
0.1000
0.1000
0.1000
0.1000
0.1000
0.1000
0.1000
0.1000
0.1000
0.1000
0.1000
0.1000
0.1000
0.1000
0.1000
0.1000
0.1000
0.1000
0.1000
0.1000
0.1000
0.1000
0.1000
0.1000
0.1000
0.1000
0.1000
0.1000
0.1000
0.1000
0.1000
0.1000
0.1000
0.1000
0.1000
0.1000
0.1000
0.1000
0.1000
0.1000
0.1000
0.1000
0.1000
0.1000
0.1000
0.1000
0.1000
0.1000
0.1000
0.1000
0.1000
0.1000
0.1000
0.1000
0.1000
0.1000
0.1000
0.1000
0.1000
0.1000
0.1000
0.1000
0.1000
0.1000
0.1000
0.1000
0.1000
0.1000
0.1000
0.1000
0.1000
0.1000
0.1000
0.1000
0.1000
0.1000
0.1000
0.1000
0.1000
0.1000
0.1000
0.1000
0.1000
0.1000
0.1000
0.1000
0.1000
0.1000
0.1000
0.1000
0.1000
0.1000
0.1000
0.1000
0.1000
0.1000
0.1000
0.1000
0.1000
0.1000
0.1000
0.1000
0.1000
0.1000
0.1000
0.1000
0.1000
0.1000
0.1000
0.1000
0.1000
0.1000
0.1000
0.1000
0.1000
0.1000
0.1000
0.1000
0.1000
0.1000
0.1000
0.1000
0.1000
0.1000
0.1000
0.1000
0.1000
0.1000
0.1000
0.1000
0.1000
0.1000
0.1000
0.1000
0.1000
0.1000
0.1000
0.1000
0.1000
0.1000
0.1000
0.1000
0.1000
0.1000
0.1000
0.1000
0.1000
0.1000
0.1000
0.1000
0.1000
0.1000
0.1000
0.1000
0.1000
0.1000
0.1000
0.1000
0.1000
0.1000
0.1000
0.1000
0.1000
0.1000
0.1000
0.1000
0.1000
0.1000
0.1000
0.1000
0.1000
0.1000
0.1000
0.1000
0.1000
0.1000
0.1000
0.1000
0.1000
0.1000
0.1000
0.1000
0.1000
0.1000
0.1000
0.1000
0.1000
0.1000
0.1000
0.1000
0.1000
0.1000
0.1000
0.1000
0.1000
0.1000
0.1000
0.1000
0.1000
0.1000
0.1000
0.1000
0.1000
0.1000
0.1000
0.1000
0.1000
0.1000
0.1000
0.1000
0.1000
0.1000
0.1000
0.1000
0.1000
0.1000
0.1000
0.1000
0.1000
0.1000
0.1000
0.1000
0.1000
0.1000
0.1000
0.1000
0.1000
0.1000
0.1000
0.1000
0.1000
0.1000
0.1000
0.1000
0.1000
0.1000
0.1000
0.1000
0.1000
0.1000
0.1000
0.1000
0.1000
0.1000
0.1000
0.1000
0.1000
0.1000
0.1000
0.1000
0.1000
0.1000
0.1000
0.1000
0.1000
0.1000
0.1000
0.1000
0.1000
0.1000
0.1000
0.1000
0.1000
0.1000
0.1000
0.1000
0.1000
0.1000
0.1000
0.1000
0.1000
0.1000
0.1000
0.1000
0.1000
0.1000
0.1000
0.1000
0.1000
0.1000
0.1000
0.1000
0.1000
0.1000
0.1000
0.1000
0.1000
0.1000
0.1000
0.1000
0.1000
0.1000
0.1000
0.1000
0.1000
0.1000
0.1000
0.1000
0.1000
0.1000
0.1000
0.1000
0.1000
0.1000
0.1000
0.1000
0.1000
0.1000
0.1000
0.1000
0.1000
0.1000
0.1000
0.1000
0.1000
0.1000
0.1000
0.1000
0.1000
0.1000
0.1000
0.1000
0.1000
0.1000
0.1000
0.1000
0.1000
0.1000
0.1000
0.1000
0.1000
0.1000
0.1000
0.1000
0.1000
0.1000
0.1000
0.1000
0.1000
0.1000
0.1000
0.1000
0.1000
0.1000
0.1000
0.1646
0.3684
0.5183
0.6122
0.6487
0.6273
0.5484
0.4130
0.2231
0.1000
0.1000
0.1000
0.1000
0.1000
0.1000
0.1000
0.1000
0.1000
0.1000
0.1000
0.1000
0.1000
0.1000
0.1000
0.1000
0.1000
0.1000
0.1000
0.1000
0.1000
0.1000
0.1000
0.1000
0.1000
0.1000
0.1000
0.1000
0.1000
0.1000
0.1000
0.1000
0.1000
0.1000
0.1000
0.1000
0.1000
0.1000
0.1000
0.1164
0.4328
0.6992
0.9124
1.0694
1.1678
1.2061
1.1837
1.1009
0.9591
0.7604
0.5076
0.2040
0.1000
0.1000
0.1000
0.1000
0.1000
0.1000
0.1000
0.1000
0.1000
0.1000
0.1000
0.1000
0.1000
0.1000
0.1000
0.1000
0.1000
0.1000
0.1000
0.1000
0.1000
0.1000
0.1000
0.1000
0.1000
0.1000
0.1000
0.1000
0.1000
0.1000
0.1000
0.1000
0.1000
0.1000
0.1000
0.1000
0.2147
0.5911
0.9203
1.1982
1.4210
1.5852
1.6883
1.7284
1.7049
1.6182
1.4698
1.2621
0.9983
0.6822
0.3177
0.1000
0.1000
0.1000
0.1000
0.1000
0.1000
0.1000
0.1000
0.1000
0.1000
0.1000
0.1000
0.1000
0.1000
0.1000
0.1000
0.1000
0.1000
0.1000
0.1000
0.1000
0.1000
0.1000
0.1000
0.1000
0.1000
0.1000
0.1000
0.1000
0.1000
0.1000
0.1000
0.1000
0.1000
0.2015
0.6353
1.0254
1.3674
1.6567
1.8890
2.0605
2.1683
2.2103
2.1857
2.0950
1.9400
1.7233
1.4485
1.1199
0.7420
0.3192
0.1000
0.1000
0.1000
0.1000
0.1000
0.1000
0.1000
0.1000
0.1000
0.1000
0.1000
0.1000
0.1000
0.1000
0.1000
0.1000
0.1000
0.1000
0.1000
0.1000
0.1000
0.1000
0.1000
0.1000
0.1000
0.1000
0.1000
0.1000
0.1000
0.1000
0.1000
0.1000
0.1000
0.5640
1.0113
1.4146
1.7690
2.0693
2.3109
2.4896
2.6020
2.6458
2.6202
2.5256
2.3640
2.1385
1.8531
1.5125
1.1215
0.6852
0.2084
0.1000
0.1000
0.1000
0.1000
0.1000
0.1000
0.1000
0.1000
0.1000
0.1000
0.1000
0.1000
0.1000
0.1000
0.1000
0.1000
0.1000
0.1000
0.1000
0.1000
0.1000
0.1000
0.1000
0.1000
0.1000
0.1000
0.1000
0.1000
0.1000
0.1000
0.1000
0.3792
0.8785
1.3384
1.7539
2.1197
2.4304
2.6809
2.8664
2.9832
3.0288
3.0021
2.9038
2.7359
2.5021
2.2067
1.8548
1.4518
1.0031
0.5137
0.1000
0.1000
0.1000
0.1000
0.1000
0.1000
0.1000
0.1000
0.1000
0.1000
0.1000
0.1000
0.1000
0.1000
0.1000
0.1000
0.1000
0.1000
0.1000
0.1000
0.1000
0.1000
0.1000
0.1000
0.1000
0.1000
0.1000
0.1000
0.1000
0.1000
0.1000
0.6309
1.1411
1.6120
2.0383
2.4144
2.7344
2.9928
3.1845
3.3053
3.3524
3.3248
3.2231
3.0497
2.8083
2.5039
2.1420
1.7283
1.2686
0.7682
0.2320
0.1000
0.1000
0.1000
0.1000
0.1000
0.1000
0.1000
0.1000
0.1000
0.1000
0.1000
0.1000
0.1000
0.1000
0.1000
0.1000
0.1000
0.1000
0.1000
0.1000
0.1000
0.1000
0.1000
0.1000
0.1000
0.1000
0.1000
0.1000
0.1000
0.2754
0.8290
1.3482
1.8282
2.2634
2.6480
2.9758
3.2409
3.4378
3.5620
3.6105
3.5821
3.4775
3.2993
3.0516
2.7397
2.3694
1.9469
1.4781
0.9686
0.4236
0.1000
0.1000
0.1000
0.1000
0.1000
0.1000
0.1000
0.1000
0.1000
0.1000
0.1000
0.1000
0.1000
0.1000
0.1000
0.1000
0.1000
0.1000
0.1000
0.1000
0.1000
0.1000
0.1000
0.1000
0.1000
0.1000
0.1000
0.1000
0.1000
0.4107
0.9707
1.4967
1.9834
2.4252
2.8162
3.1498
3.4200
3.6208
3.7476
3.7971
3.7681
3.6613
3.4795
3.2271
2.9095
2.5329
2.1038
1.6283
1.1121
0.5606
0.1000
0.1000
0.1000
0.1000
0.1000
0.1000
0.1000
0.1000
0.1000
0.1000
0.1000
0.1000
0.1000
0.1000
0.1000
0.1000
0.1000
0.1000
0.1000
0.1000
0.1000
0.1000
0.1000
0.1000
0.1000
0.1000
0.1000
0.1000
0.1000
0.4903
1.0541
1.5840
2.0748
2.5207
2.9155
3.2527
3.5259
3.7291
3.8575
3.9077
3.8783
3.7702
3.5862
3.3308
3.0097
2.6294
2.1963
1.7167
1.1966
0.6411
0.1000
0.1000
0.1000
0.1000
0.1000
0.1000
0.1000
0.1000
0.1000
0.1000
0.1000
0.1000
0.1000
0.1000
0.1000
0.1000
0.1000
0.1000
0.1000
0.1000
0.1000
0.1000
0.1000
0.1000
0.1000
0.1000
0.1000
0.1000
0.1000
0.5129
1.0779
1.6089
2.1009
2.5479
2.9438
3.2821
3.5562
3.7601
3.8889
3.9393
3.9098
3.8013
3.6166
3.3604
3.0384
2.6569
2.2227
1.7419
1.2206
0.6640
0.1000
0.1000
0.1000
0.1000
0.1000
0.1000
0.1000
0.1000
0.1000
0.1000
0.1000
0.1000
0.1000
0.1000
0.1000
0.1000
0.1000
0.1000
0.1000
0.1000
0.1000
0.1000
0.1000
0.1000
0.1000
0.1000
0.1000
0.1000
0.1000
0.4783
1.0416
1.5709
2.0611
2.5063
2.9006
3.2372
3.5100
3.7128
3.8409
3.8910
3.8617
3.7538
3.5701
3.3152
2.9947
2.6149
2.1824
1.7034
1.1839
0.6290
0.1000
0.1000
0.1000
0.1000
0.1000
0.1000
0.1000
0.1000
0.1000
0.1000
0.1000
0.1000
0.1000
0.1000
0.1000
0.1000
0.1000
0.1000
0.1000
0.1000
0.1000
0.1000
0.1000
0.1000
0.1000
0.1000
0.1000
0.1000
0.1000
0.3870
0.9459
1.4706
1.9561
2.3968
2.7866
3.1192
3.3884
3.5886
3.7149
3.7642
3.7354
3.6290
3.4478
3.1962
2.8796
2.5042
2.0762
1.6019
1.0869
0.5365
0.1000
0.1000
0.1000
0.1000
0.1000
0.1000
0.1000
0.1000
0.1000
0.1000
0.1000
0.1000
0.1000
0.1000
0.1000
0.1000
0.1000
0.1000
0.1000
0.1000
0.1000
0.1000
0.1000
0.1000
0.1000
0.1000
0.1000
0.1000
0.1000
0.2402
0.7921
1.3097
1.7879
2.2215
2.6044
2.9307
3.1945
3.3904
3.5140
3.5623
3.5340
3.4300
3.2527
3.0062
2.6957
2.3270
1.9062
1.4391
0.9313
0.3880
0.1000
0.1000
0.1000
0.1000
0.1000
0.1000
0.1000
0.1000
0.1000
0.1000
0.1000
0.1000
0.1000
0.1000
0.1000
0.1000
0.1000
0.1000
0.1000
0.1000
0.1000
0.1000
0.1000
0.1000
0.1000
0.1000
0.1000
0.1000
0.1000
0.1000
0.5826
1.0907
1.5594
1.9836
2.3576
2.6758
2.9326
3.1231
3.2431
3.2900
3.2626
3.1615
2.9892
2.7493
2.4467
2.0867
1.6752
1.2176
0.7193
0.1853
0.1000
0.1000
0.1000
0.1000
0.1000
0.1000
0.1000
0.1000
0.1000
0.1000
0.1000
0.1000
0.1000
0.1000
0.1000
0.1000
0.1000
0.1000
0.1000
0.1000
0.1000
0.1000
0.1000
0.1000
0.1000
0.1000
0.1000
0.1000
0.1000
0.1000
0.3201
0.8169
1.2743
1.6873
2.0508
2.3594
2.6081
2.7922
2.9081
2.9534
2.9269
2.8293
2.6628
2.4306
2.1372
1.7876
1.3871
0.9408
0.4539
0.1000
0.1000
0.1000
0.1000
0.1000
0.1000
0.1000
0.1000
0.1000
0.1000
0.1000
0.1000
0.1000
0.1000
0.1000
0.1000
0.1000
0.1000
0.1000
0.1000
0.1000
0.1000
0.1000
0.1000
0.1000
0.1000
0.1000
0.1000
0.1000
0.1000
0.1000
0.1000
0.4920
0.9366
1.3372
1.6890
1.9871
2.2268
2.4040
2.5154
2.5589
2.5335
2.4397
2.2794
2.0557
1.7725
1.4344
1.0461
0.6125
0.1385
0.1000
0.1000
0.1000
0.1000
0.1000
0.1000
0.1000
0.1000
0.1000
0.1000
0.1000
0.1000
0.1000
0.1000
0.1000
0.1000
0.1000
0.1000
0.1000
0.1000
0.1000
0.1000
0.1000
0.1000
0.1000
0.1000
0.1000
0.1000
0.1000
0.1000
0.1000
0.1000
0.1200
0.5508
0.9382
1.2775
1.5644
1.7947
1.9647
2.0715
2.1131
2.0888
1.9990
1.8453
1.6304
1.3580
1.0320
0.6568
0.2369
0.1000
0.1000
0.1000
0.1000
0.1000
0.1000
0.1000
0.1000
0.1000
0.1000
0.1000
0.1000
0.1000
0.1000
0.1000
0.1000
0.1000
0.1000
0.1000
0.1000
0.1000
0.1000
0.1000
0.1000
0.1000
0.1000
0.1000
0.1000
0.1000
0.1000
0.1000
0.1000
0.1000
0.1000
0.1215
0.4950
0.8216
1.0971
1.3178
1.4805
1.5826
1.6223
1.5991
1.5132
1.3662
1.1604
0.8989
0.5853
0.2237
0.1000
0.1000
0.1000
0.1000
0.1000
0.1000
0.1000
0.1000
0.1000
0.1000
0.1000
0.1000
0.1000
0.1000
0.1000
0.1000
0.1000
0.1000
0.1000
0.1000
0.1000
0.1000
0.1000
0.1000
0.1000
0.1000
0.1000
0.1000
0.1000
0.1000
0.1000
0.1000
0.1000
0.1000
0.1000
0.1000
0.1000
0.3261
0.5902
0.8014
0.9569
1.0543
1.0922
1.0701
0.9881
0.8477
0.6508
0.4003
0.1000
0.1000
0.1000
0.1000
0.1000
0.1000
0.1000
0.1000
0.1000
0.1000
0.1000
0.1000
0.1000
0.1000
0.1000
0.1000
0.1000
0.1000
0.1000
0.1000
0.1000
0.1000
0.1000
0.1000
0.1000
0.1000
0.1000
0.1000
0.1000
0.1000
0.1000
0.1000
0.1000
0.1000
0.1000
0.1000
0.1000
0.1000
0.1000
0.1000
0.1000
0.2506
0.3990
0.4919
0.5281
0.5069
0.4288
0.2948
0.1066
0.1000
0.1000
0.1000
0.1000
0.1000
0.1000
0.1000
0.1000
0.1000
0.1000
0.1000
0.1000
0.1000
0.1000
0.1000
0.1000
0.1000
0.1000
0.1000
0.1000
0.1000
0.1000
0.1000
0.1000
0.1000
0.1000
0.1000
0.1000
0.1000
0.1000
0.1000
0.1000
0.1000
0.1000
0.1000
0.1000
0.1000
0.1000
0.1000
0.1000
0.1000
0.1000
0.1000
0.1000
0.1000
0.1000
0.1000
0.1000
0.1000
0.1000
0.1000
0.1000
0.1000
0.1000
0.1000
0.1000
0.1000
0.1000
0.1000
0.1000
0.1000
0.1000
0.1000
0.1000
0.1000
0.1000
0.1000
0.1000
0.1000
0.1000
0.1000
0.1000
0.1000
0.1000
0.1000
0.1000
0.1000
0.1000
0.1000
0.1000
0.1000
0.1000
0.1000
0.1000
0.1000
0.1000
0.1000
0.1000
0.1000
0.1000
0.1000
0.1000
0.1000
0.1000
0.1000
0.1000
0.1000
0.1000
0.1000
0.1000
0.1000
0.1000
0.1000
0.1000
0.1000
0.1000
0.1000
0.1000
0.1000
0.1000
0.1000
0.1000
0.1000
0.1000
0.1000
0.1000
0.1000
0.1000
0.1000
0.1000
0.1000
0.1000
0.1000
0.1000
0.1000
0.1000
0.1000
0.1000
0.1000
0.1000
0.1000
0.1000
0.1000
0.1000
0.1000
0.1000
0.1000
0.1000
0.1000
0.1000
0.1000
0.1000
0.1000
0.1000
0.1000
0.1000
0.1000
0.1000
0.1000
0.1000
0.1000
0.1000
0.1000
0.1000
0.1000
0.1000
0.1000
0.1000
0.1000
0.1000
0.1000
0.1000
0.1000
0.1000
0.1000
0.1000
0.1000
0.1000
0.1000
0.1000
0.1000
0.1000
0.1000
0.1000
0.1000
0.1000
0.1000
0.1000
0.1000
0.1000
0.1000
0.1000
0.1000
0.1000
0.1000
0.1000
0.1000
0.1000
0.1000
0.1000
0.1000
0.1000
0.1000
0.1000
0.1000
0.1000
0.1000
0.1000
0.1000
0.1000
0.1000
0.1000
0.1000
0.1000
0.1000
0.1000
0.1000
0.1000
0.1000
0.1000
0.1000
0.1000
0.1000
0.1000
0.1000
0.1000
0.1000
0.1000
0.1000
0.1000
0.1000
0.1000
0.1000
0.1000
0.1000
0.1000
0.1000
0.1000
0.1000
0.1000
0.1000
0.1000
0.1000
0.1000
0.1000
0.1000
0.1000
0.1000
0.1000
0.1000
0.1000
0.1000
0.1000
0.1000
0.1000
0.1000
0.1000
0.1000
0.1000
0.1000
0.1000
0.1000
0.1000
0.1000
0.1000
0.1000
0.1000
0.1000
0.1000
0.1000
0.1000
0.1000
0.1000
0.1000
0.1000
0.1000
0.1000
0.1000
0.1000
0.1000
0.1000
0.1000
0.1000
0.1000
0.1000
0.1000
0.1000
0.1000
0.1000
0.1000
0.1000
0.1000
0.1000
0.1000
0.1000
0.1000
0.1000
0.1000
0.1000
0.1000
0.1000
0.1000
0.1000
0.1000
0.1000
0.1000
0.1000
0.1000
0.1000
0.1000
0.1000
0.1000
0.1000
0.1000
0.1000
0.1000
0.1000
0.1000
0.1000
0.1000
0.1000
0.1000
0.1000
0.1000
0.1000
0.1000
0.1000
0.1000
0.1000
0.1000
0.1000
0.1000
0.1000
0.1000
0.1000
0.1000
0.1000
0.1000
0.1000
0.1000
0.1000
0.1000
0.1000
0.1000
0.1000
0.1000
0.1000
0.1000
0.1000
0.1000
0.1000
0.1000
0.1000
0.1000
0.1000
0.1000
0.1000
0.1000
0.1000
0.1000
0.1000
0.1000
0.1000
0.1000
0.1000
0.1000
0.1000
0.1000
0.1000
0.1000
0.1000
0.1000
0.1000
0.1000
0.1000
0.1000
0.1000
0.1000
0.1000
0.1000
0.1000
0.1000
0.1000
0.1000
0.1000
0.1000
0.1000
0.1000
0.1000
0.1000
0.1000
0.1000
0.1000
0.1000
0.1000
0.1000
0.1000
0.1000
0.1000
0.1000
0.1000
0.1000
0.1000
0.1000
0.1000
0.1000
0.1000
0.1000
0.1000
0.1000
0.1000
0.1000
0.1000
0.1000
0.1000
0.1000
0.1000
0.1000
0.1000
0.1000
0.1000
0.1000
0.1000
0.1000
0.1000
0.1000
0.1000
0.1000
0.1000
0.1000
0.1000
0.1000
0.1000
0.1000
0.1000
0.1000
0.1000
0.1000
0.1000
0.1000
0.1000
0.1000
0.1000
0.1000
0.1000
0.1000
0.1000
0.1000
0.1000
0.1000
0.1000
0.1000
0.1000
0.1000
0.1000
0.1000
0.1000
0.1000
0.1000
0.1000
0.1000
0.1000
0.1000
0.1000
0.1000
0.1000
0.1000
0.1000
0.1000
0.1000
0.1000
0.1000
0.1000
0.1000
0.1000
0.1000
0.1000
0.1000
0.1000
0.1000
0.1000
0.1000
0.1000
0.1000
0.1000
0.1000
0.1000
0.1000
0.1000
0.1000
0.1000
0.1000
0.1000
0.1000
0.1000
0.1000
0.1000
0.1000
0.1000
0.1000
0.1000
0.1000
0.1000
0.1000
0.1000
0.1000
0.1000
0.1000
0.1000
0.1000
0.1000
0.1000
0.1000
0.1000
0.1000
0.1000
0.1000
0.1000
0.1000
0.1000
0.1000
0.1000
0.1000
0.1000
0.1000
0.1000
0.1000
0.1000
0.1000
0.1000
0.1000
0.1000
0.1000
0.1000
0.1000
0.1000
0.1000
0.1000
0.1000
0.1000
0.1000
0.1000
0.1000
0.1000
0.1000
0.1000
0.1000
0.1000
0.1000
0.1000
0.1000
0.1000
0.1000
0.1000
0.1000
0.1000
0.1000
0.1000
0.1000
0.1000
0.1000
0.1000
0.1000
0.1000
0.1000
0.1000
0.1000
0.1000
0.1000
0.1000
0.1000
0.1000
0.1000
0.1000
0.1000
0.1000
0.1000
0.1000
0.1000
0.1000
0.1000
0.1000
0.1000
0.1000
0.1000
0.1000
0.1000
0.1000
0.1000
0.1000
0.1000
0.1000
0.1000
0.1000
0.1000
0.1000
0.1000
0.1000
0.1000
0.1000
0.1000
0.1000
0.1000
0.1000
0.1000
0.1000
0.1000
0.1000
0.1000
0.1000
0.1000
0.1000
0.1000
0.1000
0.1000
0.1000
0.1000
0.1000
0.1000
0.1000
0.1000
0.1000
0.1000
0.1000
0.1000
0.1000
0.1000
0.1000
0.1000
0.1000
0.1000
0.1000
0.1000
0.1000
0.1000
0.1000
0.1000
0.1000
0.1000
0.1000
0.1000
0.1000
0.1000
0.1000
0.1000
0.1000
0.1000
0.1000
0.1000
0.1000
0.1000
0.1000
0.1000
0.1000
0.1000
0.1000
0.1000
0.1000
0.1000
0.1000
0.1000
0.1000
0.1000
0.1000
0.1000
0.1000
0.1000
0.1000
0.1000
0.1000
0.1000
0.1000
0.1000
0.1000
0.1000
0.1000
0.1000
0.1000
0.1000
0.1000
0.1000
0.1000
0.1000
0.1000
0.1000
0.1000
0.1000
0.1000
0.1000
0.1000
0.1000
0.1000
0.1000
0.1000
0.1000
0.1000
0.1000
0.1000
0.1000
0.1000
0.1000
0.1000
0.1000
0.1000
0.1000
0.1000
0.1000
0.1000
0.1000
0.1000
0.1000
0.1000
0.1000
0.1000
0.1000
0.1000
0.1000
0.1000
0.1000
0.1000
0.1000
0.1000
0.1000
0.1000
0.1000
0.1000
0.1000
0.1000
0.1000
0.1000
0.1000
0.1000
0.1000
0.1000
0.1000
0.1000
0.1000
0.1000
0.1000
0.1000
0.1000
0.1000
0.1000
0.1000
0.1000
0.1000
0.1000
0.1000
0.1000
0.1000
0.1000
0.1000
0.1000
0.1000
0.1000
0.1000
0.1000
0.1000
0.1000
0.1000
0.1000
0.1000
0.1000
0.1000
0.1000
0.1000
0.1000
0.1000
0.1000
0.1000
0.1000
0.1000
0.1000
0.1000
0.1000
0.1000
0.1000
0.1000
0.1000
0.1000
0.1000
0.1000
0.1000
0.1000
0.1000
0.1000
0.1000
0.1000
0.1000
0.1000
0.1000
0.1000
0.1000
0.1000
0.1000
0.1000
0.1000
0.1000
0.1000
0.1000
0.1000
0.1000
0.1000
0.1000
0.1000
0.1000
0.1000
0.1000
0.1000
0.1000
0.1000
0.1000
0.1000
0.1000
0.1000
0.1000
0.1000
0.1000
0.1000
0.1000
0.1000
0.1000
0.1000
0.1000
0.1000
0.1000
0.1000
0.1000
0.1000
0.1000
0.1000
0.1000
0.1000
0.1000
0.1000
0.1000
0.1000
0.1000
0.1000
0.1000
0.1000
0.1000
0.1000
0.1000
0.1000
0.1000
0.1000
0.1000
0.1000
0.1000
0.1000
0.1000
0.1000
0.1000
0.1000
0.1000
0.1000
0.1000
0.1000
0.1000
0.1000
0.1000
0.1000
0.1000
0.1000
0.1000
0.1000
0.1000
0.1000
0.1000
0.1000
0.1000
0.1000
0.1000
0.1000
0.1000
0.1000
0.1000
0.1000
0.1000
0.1000
0.1000
0.1000
0.1000
0.1000
0.1000
0.1000
0.1000
0.1000
0.1000
0.1000
0.1000
0.1000
0.1000
0.1000
0.1000
0.1000
0.1000
0.1000
0.1000
0.1000
0.1000
0.1000
0.1000
0.1000
0.1000
0.1000
0.1000
0.1000
0.1000
0.1000
0.1000
0.1000
0.1000
0.1000
0.1000
0.1000
0.1000
0.1000
0.1000
0.1000
0.1000
0.1000
0.1000
0.1000
0.1000
0.1000
0.1000
0.1000
0.1000
0.1000
0.1000
0.1000
0.1000
0.1000
0.1000
0.1000
0.1000
0.1000
0.1000
0.1000
0.1000
0.1000
0.1000
0.1000
0.1000
0.1000
0.1000
0.1000
0.1000
0.1000
0.1000
0.1000
0.1000
0.1000
0.1000
0.1000
0.1000
0.1000
0.1000
0.1000
0.1000
0.1000
0.1000
0.1000
0.1000
0.1000
0.1000
0.1000
0.1000
0.1000
0.1000
0.1000
0.1000
0.1000
0.1000
0.1000
0.1000
0.1000
0.1000
0.1000
0.1000
0.1000
0.1000
0.1000
0.1000
0.1000
0.1000
0.1000
0.1000
0.1000
0.1000
0.1000
0.1000
0.1000
0.1000
0.1000
0.1000
0.1000
0.1000
0.1000
0.1000
0.1000
0.1000
0.1000
0.1000
0.1000
0.1000
0.1000
0.1000
0.1000
0.1000
0.1000
0.1000
0.1000
0.1000
0.1000
0.1000
0.1000
0.1000
0.1000
0.1000
0.1000
0.1000
0.1000
0.1000
0.1000
0.1000
0.1000
0.1000
0.1000
0.1000
0.1000
0.1000
0.1000
0.1000
0.1000
0.1000
0.1000
0.1000
0.1000
0.1000
0.1000
0.1000
0.1000
0.1000
0.1000
0.1000
0.1000
0.1000
0.1000
0.1000
0.1000
0.1000
0.1000
0.1000
0.1000
0.1000
0.1000
0.1000
0.1000
0.1000
0.1000
0.1000
0.1000
0.1000
0.1000
0.1000
0.1000
0.1000
0.1000
0.1000
0.1000
0.1000
0.1000
0.1000
0.1000
0.1000
0.1000
0.1000
0.1000
0.1000
0.1000
0.1000
0.1000
0.1000
0.1000
0.1000
0.1000
0.1000
0.1000
0.1000
0.1000
0.1000
0.1000
0.1000
0.1000
0.1000
0.1000
0.1000
0.1000
0.1000
0.1000
0.1000
0.1000
0.1000
0.1000
0.1000
0.1000
0.1000
0.1000
0.1000
0.1000
0.1000
0.1000
0.1000
0.1000
0.1000
0.1000
0.1000
0.1000
0.1000
0.1000
0.1000
0.1000
0.1000
0.1000
0.1000
0.1000
0.1000
0.1000
0.1000
0.1000
0.1000
0.1000
0.1000
0.1000
0.1000
0.1000
0.1000
0.1000
0.1000
0.1000
0.1000
0.1000
0.1000
0.1000
0.1000
0.1000
0.1000
0.1000
0.1000
0.1000
0.1000
0.1000
0.1000
0.1000
0.1000
0.1000
0.1000
0.1000
0.1000
0.1000
0.1000
0.1000
0.1000
0.1000
0.1000
0.1000
0.1000
0.1000
0.1000
0.1000
0.1000
0.1000
0.1000
0.1000
0.1000
0.1000
0.1000
0.1000
0.1000
0.1000
0.1000
0.1000
0.1000
0.1000
0.1000
0.1000
0.1000
0.1000
0.1000
0.1000
0.1000
0.1000
0.1000
0.1000
0.1000
0.1000
0.1000
0.1000
0.1000
0.1000
0.1000
0.1000
0.1000
0.1000
0.1000
0.1000
0.1000
0.1000
0.1000
0.1000
0.1000
0.1000
0.1000
0.1000
0.1000
0.1000
0.1000
0.1000
0.1000
0.1000
0.1000
0.1000
0.1000
0.1000
0.1000
0.1000
0.1000
0.1000
0.1000
0.1000
0.1000
0.1000
0.1000
0.1000
0.1000
0.1000
0.1000
0.1000
0.1000
0.1000
0.1000
0.1000
0.1000
0.1000
0.1000
0.1000
0.1000
0.1000
0.1000
0.1000
0.1000
0.1000
0.1000
0.1000
0.1000
0.1000
0.1000
0.1000
0.1000
0.1000
0.1000
0.1000
0.1000
0.1000
0.1000
0.1000
0.1000
0.1000
0.1000
0.1000
0.1000
0.1000
0.1000
0.1000
0.1000
0.1000
0.1000
0.1000
0.1000
0.1000
0.1000
0.1000
0.1000
0.1000
0.1000
0.1000
0.1000
0.1000
0.1000
0.1000
0.1000
0.1000
0.1000
0.1000
0.1000
0.1000
0.1000
0.1000
0.1000
0.1000
0.1000
0.1000
0.1000
0.1000
0.1000
0.1000
0.1000
0.1000
0.1000
0.1000
0.1000
0.1000
0.1000
0.1000
0.1000
0.1000
0.1000
0.1000
0.1000
0.1000
0.1000
0.1000
0.1000
0.1000
0.1000
0.1000
0.1000
0.1000
0.1000
0.1000
0.1000
0.1000
0.1000
0.1000
0.1000
0.1000
0.1000
0.1000
0.1000
0.1000
0.1000
0.1000
0.1000
0.1000
0.1000
0.1000
0.1000
0.1000
0.1000
0.1000
0.1000
0.1000
0.1000
0.1000
0.1000
0.1000
0.1000
0.1000
0.1000
0.1000
0.1000
0.1000
0.1000
0.1000
0.1000
0.1000
0.1000
0.1000
0.1000
0.1000
0.1000
0.1000
0.1000
0.1000
0.1000
0.1000
0.1000
0.1000
0.1000
0.1000
0.1000
0.1000
0.1000
0.1000
0.1000
0.1000
0.1000
0.1000
0.1000
0.1000
0.1000
0.1000
0.1000
0.1000
0.1000
0.1000
0.1000
0.1000
0.1000
0.1000
0.1000
0.1000
0.1000
0.1000
0.1000
0.1000
0.1000
0.1000
0.1000
0.1000
0.1000
0.1000
0.1000
0.1000
0.1000
0.1000
0.1000
0.1000
0.1000
0.1000
0.1000
0.1000
0.1000
0.1000
0.1000
0.1000
0.1000
0.1000
0.1000
0.1000
0.1000
0.1000
0.1000
0.1000
0.1000
0.1000
0.1000
0.1000
0.1000
0.1000
0.1000
0.1000
0.1000
0.1000
0.1000
0.1000
0.1000
0.1000
0.1000
0.1000
0.2181
0.3096
0.3452
0.3244
0.2474
0.1153
0.1000
0.1000
0.1000
0.1000
0.1000
0.1000
0.1000
0.1000
0.1000
0.1000
0.1000
0.1000
0.1000
0.1000
0.1000
0.1000
0.1000
0.1000
0.1000
0.1000
0.1000
0.1000
0.1000
0.1000
0.1000
0.1000
0.1000
0.1000
0.1000
0.1000
0.1000
0.1000
0.1000
0.1000
0.1000
0.1000
0.1000
0.1000
0.1000
0.1000
0.1000
0.1903
0.4514
0.6602
0.8138
0.9100
0.9474
0.9255
0.8446
0.7059
0.5113
0.2636
0.1000
0.1000
0.1000
0.1000
0.1000
0.1000
0.1000
0.1000
0.1000
0.1000
0.1000
0.1000
0.1000
0.1000
0.1000
0.1000
0.1000
0.1000
0.1000
0.1000
0.1000
0.1000
0.1000
0.1000
0.1000
0.1000
0.1000
0.1000
0.1000
0.1000
0.1000
0.1000
0.1000
0.1000
0.1000
0.1000
0.1000
0.1000
0.4021
0.7261
0.9993
1.2182
1.3794
1.4805
1.5199
1.4969
1.4118
1.2661
1.0621
0.8028
0.4917
0.1328
0.1000
0.1000
0.1000
0.1000
0.1000
0.1000
0.1000
0.1000
0.1000
0.1000
0.1000
0.1000
0.1000
0.1000
0.1000
0.1000
0.1000
0.1000
0.1000
0.1000
0.1000
0.1000
0.1000
0.1000
0.1000
0.1000
0.1000
0.1000
0.1000
0.1000
0.1000
0.1000
0.1000
0.1000
0.1000
0.5027
0.8884
1.2263
1.5119
1.7411
1.9102
2.0164
2.0578
2.0336
1.9442
1.7913
1.5776
1.3064
0.9818
0.6082
0.1900
0.1000
0.1000
0.1000
0.1000
0.1000
0.1000
0.1000
0.1000
0.1000
0.1000
0.1000
0.1000
0.1000
0.1000
0.1000
0.1000
0.1000
0.1000
0.1000
0.1000
0.1000
0.1000
0.1000
0.1000
0.1000
0.1000
0.1000
0.1000
0.1000
0.1000
0.1000
0.1000
0.1000
0.4892
0.9337
1.3342
1.6859
1.9839
2.2235
2.4007
2.5121
2.5555
2.5301
2.4364
2.2762
2.0525
1.7694
1.4313
1.0432
0.6097
0.1358
0.1000
0.1000
0.1000
0.1000
0.1000
0.1000
0.1000
0.1000
0.1000
0.1000
0.1000
0.1000
0.1000
0.1000
0.1000
0.1000
0.1000
0.1000
0.1000
0.1000
0.1000
0.1000
0.1000
0.1000
0.1000
0.1000
0.1000
0.1000
0.1000
0.1000
0.1000
0.3620
0.8606
1.3197
1.7345
2.0996
2.4098
2.6597
2.8448
2.9613
3.0068
2.9802
2.8821
2.7146
2.4813
2.1865
1.8353
1.4330
0.9850
0.4963
0.1000
0.1000
0.1000
0.1000
0.1000
0.1000
0.1000
0.1000
0.1000
0.1000
0.1000
0.1000
0.1000
0.1000
0.1000
0.1000
0.1000
0.1000
0.1000
0.1000
0.1000
0.1000
0.1000
0.1000
0.1000
0.1000
0.1000
0.1000
0.1000
0.1000
0.1247
0.6712
1.1833
1.6560
2.0841
2.4618
2.7834
3.0431
3.2359
3.3573
3.4048
3.3770
3.2747
3.1003
2.8577
2.5518
2.1882
1.7728
1.3113
0.8090
0.2711
0.1000
0.1000
0.1000
0.1000
0.1000
0.1000
0.1000
0.1000
0.1000
0.1000
0.1000
0.1000
0.1000
0.1000
0.1000
0.1000
0.1000
0.1000
0.1000
0.1000
0.1000
0.1000
0.1000
0.1000
0.1000
0.1000
0.1000
0.1000
0.1000
0.3711
0.9292
1.4531
1.9379
2.3778
2.7668
3.0987
3.3673
3.5670
3.6930
3.7423
3.7134
3.6073
3.4266
3.1755
2.8596
2.4849
2.0578
1.5842
1.0701
0.5204
0.1000
0.1000
0.1000
0.1000
0.1000
0.1000
0.1000
0.1000
0.1000
0.1000
0.1000
0.1000
0.1000
0.1000
0.1000
0.1000
0.1000
0.1000
0.1000
0.1000
0.1000
0.1000
0.1000
0.1000
0.1000
0.1000
0.1000
0.1000
0.1000
0.5649
1.1325
1.6662
2.1608
2.6105
3.0090
3.3497
3.6258
3.8314
3.9613
4.0120
3.9823
3.8729
3.6868
3.4286
3.1042
2.7202
2.2833
1.7998
1.2758
0.7167
0.1271
0.1000
0.1000
0.1000
0.1000
0.1000
0.1000
0.1000
0.1000
0.1000
0.1000
0.1000
0.1000
0.1000
0.1000
0.1000
0.1000
0.1000
0.1000
0.1000
0.1000
0.1000
0.1000
0.1000
0.1000
0.1000
0.1000
0.1000
0.1000
0.7035
1.2780
1.8190
2.3210
2.7781
3.1837
3.5309
3.8128
4.0228
4.1557
4.2076
4.1772
4.0653
3.8750
3.6114
3.2807
2.8897
2.4454
1.9546
1.4233
0.8571
0.2608
0.1000
0.1000
0.1000
0.1000
0.1000
0.1000
0.1000
0.1000
0.1000
0.1000
0.1000
0.1000
0.1000
0.1000
0.1000
0.1000
0.1000
0.1000
0.1000
0.1000
0.1000
0.1000
0.1000
0.1000
0.1000
0.1000
0.1000
0.1776
0.7850
1.3637
1.9090
2.4155
2.8770
3.2869
3.6382
3.9235
4.1363
4.2710
4.3237
4.2928
4.1794
3.9866
3.7196
3.3850
2.9898
2.5411
2.0458
1.5101
0.9397
0.3394
0.1000
0.1000
0.1000
0.1000
0.1000
0.1000
0.1000
0.1000
0.1000
0.1000
0.1000
0.1000
0.1000
0.1000
0.1000
0.1000
0.1000
0.1000
0.1000
0.1000
0.1000
0.1000
0.1000
0.1000
0.1000
0.1000
0.1000
0.1996
0.8082
1.3881
1.9347
2.4424
2.9052
3.3164
3.6688
3.9552
4.1688
4.3040
4.3569
4.3259
4.2120
4.0185
3.7506
3.4148
3.0183
2.5683
2.0718
1.5348
0.9632
0.3617
0.1000
0.1000
0.1000
0.1000
0.1000
0.1000
0.1000
0.1000
0.1000
0.1000
0.1000
0.1000
0.1000
0.1000
0.1000
0.1000
0.1000
0.1000
0.1000
0.1000
0.1000
0.1000
0.1000
0.1000
0.1000
0.1000
0.1000
0.1659
0.7728
1.3508
1.8955
2.4012
2.8621
3.2714
3.6220
3.9068
4.1192
4.2536
4.3062
4.2754
4.1622
3.9698
3.7033
3.3693
2.9747
2.5267
2.0321
1.4971
0.9273
0.3276
0.1000
0.1000
0.1000
0.1000
0.1000
0.1000
0.1000
0.1000
0.1000
0.1000
0.1000
0.1000
0.1000
0.1000
0.1000
0.1000
0.1000
0.1000
0.1000
0.1000
0.1000
0.1000
0.1000
0.1000
0.1000
0.1000
0.1000
0.1000
0.6792
1.2525
1.7921
2.2928
2.7486
3.1530
3.4990
3.7798
3.9891
4.1214
4.1731
4.1428
4.0314
3.8419
3.5792
3.2496
2.8599
2.4169
1.9274
1.3974
0.8325
0.2374
0.1000
0.1000
0.1000
0.1000
0.1000
0.1000
0.1000
0.1000
0.1000
0.1000
0.1000
0.1000
0.1000
0.1000
0.1000
0.1000
0.1000
0.1000
0.1000
0.1000
0.1000
0.1000
0.1000
0.1000
0.1000
0.1000
0.1000
0.1000
0.5288
1.0946
1.6265
2.1192
2.5671
2.9638
3.3028
3.5775
3.7819
3.9111
3.9616
3.9320
3.8232
3.6381
3.3813
3.0585
2.6763
2.2412
1.7597
1.2375
0.6802
0.1000
0.1000
0.1000
0.1000
0.1000
0.1000
0.1000
0.1000
0.1000
0.1000
0.1000
0.1000
0.1000
0.1000
0.1000
0.1000
0.1000
0.1000
0.1000
0.1000
0.1000
0.1000
0.1000
0.1000
0.1000
0.1000
0.1000
0.1000
0.1000
0.3238
0.8797
1.4013
1.8837
2.3212
2.7080
3.0379
3.3048
3.5030
3.6282
3.6770
3.6484
3.5431
3.3636
3.1142
2.8003
2.4278
2.0029
1.5318
1.0199
0.4726
0.1000
0.1000
0.1000
0.1000
0.1000
0.1000
0.1000
0.1000
0.1000
0.1000
0.1000
0.1000
0.1000
0.1000
0.1000
0.1000
0.1000
0.1000
0.1000
0.1000
0.1000
0.1000
0.1000
0.1000
0.1000
0.1000
0.1000
0.1000
0.1000
0.1000
0.6107
1.1200
1.5901
2.0155
2.3906
2.7099
2.9676
3.1588
3.2793
3.3263
3.2988
3.1974
3.0244
2.7836
2.4800
2.1189
1.7061
1.2473
0.7478
0.2125
0.1000
0.1000
0.1000
0.1000
0.1000
0.1000
0.1000
0.1000
0.1000
0.1000
0.1000
0.1000
0.1000
0.1000
0.1000
0.1000
0.1000
0.1000
0.1000
0.1000
0.1000
0.1000
0.1000
0.1000
0.1000
0.1000
0.1000
0.1000
0.1000
0.1000
0.2912
0.7868
1.2430
1.6548
2.0172
2.3248
2.5726
2.7561
2.8715
2.9166
2.8902
2.7930
2.6271
2.3957
2.1033
1.7548
1.3554
0.9104
0.4247
0.1000
0.1000
0.1000
0.1000
0.1000
0.1000
0.1000
0.1000
0.1000
0.1000
0.1000
0.1000
0.1000
0.1000
0.1000
0.1000
0.1000
0.1000
0.1000
0.1000
0.1000
0.1000
0.1000
0.1000
0.1000
0.1000
0.1000
0.1000
0.1000
0.1000
0.1000
0.1000
0.4058
0.8471
1.2446
1.5934
1.8888
2.1262
2.3017
2.4121
2.4551
2.4299
2.3371
2.1784
1.9568
1.6762
1.3409
0.9558
0.5255
0.1000
0.1000
0.1000
0.1000
0.1000
0.1000
0.1000
0.1000
0.1000
0.1000
0.1000
0.1000
0.1000
0.1000
0.1000
0.1000
0.1000
0.1000
0.1000
0.1000
0.1000
0.1000
0.1000
0.1000
0.1000
0.1000
0.1000
0.1000
0.1000
0.1000
0.1000
0.1000
0.1000
0.1000
0.4073
0.7899
1.1248
1.4078
1.6349
1.8023
1.9075
1.9484
1.9245
1.8360
1.6846
1.4729
1.2042
0.8825
0.5120
0.1000
0.1000
0.1000
0.1000
0.1000
0.1000
0.1000
0.1000
0.1000
0.1000
0.1000
0.1000
0.1000
0.1000
0.1000
0.1000
0.1000
0.1000
0.1000
0.1000
0.1000
0.1000
0.1000
0.1000
0.1000
0.1000
0.1000
0.1000
0.1000
0.1000
0.1000
0.1000
0.1000
0.1000
0.1000
0.1000
0.2957
0.6168
0.8875
1.1042
1.2638
1.3639
1.4029
1.3801
1.2959
1.1517
0.9497
0.6928
0.3846
0.1000
0.1000
0.1000
0.1000
0.1000
0.1000
0.1000
0.1000
0.1000
0.1000
0.1000
0.1000
0.1000
0.1000
0.1000
0.1000
0.1000
0.1000
0.1000
0.1000
0.1000
0.1000
0.1000
0.1000
0.1000
0.1000
0.1000
0.1000
0.1000
0.1000
0.1000
0.1000
0.1000
0.1000
0.1000
0.1000
0.1000
0.1000
0.1000
0.3328
0.5395
0.6915
0.7867
0.8238
0.8021
0.7220
0.5847
0.3921
0.1468
0.1000
0.1000
0.1000
0.1000
0.1000
0.1000
0.1000
0.1000
0.1000
0.1000
0.1000
0.1000
0.1000
0.1000
0.1000
0.1000
0.1000
0.1000
0.1000
0.1000
0.1000
0.1000
0.1000
0.1000
0.1000
0.1000
0.1000
0.1000
0.1000
0.1000
0.1000
0.1000
0.1000
0.1000
0.1000
0.1000
0.1000
0.1000
0.1000
0.1000
0.1000
0.1000
0.1000
0.1000
0.1000
0.1000
0.1000
0.1000
0.1000
0.1000
0.1000
0.1000
0.1000
0.1000
0.1000
0.1000
0.1000
0.1000
0.1000
0.1000
0.1000
0.1000
0.1000
0.1000
0.1000
0.1000
0.1000
0.1000
0.1000
0.1000
0.1000
0.1000
0.1000
0.1000
0.1000
0.1000
0.1000
0.1000
0.1000
0.1000
0.1000
0.1000
0.1000
0.1000
0.1000
0.1000
0.1000
0.1000
0.1000
0.1000
0.1000
0.1000
0.1000
0.1000
0.1000
0.1000
0.1000
0.1000
0.1000
0.1000
0.1000
0.1000
0.1000
0.1000
0.1000
0.1000
0.1000
0.1000
0.1000
0.1000
0.1000
0.1000
0.1000
0.1000
0.1000
0.1000
0.1000
0.1000
0.1000
0.1000
0.1000
0.1000
0.1000
0.1000
0.1000
0.1000
0.1000
0.1000
0.1000
0.1000
0.1000
0.1000
0.1000
0.1000
0.1000
0.1000
0.1000
0.1000
0.1000
0.1000
0.1000
0.1000
0.1000
0.1000
0.1000
0.1000
0.1000
0.1000
0.1000
0.1000
0.1000
0.1000
0.1000
0.1000
0.1000
0.1000
0.1000
0.1000
0.1000
0.1000
0.1000
0.1000
0.1000
0.1000
0.1000
0.1000
0.1000
0.1000
0.1000
0.1000
0.1000
0.1000
0.1000
0.1000
0.1000
0.1000
0.1000
0.1000
0.1000
0.1000
0.1000
0.1000
0.1000
0.1000
0.1000
0.1000
0.1000
0.1000
0.1000
0.1000
0.1000
0.1000
0.1000
0.1000
0.1000
0.1000
0.1000
0.1000
0.1000
0.1000
0.1000
0.1000
0.1000
0.1000
0.1000
0.1000
0.1000
0.1000
0.1000
0.1000
0.1000
0.1000
0.1000
0.1000
0.1000
0.1000
0.1000
0.1000
0.1000
0.1000
0.1000
0.1000
0.1000
0.1000
0.1000
0.1000
0.1000
0.1000
0.1000
0.1000
0.1000
0.1000
0.1000
0.1000
0.1000
0.1000
0.1000
0.1000
0.1000
0.1000
0.1000
0.1000
0.1000
0.1000
0.1000
0.1000
0.1000
0.1000
0.1000
0.1000
0.1000
0.1000
0.1000
0.1000
0.1000
0.1000
0.1000
0.1000
0.1000
0.1000
0.1000
0.1000
0.1000
0.1000
0.1000
0.1000
0.1000
0.1000
0.1000
0.1000
0.1000
0.1000
0.1000
0.1000
0.1000
0.1000
0.1000
0.1000
0.1000
0.1000
0.1000
0.1000
0.1000
0.1000
0.1000
0.1000
0.1000
0.1000
0.1000
0.1000
0.1000
0.1000
0.1000
0.1000
0.1000
0.1000
0.1000
0.1000
0.1000
0.1000
0.1000
0.1000
0.1000
0.1000
0.1000
0.1000
0.1000
0.1000
0.1000
0.1000
0.1000
0.1000
0.1000
0.1000
0.1000
0.1000
0.1000
0.1000
0.1000
0.1000
0.1000
0.1000
0.1000
0.1000
0.1000
0.1000
0.1000
0.1000
0.1000
0.1000
0.1000
0.1000
0.1000
0.1000
0.1000
0.1000
0.1000
0.1000
0.1000
0.1000
0.1000
0.1000
0.1000
0.1000
0.1000
0.1000
0.1000
0.1000
0.1000
0.1000
0.1000
0.1000
0.1000
0.1000
0.1000
0.1000
0.1000
0.1000
0.1000
0.1000
0.1000
0.1000
0.1000
0.1000
0.1000
0.1000
0.1000
0.1000
0.1000
0.1000
0.1000
0.1000
0.1000
0.1000
0.1000
0.1000
0.1000
0.1000
0.1000
0.1000
0.1000
0.1000
0.1000
0.1000
0.1000
0.1000
0.1000
0.1000
0.1000
0.1000
0.1000
0.1000
0.1000
0.1000
0.1000
0.1000
0.1000
0.1000
0.1000
0.1000
0.1000
0.1000
0.1000
0.1000
0.1000
0.1000
0.1000
0.1000
0.1000
0.1000
0.1000
0.1000
0.1000
0.1000
0.1000
0.1000
0.1000
0.1000
0.1000
0.1000
0.1000
0.1000
0.1000
0.1000
0.1000
0.1000
0.1000
0.1000
0.1000
0.1000
0.1000
0.1000
0.1000
0.1000
0.1000
0.1000
0.1000
0.1000
0.1000
0.1000
0.1000
0.1000
0.1000
0.1000
0.1000
0.1000
0.1000
0.1000
0.1000
0.1000
0.1000
0.1000
0.1000
0.1000
0.1000
0.1000
0.1000
0.1000
0.1000
0.1000
0.1000
0.1000
0.1000
0.1000
0.1000
0.1000
0.1000
0.1000
0.1000
0.1000
0.1000
0.1000
0.1000
0.1000
0.1000
0.1000
0.1000
0.1000
0.1000
0.1000
0.1000
0.1000
0.1000
0.1000
0.1000
0.1000
0.1000
0.1000
0.1000
0.1000
0.1000
0.1000
0.1000
0.1000
0.1000
0.1000
0.1000
0.1000
0.1000
0.1000
0.1000
0.1000
0.1000
0.1000
0.1000
0.1000
0.1000
0.1000
0.1000
0.1000
0.1000
0.1000
0.1000
0.1000
0.1000
0.1000
0.1000
0.1000
0.1000
0.1000
0.1000
0.1000
0.1000
0.1000
0.1000
0.1000
0.1000
0.1000
0.1000
0.1000
0.1000
0.1000
0.1000
0.1000
0.1000
0.1000
0.1000
0.1000
0.1000
0.1000
0.1000
0.1000
0.1000
0.1000
0.1000
0.1000
0.1000
0.1000
0.1000
0.1000
0.1000
0.1000
0.1000
0.1000
0.1000
0.1000
0.1000
0.1000
0.1000
0.1000
0.1000
0.1000
0.1000
0.1000
0.1000
0.1000
0.1000
0.1000
0.1000
0.1000
0.1000
0.1000
0.1000
0.1000
0.1000
0.1000
0.1000
0.1000
0.1000
0.1000
0.1000
0.1000
0.1000
0.1000
0.1000
0.1000
0.1000
0.1000
0.1000
0.1000
0.1000
0.1000
0.1000
0.1000
0.1000
0.1000
0.1000
0.1000
0.1000
0.1000
0.1000
0.1000
0.1000
0.1000
0.1000
0.1000
0.1000
0.1000
0.1000
0.1000
0.1000
0.1000
0.1000
0.1000
0.1000
0.1000
0.1000
0.1000
0.1000
0.1000
0.1000
0.1000
0.1000
0.1000
0.1000
0.1000
0.1000
0.1000
0.1000
0.1000
0.1000
0.1000
0.1000
0.1000
0.1000
0.1000
0.1000
0.1000
0.1000
0.1000
0.1000
0.1000
0.1000
0.1000
0.1000
0.1000
0.1000
0.1000
0.1000
0.1000
0.1000
0.1000
0.1000
0.1000
0.1000
0.1000
0.1000
0.1000
0.1000
0.1000
0.1000
0.1000
0.1000
0.1000
0.1000
0.1000
0.1000
0.1000
0.1000
0.1000
0.1000
0.1000
0.1000
0.1000
0.1000
0.1000
0.1000
0.1000
0.1000
0.1000
0.1000
0.1000
0.1000
0.1000
0.1000
0.1000
0.1000
0.1000
0.1000
0.1000
0.1000
0.1000
0.1000
0.1000
0.1000
0.1000
0.1000
0.1000
0.1000
0.1000
0.1000
0.1000
0.1000
0.1000
0.1000
0.1000
0.1000
0.1000
0.1000
0.1000
0.1000
0.1000
0.1000
0.1000
0.1000
0.1000
0.1000
0.1000
0.1000
0.1000
0.1000
0.1000
0.1000
0.1000
0.1000
0.1000
0.1000
0.1000
0.1000
0.1000
0.1000
0.1000
0.1000
0.1000
0.1000
0.1000
0.1000
0.1000
0.1000
0.1000
0.1000
0.1000
0.1000
0.1000
0.1000
0.1000
0.1000
0.1000
0.1000
0.1000
0.1000
0.1000
0.1000
0.1000
0.1000
0.1000
0.1000
0.1000
0.1000
0.1000
0.1000
0.1000
0.1000
0.1000
0.1000
0.1000
0.1000
0.1000
0.1000
0.1000
0.1000
0.1000
0.1000
0.1000
0.1000
0.1000
0.1000
0.1000
0.1000
0.1000
0.1000
0.1000
0.1000
0.1000
0.1000
0.1000
0.1000
0.1000
0.1000
0.1000
0.1000
0.1000
0.1000
0.1000
0.1000
0.1000
0.1000
0.1000
0.1000
0.1000
0.1000
0.1000
0.1000
0.1000
0.1000
0.1000
0.1000
0.1000
0.1000
0.1000
0.1000
0.1000
0.1000
0.1000
0.1000
0.1000
0.1000
0.1000
0.1000
0.1000
0.1000
0.1000
0.1000
0.1000
0.1000
0.1000
0.1000
0.1000
0.1000
0.1000
0.1000
0.1000
0.1000
0.1000
0.1000
0.1000
0.1000
0.1000
0.1000
0.1000
0.1000
0.1000
0.1000
0.1000
0.1000
0.1000
0.1000
0.1000
0.1000
0.1000
0.1000
0.1000
0.1000
0.1000
0.1000
0.1000
0.1000
0.1000
0.1000
0.1000
0.1000
0.1000
0.1000
0.1000
0.1000
0.1000
0.1000
0.1000
0.1000
0.1000
0.1000
0.1000
0.1000
0.1000
0.1000
0.1000
0.1000
0.1000
0.1000
0.1000
0.1000
0.1000
0.1000
0.1000
0.1000
0.1000
0.1000
0.1000
0.1000
0.1000
0.1000
0.1000
0.1000
0.1000
0.1000
0.1000
0.1000
0.1000
0.1000
0.1000
0.1000
0.1000
0.1000
0.1000
0.1000
0.1000
0.1000
0.1000
0.1000
0.1000
0.1000
0.1000
0.1000
0.1000
0.1000
0.1000
0.1000
0.1000
0.1000
0.1000
0.1000
0.1000
0.1000
0.1000
0.1000
0.1000
0.1000
0.1000
0.1000
0.1000
0.1000
0.1000
0.1000
0.1000
0.1000
0.1000
0.1000
0.1000
0.1000
0.1000
0.1000
0.1000
0.1000
0.1000
0.1000
0.1000
0.1000
0.1000
0.1000
0.1000
0.1000
0.1000
0.1000
0.1000
0.1000
0.1000
0.1000
0.1000
0.1000
0.1000
0.1000
0.1000
0.1000
0.1000
0.1000
0.1000
0.1000
0.1000
0.1000
0.1000
0.1000
0.1000
0.1000
0.1000
0.1000
0.1000
0.1000
0.1000
0.1000
0.1000
0.1000
0.1000
0.1000
0.1000
0.1000
0.1000
0.1000
0.1000
0.1000
0.1000
0.1000
0.1000
0.1000
0.1000
0.1000
0.1000
0.1000
0.1000
0.1000
0.1000
0.1000
0.1000
0.1000
0.1000
0.1000
0.1000
0.1000
0.1000
0.1000
0.1000
0.1000
0.1000
0.1000
0.1000
0.1000
0.1000
0.1000
0.1000
0.1000
0.1000
0.1000
0.1000
0.1000
0.1000
0.1000
0.1000
0.1000
0.1000
0.1000
0.1000
0.1000
0.1000
0.1000
0.1000
0.1000
0.1000
0.1000
0.1000
0.1000
0.1000
0.1000
0.1000
0.1000
0.1000
0.1000
0.1000
0.1000
0.1000
0.1000
0.1000
0.1000
0.1000
0.1000
0.1000
0.1000
0.1000
0.1000
0.1000
0.1000
0.1000
0.1000
0.1000
0.1000
0.1000
0.1000
0.1000
0.1000
0.1000
0.1000
0.1000
0.1000
0.1000
0.1000
0.1000
0.1000
0.1000
0.1000
0.1000
0.1000
0.1000
0.1000
0.1000
0.1000
0.1000
0.1000
0.1000
0.1000
0.1000
0.1000
0.1000
0.1000
0.1000
0.1000
0.1000
0.1000
0.1000
0.1000
0.1000
0.1000
0.1000
0.1000
0.1000
0.1000
0.1000
0.1000
0.1000
0.1000
0.1000
0.1000
0.1000
0.1000
0.1000
0.1000
0.1000
0.1000
0.1000
0.1000
0.1000
0.1000
0.1000
0.1000
0.1000
0.1000
0.1000
0.1000
0.1000
0.1000
0.1000
0.1000
0.1000
0.1000
0.1000
0.1000
0.1000
0.1000
0.1000
0.1000
0.1000
0.1000
0.1000
0.1000
0.1000
0.1000
0.1000
0.1000
0.1000
0.1000
0.1000
0.1000
0.1000
0.1000
0.1000
0.1000
0.1000
0.1000
0.1000
0.1000
0.1000
0.1000
0.1000
0.1000
0.1000
0.1000
0.1000
0.1000
0.1000
0.1000
0.1000
0.1000
0.1000
0.1000
0.1000
0.1000
0.1000
0.1000
0.1000
0.1000
0.1000
0.1000
0.1000
0.1000
0.1000
0.1000
0.1000
0.1000
0.1000
0.1000
0.1000
0.1000
0.1000
0.1000
0.1000
0.1000
0.1000
0.1000
0.1000
0.1000
0.1000
0.1000
0.1000
0.1000
0.1000
0.1000
0.1000
0.1000
0.1000
0.1000
0.1000
0.1000
0.1000
0.1000
0.1000
0.1000
0.1000
0.1000
0.1000
0.1000
0.1000
0.1000
0.1000
0.1000
0.1000
0.1000
0.1000
0.1000
0.1000
0.1000
0.1000
0.1000
0.1000
0.1000
0.1000
0.1000
0.1000
0.1000
0.1000
0.1000
0.1000
0.1000
0.1000
0.1000
0.1000
0.1000
0.1000
0.1000
0.1000
0.1000
0.1000
0.1000
0.1000
0.1000
0.1000
0.1000
0.1000
0.1000
0.1000
0.1000
0.1000
0.1000
0.1000
0.1000
0.1000
0.1000
0.1000
0.1000
0.1000
0.1000
0.1000
0.1000
0.1000
0.1000
0.1000
0.1000
0.1000
0.1000
0.1000
0.1000
0.1000
0.1000
0.1000
0.1000
0.1000
0.1000
0.1000
0.1000
0.1000
0.1000
0.1000
0.1000
0.1000
0.1000
0.1000
0.1000
0.1000
0.1000
0.1000
0.1000
0.1000
0.1000
0.1000
0.1000
0.1000
0.1000
0.1000
0.1000
0.1000
0.1000
0.1000
0.1000
0.1000
0.1000
0.1000
0.1000
0.1000
0.1000
0.1000
0.1000
0.1000
0.1000
0.1000
0.1000
0.1000
0.1000
0.1000
0.1000
0.1000
0.1000
0.1000
0.1000
0.1000
0.1000
0.1000
0.1000
0.1000
0.1000
0.1000
0.1000
0.1000
0.1000
0.1000
0.1000
0.1000
0.1000
0.1000
0.1000
0.1000
0.1000
0.1000
0.1000
0.1000
0.1000
0.1000
0.1000
0.1000
0.1000
0.1000
0.1000
0.1000
0.1000
0.1000
0.1000
0.1000
0.1000
0.1000
0.1000
0.1000
0.1000
0.1000
0.1000
0.1000
0.1000
0.1000
0.1000
0.1000
0.1000
0.1000
0.1000
0.1000
0.1000
0.1000
0.1000
0.1000
0.1000
0.1000
0.1000
0.1000
0.1000
0.1000
0.1000
0.1000
0.1000
0.1000
0.1000
0.1000
0.1000
0.1000
0.1000
0.1000
0.1000
0.1000
0.1000
0.1000
0.1000
0.1000
0.1000
0.1000
0.1000
0.1000
0.1000
0.1000
0.1000
0.1000
0.1000
0.1000
0.1000
0.1000
0.1000
0.1000
0.1000
0.1000
0.1000
0.1000
0.1000
0.1000
0.1000
0.1000
0.1000
0.1000
0.1000
0.1000
0.1000
0.1000
0.1000
0.1000
0.1000
0.1000
0.1000
0.1000
0.1000
0.1000
0.1388
0.3422
0.4917
0.5854
0.6218
0.6005
0.5217
0.3867
0.1972
0.1000
0.1000
0.1000
0.1000
0.1000
0.1000
0.1000
0.1000
0.1000
0.1000
0.1000
0.1000
0.1000
0.1000
0.1000
0.1000
0.1000
0.1000
0.1000
0.1000
0.1000
0.1000
0.1000
0.1000
0.1000
0.1000
0.1000
0.1000
0.1000
0.1000
0.1000
0.1000
0.1000
0.1000
0.1000
0.1000
0.1000
0.1000
0.1000
0.1462
0.4633
0.7305
0.9442
1.1016
1.2003
1.2387
1.2162
1.1333
0.9911
0.7918
0.5383
0.2339
0.1000
0.1000
0.1000
0.1000
0.1000
0.1000
0.1000
0.1000
0.1000
0.1000
0.1000
0.1000
0.1000
0.1000
0.1000
0.1000
0.1000
0.1000
0.1000
0.1000
0.1000
0.1000
0.1000
0.1000
0.1000
0.1000
0.1000
0.1000
0.1000
0.1000
0.1000
0.1000
0.1000
0.1000
0.1000
0.1000
0.3008
0.6800
1.0118
1.2919
1.5166
1.6822
1.7862
1.8267
1.8030
1.7155
1.5658
1.3563
1.0904
0.7717
0.4046
0.1000
0.1000
0.1000
0.1000
0.1000
0.1000
0.1000
0.1000
0.1000
0.1000
0.1000
0.1000
0.1000
0.1000
0.1000
0.1000
0.1000
0.1000
0.1000
0.1000
0.1000
0.1000
0.1000
0.1000
0.1000
0.1000
0.1000
0.1000
0.1000
0.1000
0.1000
0.1000
0.1000
0.1000
0.3439
0.7829
1.1782
1.5249
1.8184
2.0543
2.2285
2.3381
2.3808
2.3558
2.2636
2.1061
1.8860
1.6072
1.2739
0.8910
0.4630
0.1000
0.1000
0.1000
0.1000
0.1000
0.1000
0.1000
0.1000
0.1000
0.1000
0.1000
0.1000
0.1000
0.1000
0.1000
0.1000
0.1000
0.1000
0.1000
0.1000
0.1000
0.1000
0.1000
0.1000
0.1000
0.1000
0.1000
0.1000
0.1000
0.1000
0.1000
0.1000
0.2743
0.7691
1.2246
1.6358
1.9975
2.3045
2.5518
2.7349
2.8501
2.8951
2.8688
2.7718
2.6062
2.3753
2.0835
1.7356
1.3369
0.8926
0.4076
0.1000
0.1000
0.1000
0.1000
0.1000
0.1000
0.1000
0.1000
0.1000
0.1000
0.1000
0.1000
0.1000
0.1000
0.1000
0.1000
0.1000
0.1000
0.1000
0.1000
0.1000
0.1000
0.1000
0.1000
0.1000
0.1000
0.1000
0.1000
0.1000
0.1000
0.1000
0.6390
1.1496
1.6209
2.0475
2.4239
2.7443
3.0029
3.1948
3.3158
3.3630
3.3353
3.2335
3.0599
2.8183
2.5136
2.1513
1.7373
1.2772
0.7764
0.2399
0.1000
0.1000
0.1000
0.1000
0.1000
0.1000
0.1000
0.1000
0.1000
0.1000
0.1000
0.1000
0.1000
0.1000
0.1000
0.1000
0.1000
0.1000
0.1000
0.1000
0.1000
0.1000
0.1000
0.1000
0.1000
0.1000
0.1000
0.1000
0.1000
0.3962
0.9556
1.4808
1.9667
2.4079
2.7981
3.1312
3.4007
3.6011
3.7276
3.7771
3.7481
3.6416
3.4602
3.2082
2.8912
2.5154
2.0870
1.6122
1.0968
0.5459
0.1000
0.1000
0.1000
0.1000
0.1000
0.1000
0.1000
0.1000
0.1000
0.1000
0.1000
0.1000
0.1000
0.1000
0.1000
0.1000
0.1000
0.1000
0.1000
0.1000
0.1000
0.1000
0.1000
0.1000
0.1000
0.1000
0.1000
0.1000
0.1000
0.6483
1.2200
1.7580
2.2571
2.7112
3.1139
3.4585
3.7380
3.9463
4.0779
4.1294
4.0993
3.9884
3.7998
3.5383
3.2102
2.8220
2.3807
1.8928
1.3645
0.8011
0.2075
0.1000
0.1000
0.1000
0.1000
0.1000
0.1000
0.1000
0.1000
0.1000
0.1000
0.1000
0.1000
0.1000
0.1000
0.1000
0.1000
0.1000
0.1000
0.1000
0.1000
0.1000
0.1000
0.1000
0.1000
0.1000
0.1000
0.1000
0.2361
0.8466
1.4285
1.9772
2.4870
2.9520
3.3653
3.7196
4.0077
4.2226
4.3587
4.4120
4.3808
4.2661
4.0714
3.8019
3.4642
3.0657
2.6135
2.1148
1.5758
1.0021
0.3987
0.1000
0.1000
0.1000
0.1000
0.1000
0.1000
0.1000
0.1000
0.1000
0.1000
0.1000
0.1000
0.1000
0.1000
0.1000
0.1000
0.1000
0.1000
0.1000
0.1000
0.1000
0.1000
0.1000
0.1000
0.1000
0.1000
0.1000
0.3710
0.9886
1.5781
2.1345
2.6525
3.1256
3.5468
3.9086
4.2032
4.4233
4.5627
4.6174
4.5854
4.4678
4.2684
3.9926
3.6477
3.2414
2.7811
2.2743
1.7273
1.1461
0.5354
0.1000
0.1000
0.1000
0.1000
0.1000
0.1000
0.1000
0.1000
0.1000
0.1000
0.1000
0.1000
0.1000
0.1000
0.1000
0.1000
0.1000
0.1000
0.1000
0.1000
0.1000
0.1000
0.1000
0.1000
0.1000
0.1000
0.1000
0.4503
1.0722
1.6661
2.2273
2.7502
3.2282
3.6543
4.0206
4.3192
4.5424
4.6840
4.7395
4.7070
4.5877
4.3853
4.1057
3.7564
3.3453
2.8801
2.3683
1.8166
1.2308
0.6158
0.1000
0.1000
0.1000
0.1000
0.1000
0.1000
0.1000
0.1000
0.1000
0.1000
0.1000
0.1000
0.1000
0.1000
0.1000
0.1000
0.1000
0.1000
0.1000
0.1000
0.1000
0.1000
0.1000
0.1000
0.1000
0.1000
0.1000
0.4729
1.0959
1.6912
2.2537
2.7780
3.2575
3.6850
4.0526
4.3523
4.5765
4.7187
4.7745
4.7418
4.6220
4.4187
4.1381
3.7875
3.3749
2.9083
2.3951
1.8420
1.2549
0.6387
0.1000
0.1000
0.1000
0.1000
0.1000
0.1000
0.1000
0.1000
0.1000
0.1000
0.1000
0.1000
0.1000
0.1000
0.1000
0.1000
0.1000
0.1000
0.1000
0.1000
0.1000
0.1000
0.1000
0.1000
0.1000
0.1000
0.1000
0.4384
1.0596
1.6529
2.2133
2.7355
3.2128
3.6381
4.0037
4.3017
4.5245
4.6657
4.7211
4.6887
4.5696
4.3676
4.0887
3.7401
3.3296
2.8652
2.3542
1.8032
1.2180
0.6037
0.1000
0.1000
0.1000
0.1000
0.1000
0.1000
0.1000
0.1000
0.1000
0.1000
0.1000
0.1000
0.1000
0.1000
0.1000
0.1000
0.1000
0.1000
0.1000
0.1000
0.1000
0.1000
0.1000
0.1000
0.1000
0.1000
0.1000
0.3474
0.9637
1.5518
2.1069
2.6234
3.0951
3.5149
3.8753
4.1687
4.3879
4.5268
4.5811
4.5493
4.4323
4.2336
3.9590
3.6154
3.2104
2.7517
2.2463
1.7007
1.1208
0.5115
0.1000
0.1000
0.1000
0.1000
0.1000
0.1000
0.1000
0.1000
0.1000
0.1000
0.1000
0.1000
0.1000
0.1000
0.1000
0.1000
0.1000
0.1000
0.1000
0.1000
0.1000
0.1000
0.1000
0.1000
0.1000
0.1000
0.1000
0.2011
0.8097
1.3897
1.9363
2.4441
2.9071
3.3183
3.6708
3.9572
4.1709
4.3061
4.3590
4.3281
4.2141
4.0205
3.7526
3.4167
3.0202
2.5701
2.0734
1.5365
0.9647
0.3632
0.1000
0.1000
0.1000
0.1000
0.1000
0.1000
0.1000
0.1000
0.1000
0.1000
0.1000
0.1000
0.1000
0.1000
0.1000
0.1000
0.1000
0.1000
0.1000
0.1000
0.1000
0.1000
0.1000
0.1000
0.1000
0.1000
0.1000
0.1000
0.5999
1.1692
1.7047
2.2012
2.6527
3.0530
3.3953
3.6729
3.8795
4.0101
4.0612
4.0313
3.9213
3.7341
3.4746
3.1486
2.7629
2.3242
1.8389
1.3131
0.7521
0.1609
0.1000
0.1000
0.1000
0.1000
0.1000
0.1000
0.1000
0.1000
0.1000
0.1000
0.1000
0.1000
0.1000
0.1000
0.1000
0.1000
0.1000
0.1000
0.1000
0.1000
0.1000
0.1000
0.1000
0.1000
0.1000
0.1000
0.1000
0.1000
0.3371
0.8935
1.4158
1.8988
2.3371
2.7245
3.0549
3.3223
3.5209
3.6463
3.6953
3.6666
3.5611
3.3812
3.1314
2.8169
2.4438
2.0183
1.5465
1.0340
0.4860
0.1000
0.1000
0.1000
0.1000
0.1000
0.1000
0.1000
0.1000
0.1000
0.1000
0.1000
0.1000
0.1000
0.1000
0.1000
0.1000
0.1000
0.1000
0.1000
0.1000
0.1000
0.1000
0.1000
0.1000
0.1000
0.1000
0.1000
0.1000
0.1000
0.1000
0.5666
1.0740
1.5420
1.9655
2.3389
2.6564
2.9127
3.1028
3.2226
3.2693
3.2420
3.1411
2.9692
2.7298
2.4277
2.0685
1.6576
1.2007
0.7031
0.1698
0.1000
0.1000
0.1000
0.1000
0.1000
0.1000
0.1000
0.1000
0.1000
0.1000
0.1000
0.1000
0.1000
0.1000
0.1000
0.1000
0.1000
0.1000
0.1000
0.1000
0.1000
0.1000
0.1000
0.1000
0.1000
0.1000
0.1000
0.1000
0.1000
0.1000
0.1923
0.6838
1.1358
1.5437
1.9023
2.2065
2.4514
2.6326
2.7466
2.7911
2.7651
2.6691
2.5052
2.2766
1.9875
1.6427
1.2472
0.8063
0.3247
0.1000
0.1000
0.1000
0.1000
0.1000
0.1000
0.1000
0.1000
0.1000
0.1000
0.1000
0.1000
0.1000
0.1000
0.1000
0.1000
0.1000
0.1000
0.1000
0.1000
0.1000
0.1000
0.1000
0.1000
0.1000
0.1000
0.1000
0.1000
0.1000
0.1000
0.1000
0.1000
0.2498
0.6853
1.0772
1.4207
1.7114
1.9449
2.1174
2.2257
2.2680
2.2433
2.1521
1.9962
1.7784
1.5023
1.1721
0.7924
0.3679
0.1000
0.1000
0.1000
0.1000
0.1000
0.1000
0.1000
0.1000
0.1000
0.1000
0.1000
0.1000
0.1000
0.1000
0.1000
0.1000
0.1000
0.1000
0.1000
0.1000
0.1000
0.1000
0.1000
0.1000
0.1000
0.1000
0.1000
0.1000
0.1000
0.1000
0.1000
0.1000
0.1000
0.1000
0.1953
0.5712
0.8998
1.1772
1.3995
1.5634
1.6663
1.7063
1.6829
1.5964
1.4483
1.2410
0.9777
0.6621
0.2982
0.1000
0.1000
0.1000
0.1000
0.1000
0.1000
0.1000
0.1000
0.1000
0.1000
0.1000
0.1000
0.1000
0.1000
0.1000
0.1000
0.1000
0.1000
0.1000
0.1000
0.1000
0.1000
0.1000
0.1000
0.1000
0.1000
0.1000
0.1000
0.1000
0.1000
0.1000
0.1000
0.1000
0.1000
0.1000
0.1000
0.1000
0.3445
0.6091
0.8206
0.9763
1.0739
1.1119
1.0897
1.0076
0.8670
0.6698
0.4188
0.1174
0.1000
0.1000
0.1000
0.1000
0.1000
0.1000
0.1000
0.1000
0.1000
0.1000
0.1000
0.1000
0.1000
0.1000
0.1000
0.1000
0.1000
0.1000
0.1000
0.1000
0.1000
0.1000
0.1000
0.1000
0.1000
0.1000
0.1000
0.1000
0.1000
0.1000
0.1000
0.1000
0.1000
0.1000
0.1000
0.1000
0.1000
0.1000
0.1000
0.1000
0.1000
0.1000
0.1000
0.1000
0.1000
0.1000
0.1000
0.1000
0.1000
0.1000
0.1000
0.1000
0.1000
0.1000
0.1000
0.1000
0.1000
0.1000
0.1000
0.1000
0.1000
0.1000
0.1000
0.1000
0.1000
0.1000
0.1000
0.1000
0.1000
0.1000
0.1000
0.1000
0.1000
0.1000
0.1000
0.1000
0.1000
0.1000
0.1000
0.1000
0.1000
0.1000
0.1000
0.1000
0.1000
0.1000
0.1000
0.1000
0.1000
0.1000
0.1000
0.1000
0.1000
0.1000
0.1000
0.1000
0.1000
0.1000
0.1000
0.1000
0.1000
0.1000
0.1000
0.1000
0.1000
0.1000
0.1000
0.1000
0.1000
0.1000
0.1000
0.1000
0.1000
0.1000
0.1000
0.1000
0.1000
0.1000
0.1000
0.1000
0.1000
0.1000
0.1000
0.1000
0.1000
0.1000
0.1000
0.1000
0.1000
0.1000
0.1000
0.1000
0.1000
0.1000
0.1000
0.1000
0.1000
0.1000
0.1000
0.1000
0.1000
0.1000
0.1000
0.1000
0.1000
0.1000
0.1000
0.1000
0.1000
0.1000
0.1000
0.1000
0.1000
0.1000
0.1000
0.1000
0.1000
0.1000
0.1000
0.1000
0.1000
0.1000
0.1000
0.1000
0.1000
0.1000
0.1000
0.1000
0.1000
0.1000
0.1000
0.1000
0.1000
0.1000
0.1000
0.1000
0.1000
0.1000
0.1000
0.1000
0.1000
0.1000
0.1000
0.1000
0.1000
0.1000
0.1000
0.1000
0.1000
0.1000
0.1000
0.1000
0.1000
0.1000
0.1000
0.1000
0.1000
0.1000
0.1000
0.1000
0.1000
0.1000
0.1000
0.1000
0.1000
0.1000
0.1000
0.1000
0.1000
0.1000
0.1000
0.1000
0.1000
0.1000
0.1000
0.1000
0.1000
0.1000
0.1000
0.1000
0.1000
0.1000
0.1000
0.1000
0.1000
0.1000
0.1000
0.1000
0.1000
0.1000
0.1000
0.1000
0.1000
0.1000
0.1000
0.1000
0.1000
0.1000
0.1000
0.1000
0.1000
0.1000
0.1000
0.1000
0.1000
0.1000
0.1000
0.1000
0.1000
0.1000
0.1000
0.1000
0.1000
0.1000
0.1000
0.1000
0.1000
0.1000
0.1000
0.1000
0.1000
0.1000
0.1000
0.1000
0.1000
0.1000
0.1000
0.1000
0.1000
0.1000
0.1000
0.1000
0.1000
0.1000
0.1000
0.1000
0.1000
0.1000
0.1000
0.1000
0.1000
0.1000
0.1000
0.1000
0.1000
0.1000
0.1000
0.1000
0.1000
0.1000
0.1000
0.1000
0.1000
0.1000
0.1000
0.1000
0.1000
0.1000
0.1000
0.1000
0.1000
0.1000
0.1000
0.1000
0.1000
0.1000
0.1000
0.1000
0.1000
0.1000
0.1000
0.1000
0.1000
0.1000
0.1000
0.1000
0.1000
0.1000
0.1000
0.1000
0.1000
0.1000
0.1000
0.1000
0.1000
0.1000
0.1000
0.1000
0.1000
0.1000
0.1000
0.1000
0.1000
0.1000
0.1000
0.1000
0.1000
0.1000
0.1000
0.1000
0.1000
0.1000
0.1000
0.1000
0.1000
0.1000
0.1000
0.1000
0.1000
0.1000
0.1000
0.1000
0.1000
0.1000
0.1000
0.1000
0.1000
0.1000
0.1000
0.1000
0.1000
0.1000
0.1000
0.1000
0.1000
0.1000
0.1000
0.1000
0.1000
0.1000
0.1000
0.1000
0.1000
0.1000
0.1000
0.1000
0.1000
0.1000
0.1000
0.1000
0.1000
0.1000
0.1000
0.1000
0.1000
0.1000
0.1000
0.1000
0.1000
0.1000
0.1000
0.1000
0.1000
0.1000
0.1000
0.1000
0.1000
0.1000
0.1000
0.1000
0.1000
0.1000
0.1000
0.1000
0.1000
0.1000
0.1000
0.1000
0.1000
0.1000
0.1000
0.1000
0.1000
0.1000
0.1000
0.1000
0.1000
0.1000
0.1000
0.1000
0.1000
0.1000
0.1000
0.1000
0.1000
0.1000
0.1000
0.1000
0.1000
0.1000
0.1000
0.1000
0.1000
0.1000
0.1000
0.1000
0.1000
0.1000
0.1000
0.1000
0.1000
0.1000
0.1000
0.1000
0.1000
0.1000
0.1000
0.1000
0.1000
0.1000
0.1000
0.1000
0.1000
0.1000
0.1000
0.1000
0.1000
0.1000
0.1000
0.1000
0.1000
0.1000
0.1000
0.1000
0.1000
0.1000
0.1000
0.1000
0.1000
0.1000
0.1000
0.1000
0.1000
0.1000
0.1000
0.1000
0.1000
0.1000
0.1000
0.1000
0.1000
0.1000
0.1000
0.1000
0.1000
0.1000
0.1000
0.1000
0.1000
0.1000
0.1000
0.1000
0.1000
0.1000
0.1000
0.1000
0.1000
0.1000
0.1000
0.1000
0.1000
0.1000
0.1000
0.1000
0.1000
0.1000
0.1000
0.1000
0.1000
0.1000
0.1000
0.1000
0.1000
0.1000
0.1000
0.1000
0.1000
0.1000
0.1000
0.1000
0.1000
0.1000
0.1000
0.1000
0.1000
0.1000
0.1000
0.1000
0.1000
0.1000
0.1000
0.1000
0.1000
0.1000
0.1000
0.1000
0.1000
0.1000
0.1000
0.1000
0.1000
0.1000
0.1000
0.1000
0.1000
0.1000
0.1000
0.1000
0.1000
0.1000
0.1000
0.1000
0.1000
0.1000
0.1000
0.1000
0.1000
0.1000
0.1000
0.1000
0.1000
0.1000
0.1000
0.1000
0.1000
0.1000
0.1000
0.1000
0.1000
0.1000
0.1000
0.1000
0.1000
0.1000
0.1000
0.1000
0.1000
0.1000
0.1000
0.1000
0.1000
0.1000
0.1000
0.1000
0.1000
0.1000
0.1000
0.1000
0.1000
0.1000
0.1000
0.1000
0.1000
0.1000
0.1000
0.1000
0.1000
0.1000
0.1000
0.1000
0.1000
0.1000
0.1000
0.1000
0.1000
0.1000
0.1000
0.1000
0.1000
0.1000
0.1000
0.1000
0.1000
0.1000
0.1000
0.1000
0.1000
0.1000
0.1000
0.1000
0.1000
0.1000
0.1000
0.1000
0.1000
0.1000
0.1000
0.1000
0.1000
0.1000
0.1000
0.1000
0.1000
0.1000
0.1000
0.1000
0.1000
0.1000
0.1000
0.1000
0.1000
0.1000
0.1000
0.1000
0.1000
0.1000
0.1000
0.1000
0.1000
0.1000
0.1000
0.1000
0.1000
0.1000
0.1000
0.1000
0.1000
0.1000
0.1000
0.1000
0.1000
0.1000
0.1000
0.1000
0.1000
0.1000
0.1000
0.1000
0.1000
0.1000
0.1000
0.1000
0.1000
0.1000
0.1000
0.1000
0.1000
0.1000
0.1000
0.1000
0.1000
0.1000
0.1000
0.1000
0.1000
0.1000
0.1000
0.1000
0.1000
0.1000
0.1000
0.1000
0.1000
0.1000
0.1000
0.1000
0.1000
0.1000
0.1000
0.1000
0.1000
0.1000
0.1000
0.1000
0.1000
0.1000
0.1000
0.1000
0.1000
0.1000
0.1000
0.1000
0.1000
0.1000
0.1000
0.1000
0.1000
0.1000
0.1000
0.1000
0.1000
0.1000
0.1000
0.1000
0.1000
0.1000
0.1000
0.1000
0.1000
0.1000
0.1000
0.1000
0.1000
0.1000
0.1000
0.1000
0.1000
0.1000
0.1000
0.1000
0.1000
0.1000
0.1000
0.1000
0.1000
0.1000
0.1000
0.1000
0.1000
0.1000
0.1000
0.1000
0.1000
0.1000
0.1000
0.1000
0.1000
0.1000
0.1000
0.1000
0.1000
0.1000
0.1000
0.1000
0.1000
0.1000
0.1000
0.1000
0.1000
0.1000
0.1000
0.1000
0.1000
0.1000
0.1000
0.1000
0.1000
0.1000
0.1000
0.1000
0.1000
0.1000
0.1000
0.1000
0.1000
0.1000
0.1000
0.1000
0.1000
0.1000
0.1000
0.1000
0.1000
0.1000
0.1000
0.1000
0.1000
0.1000
0.1000
0.1000
0.1000
0.1000
0.1000
0.1000
0.1000
0.1000
0.1000
0.1000
0.1000
0.1000
0.1000
0.1000
0.1000
0.1000
0.1000
0.1000
0.1000
0.1000
0.1000
0.1000
0.1000
0.1000
0.1000
0.1000
0.1000
0.1000
0.1000
0.1000
0.1000
0.1000
0.1000
0.1000
0.1000
0.1000
0.1000
0.1000
0.1000
0.1000
0.1000
0.1000
0.1000
0.1000
0.1000
0.1000
0.1000
0.1000
0.1000
0.1000
0.1000
0.1000
0.1000
0.1000
0.1000
0.1000
0.1000
0.1000
0.1000
0.1000
0.1000
0.1000
0.1000
0.1000
0.1000
0.1000
0.1000
0.1000
0.1000
0.1000
0.1000
0.1000
0.1000
0.1000
0.1000
0.1000
0.1000
0.1000
0.1000
0.1000
0.1000
0.1000
0.1000
0.1000
0.1000
0.1000
0.1000
0.1000
0.1000
0.1000
0.1000
0.1000
0.1000
0.1000
0.1000
0.1000
0.1000
0.1000
0.1000
0.1000
0.1000
0.1000
0.1000
0.1000
0.1000
0.1000
0.1000
0.1000
0.1000
0.1000
0.1000
0.1000
0.1000
0.1000
0.1000
0.1000
0.1000
0.1000
0.1000
0.1000
0.1000
0.1000
0.1000
0.1000
0.1000
0.1000
0.1000
0.1000
0.1000
0.1000
0.1000
0.1000
0.1000
0.1000
0.1000
0.1000
0.1000
0.1000
0.1000
0.1000
0.1000
0.1000
0.1000
0.1000
0.1000
0.1000
0.1000
0.1000
0.1000
0.1000
0.1000
0.1000
0.1000
0.1000
0.1000
0.1000
0.1000
0.1000
0.1000
0.1000
0.1000
0.1000
0.1000
0.1000
0.1000
0.1000
0.1000
0.1000
0.1000
0.1000
0.1000
0.1000
0.1000
0.1000
0.1000
0.1000
0.1000
0.1000
0.1000
0.1000
0.1000
0.1000
0.1000
0.1000
0.1000
0.1000
0.1000
0.1000
0.1000
0.1000
0.1000
0.1000
0.1000
0.1000
0.1000
0.1000
0.1000
0.1000
0.1000
0.1000
0.1000
0.1000
0.1000
0.1000
0.1000
0.1000
0.1000
0.1000
0.1000
0.1000
0.1000
0.1000
0.1000
0.1000
0.1000
0.1000
0.1000
0.1000
0.1000
0.1000
0.1000
0.1000
0.1000
0.1000
0.1000
0.1000
0.1000
0.1000
0.1000
0.1000
0.1000
0.1000
0.1000
0.1000
0.1000
0.1000
0.1000
0.1000
0.1000
0.1000
0.1000
0.1000
0.1000
0.1000
0.1000
0.1000
0.1000
0.1000
0.1000
0.1000
0.1000
0.1000
0.1000
0.1000
0.1000
0.1000
0.1000
0.1000
0.1000
0.1000
0.1000
0.1000
0.1000
0.1000
0.1000
0.1000
0.1000
0.1000
0.1000
0.1000
0.1000
0.1000
0.1000
0.1000
0.1000
0.1000
0.1000
0.1000
0.1000
0.1000
0.1000
0.1000
0.1000
0.1000
0.1000
0.1000
0.1000
0.1000
0.1000
0.1000
0.1000
0.1000
0.1000
0.1000
0.1000
0.1000
0.1000
0.1000
0.1000
0.1000
0.1000
0.1000
0.1000
0.1000
0.1000
0.1000
0.1000
0.1000
0.1000
0.1000
0.1000
0.1000
0.1000
0.1000
0.1000
0.1000
0.1000
0.1000
0.1000
0.1000
0.1000
0.1000
0.1000
0.1000
0.1000
0.1000
0.1000
0.1000
0.1000
0.1000
0.1000
0.1000
0.1000
0.1000
0.1000
0.1000
0.1000
0.1000
0.1000
0.1000
0.1000
0.1000
0.1000
0.1000
0.1000
0.1000
0.1000
0.1000
0.1000
0.1000
0.1000
0.1000
0.1000
0.1000
0.1000
0.1000
0.1000
0.1000
0.1000
0.1000
0.1000
0.1000
0.1000
0.1000
0.1000
0.1000
0.1000
0.1000
0.1000
0.1000
0.1000
0.1000
0.1000
0.1000
0.1000
0.1000
0.1000
0.1000
0.1000
0.1000
0.1000
0.1000
0.1000
0.1000
0.1000
0.1000
0.1000
0.1000
0.1000
0.1000
0.1000
0.1000
0.1000
0.1000
0.1000
0.1000
0.1000
0.1000
0.1000
0.1000
0.1000
0.1000
0.1000
0.1000
0.1000
0.1000
0.1000
0.1000
0.1000
0.1000
0.1000
0.1000
0.1000
0.1000
0.1000
0.1000
0.1000
0.1000
0.1000
0.1000
0.1000
0.1000
0.1000
0.1000
0.1000
0.1000
0.1000
0.1000
0.1000
0.1000
0.1000
0.1000
0.1000
0.1000
0.1000
0.1000
0.1000
0.1000
0.1000
0.1000
0.1000
0.1000
0.1000
0.1000
0.1000
0.1000
0.1000
0.1000
0.1000
0.1000
0.1000
0.1000
0.1000
0.1000
0.1000
0.1000
0.1000
0.1000
0.1000
0.1000
0.1000
0.1000
0.1000
0.1000
0.1000
0.1000
0.1000
0.1000
0.1000
0.1000
0.1000
0.1000
0.1000
0.1000
0.1000
0.1000
0.1000
0.1000
0.1000
0.1000
0.1000
0.1000
0.1000
0.1000
0.1000
0.1000
0.1000
0.1000
0.1000
0.1000
0.1000
0.1000
0.1000
0.1000
0.1000
0.1000
0.1000
0.1000
0.1000
0.1000
0.1000
0.1000
0.1000
0.1000
0.1000
0.1000
0.1000
0.1000
0.1000
0.1000
0.1000
0.1000
0.1000
0.1000
0.1000
0.1000
0.1000
0.1000
0.1000
0.1000
0.1000
0.1000
0.1000
0.1000
0.1000
0.1000
0.1000
0.1000
0.1000
0.1000
0.1000
0.1000
0.1000
0.1000
0.1000
0.1000
0.1000
0.1000
0.1000
0.1000
0.1000
0.1000
0.1000
0.1000
0.1000
0.1000
0.1000
0.1000
0.1000
0.1000
0.1000
0.1000
0.1000
0.1000
0.1000
0.1000
0.1000
0.1000
0.1000
0.1000
0.1000
0.1000
0.1000
0.1000
0.1000
0.1000
0.1000
0.1000
0.1000
0.1000
0.1000
0.1000
0.1000
0.1000
0.1000
0.1000
0.1000
0.1000
0.1000
0.1000
0.1000
0.1000
0.1000
0.1000
0.1000
0.1000
0.1000
0.1000
0.1000
0.1000
0.1000
0.1000
0.1000
0.1084
0.1992
0.2345
0.2138
0.1375
0.1000
0.1000
0.1000
0.1000
0.1000
0.1000
0.1000
0.1000
0.1000
0.1000
0.1000
0.1000
0.1000
0.1000
0.1000
0.1000
0.1000
0.1000
0.1000
0.1000
0.1000
0.1000
0.1000
0.1000
0.1000
0.1000
0.1000
0.1000
0.1000
0.1000
0.1000
0.1000
0.1000
0.1000
0.1000
0.1000
0.1000
0.1000
0.1000
0.1000
0.1000
0.1000
0.1363
0.3963
0.6041
0.7570
0.8527
0.8900
0.8682
0.7877
0.6496
0.4559
0.2093
0.1000
0.1000
0.1000
0.1000
0.1000
0.1000
0.1000
0.1000
0.1000
0.1000
0.1000
0.1000
0.1000
0.1000
0.1000
0.1000
0.1000
0.1000
0.1000
0.1000
0.1000
0.1000
0.1000
0.1000
0.1000
0.1000
0.1000
0.1000
0.1000
0.1000
0.1000
0.1000
0.1000
0.1000
0.1000
0.1000
0.1000
0.1000
0.4039
0.7279
1.0012
1.2200
1.3813
1.4825
1.5218
1.4988
1.4137
1.2680
1.0639
0.8046
0.4935
0.1345
0.1000
0.1000
0.1000
0.1000
0.1000
0.1000
0.1000
0.1000
0.1000
0.1000
0.1000
0.1000
0.1000
0.1000
0.1000
0.1000
0.1000
0.1000
0.1000
0.1000
0.1000
0.1000
0.1000
0.1000
0.1000
0.1000
0.1000
0.1000
0.1000
0.1000
0.1000
0.1000
0.1000
0.1000
0.1306
0.5618
0.9495
1.2892
1.5764
1.8070
1.9772
2.0841
2.1258
2.1014
2.0115
1.8576
1.6425
1.3698
1.0434
0.6679
0.2476
0.1000
0.1000
0.1000
0.1000
0.1000
0.1000
0.1000
0.1000
0.1000
0.1000
0.1000
0.1000
0.1000
0.1000
0.1000
0.1000
0.1000
0.1000
0.1000
0.1000
0.1000
0.1000
0.1000
0.1000
0.1000
0.1000
0.1000
0.1000
0.1000
0.1000
0.1000
0.1000
0.1175
0.6059
1.0549
1.4598
1.8156
2.1172
2.3600
2.5396
2.6525
2.6966
2.6708
2.5758
2.4134
2.1868
1.9001
1.5580
1.1655
0.7276
0.2491
0.1000
0.1000
0.1000
0.1000
0.1000
0.1000
0.1000
0.1000
0.1000
0.1000
0.1000
0.1000
0.1000
0.1000
0.1000
0.1000
0.1000
0.1000
0.1000
0.1000
0.1000
0.1000
0.1000
0.1000
0.1000
0.1000
0.1000
0.1000
0.1000
0.1000
0.1000
0.5347
1.0408
1.5074
1.9295
2.3015
2.6179
2.8732
3.0625
3.1817
3.2283
3.2010
3.1007
2.9294
2.6910
2.3901
2.0321
1.6226
1.1671
0.6709
0.1390
0.1000
0.1000
0.1000
0.1000
0.1000
0.1000
0.1000
0.1000
0.1000
0.1000
0.1000
0.1000
0.1000
0.1000
0.1000
0.1000
0.1000
0.1000
0.1000
0.1000
0.1000
0.1000
0.1000
0.1000
0.1000
0.1000
0.1000
0.1000
0.1000
0.3505
0.9076
1.4305
1.9142
2.3531
2.7411
3.0722
3.3400
3.5391
3.6647
3.7138
3.6850
3.5793
3.3991
3.1487
2.8337
2.4600
2.0338
1.5613
1.0482
0.4996
0.1000
0.1000
0.1000
0.1000
0.1000
0.1000
0.1000
0.1000
0.1000
0.1000
0.1000
0.1000
0.1000
0.1000
0.1000
0.1000
0.1000
0.1000
0.1000
0.1000
0.1000
0.1000
0.1000
0.1000
0.1000
0.1000
0.1000
0.1000
0.1000
0.6594
1.2316
1.7702
2.2699
2.7246
3.1279
3.4730
3.7530
3.9616
4.0935
4.1451
4.1149
4.0038
3.8149
3.5530
3.2243
2.8356
2.3937
1.9052
1.3763
0.8124
0.2182
0.1000
0.1000
0.1000
0.1000
0.1000
0.1000
0.1000
0.1000
0.1000
0.1000
0.1000
0.1000
0.1000
0.1000
0.1000
0.1000
0.1000
0.1000
0.1000
0.1000
0.1000
0.1000
0.1000
0.1000
0.1000
0.1000
0.1000
0.3030
0.9170
1.5027
2.0551
2.5690
3.0380
3.4551
3.8131
4.1044
4.3218
4.4596
4.5135
4.4819
4.3658
4.1688
3.8962
3.5550
3.1526
2.6965
2.1938
1.6509
1.0735
0.4665
0.1000
0.1000
0.1000
0.1000
0.1000
0.1000
0.1000
0.1000
0.1000
0.1000
0.1000
0.1000
0.1000
0.1000
0.1000
0.1000
0.1000
0.1000
0.1000
0.1000
0.1000
0.1000
0.1000
0.1000
0.1000
0.1000
0.1000
0.4958
1.1201
1.7166
2.2806
2.8063
3.2873
3.7162
4.0852
4.3861
4.6112
4.7541
4.8100
4.7773
4.6569
4.4527
4.1710
3.8190
3.4051
2.9370
2.4224
1.8679
1.2794
0.6619
0.1000
0.1000
0.1000
0.1000
0.1000
0.1000
0.1000
0.1000
0.1000
0.1000
0.1000
0.1000
0.1000
0.1000
0.1000
0.1000
0.1000
0.1000
0.1000
0.1000
0.1000
0.1000
0.1000
0.1000
0.1000
0.1000
0.1000
0.6336
1.2655
1.8702
2.4427
2.9773
3.4673
3.9051
4.2824
4.5908
4.8219
4.9687
5.0263
4.9926
4.8688
4.6592
4.3703
4.0102
3.5874
3.1103
2.5868
2.0236
1.4269
0.8017
0.1523
0.1000
0.1000
0.1000
0.1000
0.1000
0.1000
0.1000
0.1000
0.1000
0.1000
0.1000
0.1000
0.1000
0.1000
0.1000
0.1000
0.1000
0.1000
0.1000
0.1000
0.1000
0.1000
0.1000
0.1000
0.1000
0.1000
0.7146
1.3511
1.9606
2.5383
3.0783
3.5738
4.0170
4.3996
4.7125
4.9473
5.0966
5.1551
5.1208
4.9950
4.7820
4.4887
4.1235
3.6954
3.2128
2.6838
2.1154
1.5137
0.8838
0.2301
0.1000
0.1000
0.1000
0.1000
0.1000
0.1000
0.1000
0.1000
0.1000
0.1000
0.1000
0.1000
0.1000
0.1000
0.1000
0.1000
0.1000
0.1000
0.1000
0.1000
0.1000
0.1000
0.1000
0.1000
0.1000
0.1000
0.7377
1.3755
1.9864
2.5656
3.1071
3.6042
4.0490
4.4331
4.7474
4.9832
5.1332
5.1921
5.1576
5.0311
4.8171
4.5226
4.1559
3.7262
3.2420
2.7114
2.1416
1.5384
0.9072
0.2523
0.1000
0.1000
0.1000
0.1000
0.1000
0.1000
0.1000
0.1000
0.1000
0.1000
0.1000
0.1000
0.1000
0.1000
0.1000
0.1000
0.1000
0.1000
0.1000
0.1000
0.1000
0.1000
0.1000
0.1000
0.1000
0.1000
0.7024
1.3382
1.9470
2.5239
3.0631
3.5577
4.0002
4.3819
4.6942
4.9284
5.0773
5.1357
5.1015
4.9759
4.7634
4.4709
4.1065
3.6791
3.1974
2.6692
2.1016
1.5006
0.8715
0.2184
0.1000
0.1000
0.1000
0.1000
0.1000
0.1000
0.1000
0.1000
0.1000
0.1000
0.1000
0.1000
0.1000
0.1000
0.1000
0.1000
0.1000
0.1000
0.1000
0.1000
0.1000
0.1000
0.1000
0.1000
0.1000
0.1000
0.6094
1.2400
1.8432
2.4142
2.9472
3.4356
3.8718
4.2477
4.5547
4.7847
4.9308
4.9881
4.9545
4.8314
4.6227
4.3352
3.9765
3.5553
3.0798
2.5579
1.9962
1.4010
0.7771
0.1290
0.1000
0.1000
0.1000
0.1000
0.1000
0.1000
0.1000
0.1000
0.1000
0.1000
0.1000
0.1000
0.1000
0.1000
0.1000
0.1000
0.1000
0.1000
0.1000
0.1000
0.1000
0.1000
0.1000
0.1000
0.1000
0.1000
0.4599
1.0823
1.6768
2.2386
2.7620
3.2407
3.6674
4.0342
4.3333
4.5570
4.6988
4.7544
4.7219
4.6023
4.3995
4.1195
3.7697
3.3579
2.8921
2.3798
1.8274
1.2410
0.6255
0.1000
0.1000
0.1000
0.1000
0.1000
0.1000
0.1000
0.1000
0.1000
0.1000
0.1000
0.1000
0.1000
0.1000
0.1000
0.1000
0.1000
0.1000
0.1000
0.1000
0.1000
0.1000
0.1000
0.1000
0.1000
0.1000
0.1000
0.2560
0.8676
1.4506
2.0003
2.5114
2.9775
3.3920
3.7474
4.0364
4.2521
4.3886
4.4421
4.4108
4.2957
4.1003
3.8299
3.4911
3.0915
2.6382
2.1383
1.5981
1.0233
0.4189
0.1000
0.1000
0.1000
0.1000
0.1000
0.1000
0.1000
0.1000
0.1000
0.1000
0.1000
0.1000
0.1000
0.1000
0.1000
0.1000
0.1000
0.1000
0.1000
0.1000
0.1000
0.1000
0.1000
0.1000
0.1000
0.1000
0.1000
0.1000
0.5989
1.1681
1.7036
2.2000
2.6515
3.0517
3.3940
3.6715
3.8781
4.0087
4.0598
4.0299
3.9199
3.7327
3.4732
3.1473
2.7617
2.3230
1.8377
1.3120
0.7511
0.1599
0.1000
0.1000
0.1000
0.1000
0.1000
0.1000
0.1000
0.1000
0.1000
0.1000
0.1000
0.1000
0.1000
0.1000
0.1000
0.1000
0.1000
0.1000
0.1000
0.1000
0.1000
0.1000
0.1000
0.1000
0.1000
0.1000
0.1000
0.1000
0.2797
0.8335
1.3530
1.8332
2.2686
2.6534
2.9814
3.2466
3.4436
3.5679
3.6164
3.5880
3.4834
3.3050
3.0572
2.7451
2.3746
1.9519
1.4829
0.9732
0.4280
0.1000
0.1000
0.1000
0.1000
0.1000
0.1000
0.1000
0.1000
0.1000
0.1000
0.1000
0.1000
0.1000
0.1000
0.1000
0.1000
0.1000
0.1000
0.1000
0.1000
0.1000
0.1000
0.1000
0.1000
0.1000
0.1000
0.1000
0.1000
0.1000
0.1000
0.4510
0.9534
1.4164
1.8349
2.2035
2.5168
2.7695
2.9567
3.0746
3.1207
3.0937
2.9945
2.8251
2.5891
2.2912
1.9366
1.5306
1.0788
0.5863
0.1000
0.1000
0.1000
0.1000
0.1000
0.1000
0.1000
0.1000
0.1000
0.1000
0.1000
0.1000
0.1000
0.1000
0.1000
0.1000
0.1000
0.1000
0.1000
0.1000
0.1000
0.1000
0.1000
0.1000
0.1000
0.1000
0.1000
0.1000
0.1000
0.1000
0.1000
0.1000
0.5097
0.9550
1.3562
1.7086
2.0073
2.2474
2.4250
2.5367
2.5802
2.5548
2.4608
2.3002
2.0761
1.7923
1.4535
1.0646
0.6304
0.1557
0.1000
0.1000
0.1000
0.1000
0.1000
0.1000
0.1000
0.1000
0.1000
0.1000
0.1000
0.1000
0.1000
0.1000
0.1000
0.1000
0.1000
0.1000
0.1000
0.1000
0.1000
0.1000
0.1000
0.1000
0.1000
0.1000
0.1000
0.1000
0.1000
0.1000
0.1000
0.1000
0.1000
0.4540
0.8382
1.1745
1.4588
1.6869
1.8552
1.9608
2.0020
1.9779
1.8890
1.7369
1.5242
1.2543
0.9312
0.5591
0.1426
0.1000
0.1000
0.1000
0.1000
0.1000
0.1000
0.1000
0.1000
0.1000
0.1000
0.1000
0.1000
0.1000
0.1000
0.1000
0.1000
0.1000
0.1000
0.1000
0.1000
0.1000
0.1000
0.1000
0.1000
0.1000
0.1000
0.1000
0.1000
0.1000
0.1000
0.1000
0.1000
0.1000
0.1000
0.1000
0.2857
0.6065
0.8770
1.0935
1.2529
1.3529
1.3919
1.3691
1.2850
1.1409
0.9391
0.6824
0.3745
0.1000
0.1000
0.1000
0.1000
0.1000
0.1000
0.1000
0.1000
0.1000
0.1000
0.1000
0.1000
0.1000
0.1000
0.1000
0.1000
0.1000
0.1000
0.1000
0.1000
0.1000
0.1000
0.1000
0.1000
0.1000
0.1000
0.1000
0.1000
0.1000
0.1000
0.1000
0.1000
0.1000
0.1000
0.1000
0.1000
0.1000
0.1000
0.1000
0.1000
0.1000
0.1000
0.1000
0.1000
0.1000
0.1000
0.1000
0.1000
0.1000
0.1000
0.1000
0.1000
0.1000
0.1000
0.1000
0.1000
0.1000
0.1000
0.1000
0.1000
0.1000
0.1000
0.1000
0.1000
0.1000
0.1000
0.1000
0.1000
0.1000
0.1000
0.1000
0.1000
0.1000
0.1000
0.1000
0.1000
0.1000
0.1000
0.1000
0.1000
0.1000
0.1000
0.1000
0.1000
0.1000
0.1000
0.1000
0.1000
0.1000
0.1000
0.1000
0.1000
0.1000
0.1000
0.1000
0.1000
0.1000
0.1000
0.1000
0.1000
0.1000
0.1000
0.1000
0.1000
0.1000
0.1000
0.1000
0.1000
0.1000
0.1000
0.1000
0.1000
0.1000
0.1000
0.1000
0.1000
0.1000
0.1000
0.1000
0.1000
0.1000
0.1000
0.1000
0.1000
0.1000
0.1000
0.1000
0.1000
0.1000
0.1000
0.1000
0.1000
0.1000
0.1000
0.1000
0.1000
0.1000
0.1000
0.1000
0.1000
0.1000
0.1000
0.1000
0.1000
0.1000
0.1000
0.1000
0.1000
0.1000
0.1000
0.1000
0.1000
0.1000
0.1000
0.1000
0.1000
0.1000
0.1000
0.1000
0.1000
0.1000
0.1000
0.1000
0.1000
0.1000
0.1000
0.1000
0.1000
0.1000
0.1000
0.1000
0.1000
0.1000
0.1000
0.1000
0.1000
0.1000
0.1000
0.1000
0.1000
0.1000
0.1000
0.1000
0.1000
0.1000
0.1000
0.1000
0.1000
0.1000
0.1000
0.1000
0.1000
0.1000
0.1000
0.1000
0.1000
0.1000
0.1000
0.1000
0.1000
0.1000
0.1000
0.1000
0.1000
0.1000
0.1000
0.1000
0.1000
0.1000
0.1000
0.1000
0.1000
0.1000
0.1000
0.1000
0.1000
0.1000
0.1000
0.1000
0.1000
0.1000
0.1000
0.1000
0.1000
0.1000
0.1000
0.1000
0.1000
0.1000
0.1000
0.1000
0.1000
0.1000
0.1000
0.1000
0.1000
0.1000
0.1000
0.1000
0.1000
0.1000
0.1000
0.1000
0.1000
0.1000
0.1000
0.1000
0.1000
0.1000
0.1000
0.1000
0.1000
0.1000
0.1000
0.1000
0.1000
0.1000
0.1000
0.1000
0.1000
0.1000
0.1000
0.1000
0.1000
0.1000
0.1000
0.1000
0.1000
0.1000
0.1000
0.1000
0.1000
0.1000
0.1000
0.1000
0.1000
0.1000
0.1000
0.1000
0.1000
0.1000
0.1000
0.1000
0.1000
0.1000
0.1000
0.1000
0.1000
0.1000
0.1000
0.1000
0.1000
0.1000
0.1000
0.1000
0.1000
0.1000
0.1000
0.1000
0.1000
0.1000
0.1000
0.1000
0.1000
0.1000
0.1000
0.1000
0.1000
0.1000
0.1000
0.1000
0.1000
0.1000
0.1000
0.1000
0.1000
0.1000
0.1000
0.1000
0.1000
0.1000
0.1000
0.1000
0.1000
0.1000
0.1000
0.1000
0.1000
0.1000
0.1000
0.1000
0.1000
0.1000
0.1000
0.1000
0.1000
0.1000
0.1000
0.1000
0.1000
0.1000
0.1000
0.1000
0.1000
0.1000
0.1000
0.1000
0.1000
0.1000
0.1000
0.1000
0.1000
0.1000
0.1000
0.1000
0.1000
0.1000
0.1000
0.1000
0.1000
0.1000
0.1000
0.1000
0.1000
0.1000
0.1000
0.1000
0.1000
0.1000
0.1000
0.1000
0.1000
0.1000
0.1000
0.1000
0.1000
0.1000
0.1000
0.1000
0.1000
0.1000
0.1000
0.1000
0.1000
0.1000
0.1000
0.1000
0.1000
0.1000
0.1000
0.1000
0.1000
0.1000
0.1000
0.1000
0.1000
0.1000
0.1000
0.1000
0.1000
0.1000
0.1000
0.1000
0.1000
0.1000
0.1000
0.1000
0.1000
0.1000
0.1000
0.1000
0.1000
0.1000
0.1000
0.1000
0.1000
0.1000
0.1000
0.1000
0.1000
0.1000
0.1000
0.1000
0.1000
0.1000
0.1000
0.1000
0.1000
0.1000
0.1000
0.1000
0.1000
0.1000
0.1000
0.1000
0.1000
0.1000
0.1000
0.1000
0.1000
0.1000
0.1000
0.1000
0.1000
0.1000
0.1000
0.1000
0.1000
0.1000
0.1000
0.1000
0.1000
0.1000
0.1000
0.1000
0.1000
0.1000
0.1000
0.1000
0.1000
0.1000
0.1000
0.1000
0.1000
0.1000
0.1000
0.1000
0.1000
0.1000
0.1000
0.1000
0.1000
0.1000
0.1000
0.1000
0.1000
0.1000
0.1000
0.1000
0.1000
0.1000
0.1000
0.1000
0.1000
0.1000
0.1000
0.1000
0.1000
0.1000
0.1000
0.1000
0.1000
0.1000
0.1000
0.1000
0.1000
0.1000
0.1000
0.1000
0.1000
0.1000
0.1000
0.1000
0.1000
0.1000
0.1000
0.1000
0.1000
0.1000
0.1000
0.1000
0.1000
0.1000
0.1000
0.1000
0.1000
0.1000
0.1000
0.1000
0.1000
0.1000
0.1000
0.1000
0.1000
0.1000
0.1000
0.1000
0.1000
0.1000
0.1000
0.1000
0.1000
0.1000
0.1000
0.1000
0.1000
0.1000
0.1000
0.1000
0.1000
0.1000
0.1000
0.1000
0.1000
0.1000
0.1000
0.1000
0.1000
0.1000
0.1000
0.1000
0.1000
0.1000
0.1000
0.1000
0.1000
0.1000
0.1000
0.1000
0.1000
0.1000
0.1000
0.1000
0.1000
0.1000
0.1000
0.1000
0.1000
0.1000
0.1000
0.1000
0.1000
0.1000
0.1000
0.1000
0.1000
0.1000
0.1000
0.1000
0.1000
0.1000
0.1000
0.1000
0.1000
0.1000
0.1000
0.1000
0.1000
0.1000
0.1000
0.1000
0.1000
0.1000
0.1000
0.1000
0.1000
0.1000
0.1000
0.1000
0.1000
0.1000
0.1000
0.1000
0.1000
0.1000
0.1000
0.1000
0.1000
0.1000
0.1000
0.1000
0.1000
0.1000
0.1000
0.1000
0.1000
0.1000
0.1000
0.1000
0.1000
0.1000
0.1000
0.1000
0.1000
0.1000
0.1000
0.1000
0.1000
0.1000
0.1000
0.1000
0.1000
0.1000
0.1000
0.1000
0.1000
0.1000
0.1000
0.1000
0.1000
0.1000
0.1000
0.1000
0.1000
0.1000
0.1000
0.1000
0.1000
0.1000
0.1000
0.1000
0.1000
0.1000
0.1000
0.1000
0.1000
0.1000
0.1000
0.1000
0.1000
0.1000
0.1000
0.1000
0.1000
0.1000
0.1000
0.1000
0.1000
0.1000
0.1000
0.1000
0.1000
0.1000
0.1000
0.1000
0.1000
0.1000
0.1000
0.1000
0.1000
0.1000
0.1000
0.1000
0.1000
0.1000
0.1000
0.1000
0.1000
0.1000
0.1000
0.1000
0.1000
0.1000
0.1000
0.1000
0.1000
0.1000
0.1000
0.1000
0.1000
0.1000
0.1000
0.1000
0.1000
0.1000
0.1000
0.1000
0.1000
0.1000
0.1000
0.1000
0.1000
0.1000
0.1000
0.1000
0.1000
0.1000
0.1000
0.1000
0.1000
0.1000
0.1000
0.1000
0.1000
0.1000
0.1000
0.1000
0.1000
0.1000
0.1000
0.1000
0.1000
0.1000
0.1000
0.1000
0.1000
0.1000
0.1000
0.1000
0.1000
0.1000
0.1000
0.1000
0.1000
0.1000
0.1000
0.1000
0.1000
0.1000
0.1000
0.1000
0.1000
0.1000
0.1000
0.1000
0.1000
0.1000
0.1000
0.1000
0.1000
0.1000
0.1000
0.1000
0.1000
0.1000
0.1000
0.1000
0.1000
0.1000
0.1000
0.1000
0.1000
0.1000
0.1000
0.1000
0.1000
0.1000
0.1000
0.1000
0.1000
0.1000
0.1000
0.1000
0.1000
0.1000
0.1000
0.1000
0.1000
0.1000
0.1000
0.1000
0.1000
0.1000
0.1000
0.1000
0.1000
0.1000
0.1000
0.1000
0.1000
0.1000
0.1000
0.1000
0.1000
0.1000
0.1000
0.1000
0.1000
0.1000
0.1000
0.1000
0.1000
0.1000
0.1000
0.1000
0.1000
0.1000
0.1000
0.1000
0.1000
0.1000
0.1000
0.1000
0.1000
0.1000
0.1000
0.1000
0.1000
0.1000
0.1000
0.1000
0.1000
0.1000
0.1000
0.1000
0.1000
0.1000
0.1000
0.1000
0.1000
0.1000
0.1000
0.1000
0.1000
0.1000
0.1000
0.1000
0.1000
0.1000
0.1000
0.1000
0.1000
0.1000
0.1000
0.1000
0.1000
0.1000
0.1000
0.1000
0.1000
0.1000
0.1000
0.1000
0.1000
0.1000
0.1000
0.1000
0.1000
0.1000
0.1000
0.1000
0.1000
0.1000
0.1000
0.1000
0.1000
0.1000
0.1000
0.1000
0.1000
0.1000
0.1000
0.1000
0.1000
0.1000
0.1000
0.1000
0.1000
0.1000
0.1000
0.1000
0.1000
0.1000
0.1000
0.1000
0.1000
0.1000
0.1000
0.1000
0.1000
0.1000
0.1000
0.1000
0.1000
0.1000
0.1000
0.1000
0.1000
0.1000
0.1000
0.1000
0.1000
0.1000
0.1000
0.1000
0.1000
0.1000
0.1000
0.1000
0.1000
0.1000
0.1000
0.1000
0.1000
0.1000
0.1000
0.1000
0.1000
0.1000
0.1000
0.1000
0.1000
0.1000
0.1000
0.1000
0.1000
0.1000
0.1000
0.1000
0.1000
0.1000
0.1000
0.1000
0.1000
0.1000
0.1000
0.1000
0.1000
0.1000
0.1000
0.1000
0.1000
0.1000
0.1000
0.1000
0.1000
0.1000
0.1000
0.1000
0.1000
0.1000
0.1000
0.1000
0.1000
0.1000
0.1000
0.1000
0.1000
0.1000
0.1000
0.1000
0.1000
0.1000
0.1000
0.1000
0.1000
0.1000
0.1000
0.1000
0.1000
0.1000
0.1000
0.1000
0.1000
0.1000
0.1000
0.1000
0.1000
0.1000
0.1000
0.1000
0.1000
0.1000
0.1000
0.1000
0.1000
0.1000
0.1000
0.1000
0.1000
0.1000
0.1000
0.1000
0.1000
0.1000
0.1000
0.1000
0.1000
0.1000
0.1000
0.1000
0.1000
0.1000
0.1000
0.1000
0.1000
0.1000
0.1000
0.1000
0.1000
0.1000
0.1000
0.1000
0.1000
0.1000
0.1000
0.1000
0.1000
0.1000
0.1000
0.1000
0.1000
0.1000
0.1000
0.1000
0.1000
0.1000
0.1000
0.1000
0.1000
0.1000
0.1000
0.1000
0.1000
0.1000
0.1000
0.1000
0.1000
0.1000
0.1000
0.1000
0.1000
0.1000
0.1000
0.1000
0.1000
0.1000
0.1000
0.1000
0.1000
0.1000
0.1000
0.1000
0.1000
0.1000
0.1000
0.1000
0.1000
0.1000
0.1000
0.1000
0.1000
0.1000
0.1000
0.1000
0.1000
0.1000
0.1000
0.1000
0.1000
0.1000
0.1000
0.1000
0.1000
0.1000
0.1000
0.1000
0.1000
0.1000
0.1000
0.1000
0.1000
0.1000
0.1000
0.1000
0.1000
0.1000
0.1000
0.1000
0.1000
0.1000
0.1000
0.1000
0.1000
0.1000
0.1000
0.1000
0.1000
0.1000
0.1000
0.1000
0.1000
0.1000
0.1000
0.1000
0.1000
0.1000
0.1000
0.1000
0.1000
0.1000
0.1000
0.1000
0.1000
0.1000
0.1000
0.1000
0.1000
0.1000
0.1000
0.1000
0.1000
0.1000
0.1000
0.1000
0.1000
0.1000
0.1000
0.1000
0.1000
0.1000
0.1000
0.1000
0.1000
0.1000
0.1000
0.1000
0.1000
0.1000
0.1000
0.1000
0.1000
0.1000
0.1000
0.1000
0.1000
0.1000
0.1000
0.1000
0.1000
0.1000
0.1000
0.1000
0.1000
0.1000
0.1000
0.1000
0.1000
0.1000
0.1000
0.1000
0.1000
0.1000
0.1000
0.1000
0.1000
0.1000
0.1000
0.1000
0.1000
0.1000
0.1000
0.1000
0.1000
0.1000
0.1000
0.1000
0.1000
0.1000
0.1000
0.1000
0.1000
0.1000
0.1000
0.1000
0.1000
0.1000
0.1000
0.1000
0.1000
0.1000
0.1000
0.1000
0.1000
0.1000
0.1000
0.1000
0.1000
0.1000
0.1000
0.1000
0.1000
0.1000
0.1000
0.1000
0.1000
0.1000
0.1000
0.1000
0.1000
0.1000
0.1000
0.1000
0.1000
0.1000
0.1000
0.1000
0.1000
0.1000
0.1000
0.1000
0.1000
0.1000
0.1000
0.1000
0.1000
0.1000
0.1000
0.1000
0.1000
0.1000
0.1000
0.1000
0.1000
0.1000
0.1000
0.1000
0.1000
0.1000
0.1000
0.1000
0.1000
0.1000
0.1000
0.1000
0.1000
0.1000
0.1000
0.1000
0.1000
0.1000
0.1000
0.1000
0.1000
0.1000
0.1000
0.1000
0.1000
0.1000
0.1000
0.1000
0.1000
0.1000
0.1000
0.1000
0.1000
0.1000
0.1000
0.1000
0.1000
0.1000
0.1000
0.1000
0.1000
0.1000
0.1000
0.1000
0.1000
0.1000
0.1000
0.1000
0.1000
0.1000
0.1000
0.1000
0.1000
0.1000
0.1000
0.1000
0.1000
0.1000
0.1000
0.1000
0.1000
0.1000
0.1000
0.1000
0.1000
0.1000
0.1000
0.1000
0.1000
0.1000
0.1000
0.1000
0.1000
0.1000
0.1000
0.1000
0.1000
0.1000
0.1000
0.1000
0.1000
0.1000
0.1000
0.1000
0.1000
0.1000
0.1000
0.1000
0.1000
0.1000
0.1000
0.1000
0.1000
0.1000
0.1000
0.1000
0.1000
0.1000
0.1000
0.1000
0.1000
0.1000
0.1000
0.1000
0.1000
0.1000
0.1000
0.1000
0.1000
0.1000
0.1000
0.1000
0.1000
0.1000
0.1000
0.1000
0.1000
0.1000
0.1000
0.1000
0.1000
0.1000
0.1000
0.1000
0.1000
0.1000
0.1000
0.1000
0.1000
0.1000
0.1000
0.1000
0.1000
0.1000
0.1000
0.1000
0.1000
0.1000
0.1000
0.1000
0.1000
0.1000
0.1000
0.1000
0.1000
0.1000
0.1000
0.2032
0.3510
0.4436
0.4796
0.4585
0.3807
0.2472
0.1000
0.1000
0.1000
0.1000
0.1000
0.1000
0.1000
0.1000
0.1000
0.1000
0.1000
0.1000
0.1000
0.1000
0.1000
0.1000
0.1000
0.1000
0.1000
0.1000
0.1000
0.1000
0.1000
0.1000
0.1000
0.1000
0.1000
0.1000
0.1000
0.1000
0.1000
0.1000
0.1000
0.1000
0.1000
0.1000
0.1000
0.1000
0.1000
0.1000
0.1000
0.3795
0.6448
0.8570
1.0132
1.1111
1.1492
1.1269
1.0446
0.9034
0.7057
0.4540
0.1517
0.1000
0.1000
0.1000
0.1000
0.1000
0.1000
0.1000
0.1000
0.1000
0.1000
0.1000
0.1000
0.1000
0.1000
0.1000
0.1000
0.1000
0.1000
0.1000
0.1000
0.1000
0.1000
0.1000
0.1000
0.1000
0.1000
0.1000
0.1000
0.1000
0.1000
0.1000
0.1000
0.1000
0.1000
0.1000
0.1000
0.2741
0.6525
0.9835
1.2629
1.4870
1.6522
1.7559
1.7962
1.7726
1.6854
1.5361
1.3272
1.0619
0.7440
0.3777
0.1000
0.1000
0.1000
0.1000
0.1000
0.1000
0.1000
0.1000
0.1000
0.1000
0.1000
0.1000
0.1000
0.1000
0.1000
0.1000
0.1000
0.1000
0.1000
0.1000
0.1000
0.1000
0.1000
0.1000
0.1000
0.1000
0.1000
0.1000
0.1000
0.1000
0.1000
0.1000
0.1000
0.1000
0.3737
0.8138
1.2101
1.5578
1.8522
2.0889
2.2637
2.3736
2.4165
2.3914
2.2989
2.1408
1.9200
1.6403
1.3061
0.9221
0.4930
0.1000
0.1000
0.1000
0.1000
0.1000
0.1000
0.1000
0.1000
0.1000
0.1000
0.1000
0.1000
0.1000
0.1000
0.1000
0.1000
0.1000
0.1000
0.1000
0.1000
0.1000
0.1000
0.1000
0.1000
0.1000
0.1000
0.1000
0.1000
0.1000
0.1000
0.1000
0.1000
0.3603
0.8588
1.3179
1.7326
2.0976
2.4077
2.6576
2.8426
2.9592
3.0046
2.9780
2.8799
2.7125
2.4792
2.1845
1.8333
1.4311
0.9832
0.4946
0.1000
0.1000
0.1000
0.1000
0.1000
0.1000
0.1000
0.1000
0.1000
0.1000
0.1000
0.1000
0.1000
0.1000
0.1000
0.1000
0.1000
0.1000
0.1000
0.1000
0.1000
0.1000
0.1000
0.1000
0.1000
0.1000
0.1000
0.1000
0.1000
0.1000
0.2345
0.7861
1.3034
1.7814
2.2147
2.5974
2.9234
3.1870
3.3828
3.5062
3.5545
3.5262
3.4223
3.2451
2.9988
2.6886
2.3201
1.8996
1.4328
0.9253
0.3822
0.1000
0.1000
0.1000
0.1000
0.1000
0.1000
0.1000
0.1000
0.1000
0.1000
0.1000
0.1000
0.1000
0.1000
0.1000
0.1000
0.1000
0.1000
0.1000
0.1000
0.1000
0.1000
0.1000
0.1000
0.1000
0.1000
0.1000
0.1000
0.1000
0.5980
1.1672
1.7026
2.1990
2.6504
3.0506
3.3928
3.6703
3.8769
4.0075
4.0585
4.0286
3.9186
3.7315
3.4721
3.1462
2.7606
2.3219
1.8367
1.3110
0.7502
0.1590
0.1000
0.1000
0.1000
0.1000
0.1000
0.1000
0.1000
0.1000
0.1000
0.1000
0.1000
0.1000
0.1000
0.1000
0.1000
0.1000
0.1000
0.1000
0.1000
0.1000
0.1000
0.1000
0.1000
0.1000
0.1000
0.1000
0.1000
0.2996
0.9134
1.4988
2.0511
2.5648
3.0335
3.4505
3.8083
4.0994
4.3167
4.4544
4.5082
4.4767
4.3607
4.1638
3.8914
3.5503
3.1482
2.6923
2.1898
1.6471
1.0698
0.4630
0.1000
0.1000
0.1000
0.1000
0.1000
0.1000
0.1000
0.1000
0.1000
0.1000
0.1000
0.1000
0.1000
0.1000
0.1000
0.1000
0.1000
0.1000
0.1000
0.1000
0.1000
0.1000
0.1000
0.1000
0.1000
0.1000
0.1000
0.5496
1.1769
1.7766
2.3438
2.8730
3.3574
3.7897
4.1619
4.4657
4.6931
4.8375
4.8941
4.8609
4.7393
4.5330
4.2485
3.8935
3.4761
3.0046
2.4865
1.9286
1.3369
0.7165
0.1000
0.1000
0.1000
0.1000
0.1000
0.1000
0.1000
0.1000
0.1000
0.1000
0.1000
0.1000
0.1000
0.1000
0.1000
0.1000
0.1000
0.1000
0.1000
0.1000
0.1000
0.1000
0.1000
0.1000
0.1000
0.1000
0.1000
0.7463
1.3846
1.9961
2.5758
3.1179
3.6156
4.0610
4.4456
4.7605
4.9967
5.1470
5.2059
5.1714
5.0447
4.8303
4.5353
4.1681
3.7378
3.2530
2.7218
2.1514
1.5477
0.9160
0.2606
0.1000
0.1000
0.1000
0.1000
0.1000
0.1000
0.1000
0.1000
0.1000
0.1000
0.1000
0.1000
0.1000
0.1000
0.1000
0.1000
0.1000
0.1000
0.1000
0.1000
0.1000
0.1000
0.1000
0.1000
0.1000
0.1000
0.8871
1.5335
2.1537
2.7428
3.2946
3.8023
4.2578
4.6519
4.9753
5.2184
5.3733
5.4341
5.3985
5.2679
5.0471
4.7439
4.3674
3.9271
3.4323
2.8913
2.3114
1.6989
1.0589
0.3958
0.1000
0.1000
0.1000
0.1000
0.1000
0.1000
0.1000
0.1000
0.1000
0.1000
0.1000
0.1000
0.1000
0.1000
0.1000
0.1000
0.1000
0.1000
0.1000
0.1000
0.1000
0.1000
0.1000
0.1000
0.1000
0.1000
0.9699
1.6212
2.2467
2.8413
3.3991
3.9129
4.3745
4.7746
5.1032
5.3507
5.5085
5.5705
5.5342
5.4011
5.1764
4.8681
4.4858
4.0394
3.5384
2.9914
2.4058
1.7879
1.1429
0.4752
0.1000
0.1000
0.1000
0.1000
0.1000
0.1000
0.1000
0.1000
0.1000
0.1000
0.1000
0.1000
0.1000
0.1000
0.1000
0.1000
0.1000
0.1000
0.1000
0.1000
0.1000
0.1000
0.1000
0.1000
0.1000
0.1000
0.9935
1.6462
2.2732
2.8694
3.4289
3.9445
4.4079
4.8097
5.1399
5.3887
5.5473
5.6096
5.5731
5.4393
5.2134
4.9036
4.5196
4.0714
3.5687
3.0200
2.4327
1.8133
1.1668
0.4978
0.1000
0.1000
0.1000
0.1000
0.1000
0.1000
0.1000
0.1000
0.1000
0.1000
0.1000
0.1000
0.1000
0.1000
0.1000
0.1000
0.1000
0.1000
0.1000
0.1000
0.1000
0.1000
0.1000
0.1000
0.1000
0.1000
0.9575
1.6080
2.2327
2.8265
3.3834
3.8963
4.3569
4.7561
5.0839
5.3308
5.4881
5.5499
5.5137
5.3810
5.1568
4.8493
4.4679
4.0225
3.5224
2.9763
2.3916
1.7745
1.1303
0.4633
0.1000
0.1000
0.1000
0.1000
0.1000
0.1000
0.1000
0.1000
0.1000
0.1000
0.1000
0.1000
0.1000
0.1000
0.1000
0.1000
0.1000
0.1000
0.1000
0.1000
0.1000
0.1000
0.1000
0.1000
0.1000
0.1000
0.8624
1.5074
2.1260
2.7134
3.2635
3.7694
4.2231
4.6155
4.9373
5.1792
5.3333
5.3938
5.3583
5.2284
5.0088
4.7071
4.3323
3.8938
3.4007
2.8615
2.2833
1.6723
1.0338
0.3720
0.1000
0.1000
0.1000
0.1000
0.1000
0.1000
0.1000
0.1000
0.1000
0.1000
0.1000
0.1000
0.1000
0.1000
0.1000
0.1000
0.1000
0.1000
0.1000
0.1000
0.1000
0.1000
0.1000
0.1000
0.1000
0.1000
0.7097
1.3459
1.9552
2.5325
3.0722
3.5673
4.0103
4.3925
4.7052
4.9397
5.0888
5.1473
5.1131
4.9873
4.7745
4.4815
4.1167
3.6888
3.2066
2.6779
2.1099
1.5085
0.8789
0.2254
0.1000
0.1000
0.1000
0.1000
0.1000
0.1000
0.1000
0.1000
0.1000
0.1000
0.1000
0.1000
0.1000
0.1000
0.1000
0.1000
0.1000
0.1000
0.1000
0.1000
0.1000
0.1000
0.1000
0.1000
0.1000
0.1000
0.5016
1.1263
1.7232
2.2875
2.8136
3.2949
3.7242
4.0935
4.3947
4.6201
4.7631
4.8192
4.7863
4.6658
4.4614
4.1794
3.8271
3.4128
2.9444
2.4293
1.8745
1.2856
0.6678
0.1000
0.1000
0.1000
0.1000
0.1000
0.1000
0.1000
0.1000
0.1000
0.1000
0.1000
0.1000
0.1000
0.1000
0.1000
0.1000
0.1000
0.1000
0.1000
0.1000
0.1000
0.1000
0.1000
0.1000
0.1000
0.1000
0.1000
0.2409
0.8516
1.4338
1.9827
2.4928
2.9581
3.3716
3.7262
4.0145
4.2297
4.3658
4.4191
4.3879
4.2732
4.0783
3.8085
3.4706
3.0718
2.6194
2.1204
1.5811
1.0072
0.4035
0.1000
0.1000
0.1000
0.1000
0.1000
0.1000
0.1000
0.1000
0.1000
0.1000
0.1000
0.1000
0.1000
0.1000
0.1000
0.1000
0.1000
0.1000
0.1000
0.1000
0.1000
0.1000
0.1000
0.1000
0.1000
0.1000
0.1000
0.1000
0.5258
1.0914
1.6231
2.1157
2.5634
2.9600
3.2988
3.5734
3.7777
3.9068
3.9573
3.9278
3.8190
3.6340
3.3773
3.0547
2.6726
2.2377
1.7563
1.2343
0.6771
0.1000
0.1000
0.1000
0.1000
0.1000
0.1000
0.1000
0.1000
0.1000
0.1000
0.1000
0.1000
0.1000
0.1000
0.1000
0.1000
0.1000
0.1000
0.1000
0.1000
0.1000
0.1000
0.1000
0.1000
0.1000
0.1000
0.1000
0.1000
0.1000
0.1528
0.7006
1.2140
1.6881
2.1175
2.4965
2.8192
3.0799
3.2734
3.3953
3.4430
3.4151
3.3124
3.1373
2.8938
2.5868
2.2220
1.8052
1.3423
0.8388
0.2995
0.1000
0.1000
0.1000
0.1000
0.1000
0.1000
0.1000
0.1000
0.1000
0.1000
0.1000
0.1000
0.1000
0.1000
0.1000
0.1000
0.1000
0.1000
0.1000
0.1000
0.1000
0.1000
0.1000
0.1000
0.1000
0.1000
0.1000
0.1000
0.1000
0.1000
0.2660
0.7605
1.2156
1.6265
1.9879
2.2946
2.5417
2.7246
2.8397
2.8846
2.8583
2.7614
2.5960
2.3653
2.0738
1.7262
1.3278
0.8838
0.3992
0.1000
0.1000
0.1000
0.1000
0.1000
0.1000
0.1000
0.1000
0.1000
0.1000
0.1000
0.1000
0.1000
0.1000
0.1000
0.1000
0.1000
0.1000
0.1000
0.1000
0.1000
0.1000
0.1000
0.1000
0.1000
0.1000
0.1000
0.1000
0.1000
0.1000
0.1000
0.1000
0.2675
0.7037
1.0962
1.4404
1.7316
1.9655
2.1383
2.2469
2.2892
2.2645
2.1731
2.0169
1.7986
1.5220
1.1913
0.8110
0.3859
0.1000
0.1000
0.1000
0.1000
0.1000
0.1000
0.1000
0.1000
0.1000
0.1000
0.1000
0.1000
0.1000
0.1000
0.1000
0.1000
0.1000
0.1000
0.1000
0.1000
0.1000
0.1000
0.1000
0.1000
0.1000
0.1000
0.1000
0.1000
0.1000
0.1000
0.1000
0.1000
0.1000
0.1000
0.1572
0.5319
0.8594
1.1359
1.3574
1.5206
1.6231
1.6630
1.6396
1.5535
1.4059
1.1994
0.9370
0.6225
0.2598
0.1000
0.1000
0.1000
0.1000
0.1000
0.1000
0.1000
0.1000
0.1000
0.1000
0.1000
0.1000
0.1000
0.1000
0.1000
0.1000
0.1000
0.1000
0.1000
0.1000
0.1000
0.1000
0.1000
0.1000
0.1000
0.1000
0.1000
0.1000
0.1000
0.1000
0.1000
0.1000
0.1000
0.1000
0.1000
0.1000
0.1000
0.1000
0.1000
0.1000
0.1000
0.1000
0.1000
0.1000
0.1000
0.1000
0.1000
0.1000
0.1000
0.1000
0.1000
0.1000
0.1000
0.1000
0.1000
0.1000
0.1000
0.1000
0.1000
0.1000
0.1000
0.1000
0.1000
0.1000
0.1000
0.1000
0.1000
0.1000
0.1000
0.1000
0.1000
0.1000
0.1000
0.1000
0.1000
0.1000
0.1000
0.1000
0.1000
0.1000
0.1000
0.1000
0.1000
0.1000
0.1000
0.1000
0.1000
0.1000
0.1000
0.1000
0.1000
0.1000
0.1000
0.1000
0.1000
0.1000
0.1000
0.1000
0.1000
0.1000
0.1000
0.1000
0.1000
0.1000
0.1000
0.1000
0.1000
0.1000
0.1000
0.1000
0.1000
0.1000
0.1000
0.1000
0.1000
0.1000
0.1000
0.1000
0.1000
0.1000
0.1000
0.1000
0.1000
0.1000
0.1000
0.1000
0.1000
0.1000
0.1000
0.1000
0.1000
0.1000
0.1000
0.1000
0.1000
0.1000
0.1000
0.1000
0.1000
0.1000
0.1000
0.1000
0.1000
0.1000
0.1000
0.1000
0.1000
0.1000
0.1000
0.1000
0.1000
0.1000
0.1000
0.1000
0.1000
0.1000
0.1000
0.1000
0.1000
0.1000
0.1000
0.1000
0.1000
0.1000
0.1000
0.1000
0.1000
0.1000
0.1000
0.1000
0.1000
0.1000
0.1000
0.1000
0.1000
0.1000
0.1000
0.1000
0.1000
0.1000
0.1000
0.1000
0.1000
0.1000
0.1000
0.1000
0.1000
0.1000
0.1000
0.1000
0.1000
0.1000
0.1000
0.1000
0.1000
0.1000
0.1000
0.1000
0.1000
0.1000
0.1000
0.1000
0.1000
0.1000
0.1000
0.1000
0.1000
0.1000
0.1000
0.1000
0.1000
0.1000
0.1000
0.1000
0.1000
0.1000
0.1000
0.1000
0.1000
0.1000
0.1000
0.1000
0.1000
0.1000
0.1000
0.1000
0.1000
0.1000
0.1000
0.1000
0.1000
0.1000
0.1000
0.1000
0.1000
0.1000
0.1000
0.1000
0.1000
0.1000
0.1000
0.1000
0.1000
0.1000
0.1000
0.1000
0.1000
0.1000
0.1000
0.1000
0.1000
0.1000
0.1000
0.1000
0.1000
0.1000
0.1000
0.1000
0.1000
0.1000
0.1000
0.1000
0.1000
0.1000
0.1000
0.1000
0.1000
0.1000
0.1000
0.1000
0.1000
0.1000
0.1000
0.1000
0.1000
0.1000
0.1000
0.1000
0.1000
0.1000
0.1000
0.1000
0.1000
0.1000
0.1000
0.1000
0.1000
0.1000
0.1000
0.1000
0.1000
0.1000
0.1000
0.1000
0.1000
0.1000
0.1000
0.1000
0.1000
0.1000
0.1000
0.1000
0.1000
0.1000
0.1000
0.1000
0.1000
0.1000
0.1000
0.1000
0.1000
0.1000
0.1000
0.1000
0.1000
0.1000
0.1000
0.1000
0.1000
0.1000
0.1000
0.1000
0.1000
0.1000
0.1000
0.1000
0.1000
0.1000
0.1000
0.1000
0.1000
0.1000
0.1000
0.1000
0.1000
0.1000
0.1000
0.1000
0.1000
0.1000
0.1000
0.1000
0.1000
0.1000
0.1000
0.1000
0.1000
0.1000
0.1000
0.1000
0.1000
0.1000
0.1000
0.1000
0.1000
0.1000
0.1000
0.1000
0.1000
0.1000
0.1000
0.1000
0.1000
0.1000
0.1000
0.1000
0.1000
0.1000
0.1000
0.1000
0.1000
0.1000
0.1000
0.1000
0.1000
0.1000
0.1000
0.1000
0.1000
0.1000
0.1000
0.1000
0.1000
0.1000
0.1000
0.1000
0.1000
0.1000
0.1000
0.1000
0.1000
0.1000
0.1000
0.1000
0.1000
0.1000
0.1000
0.1000
0.1000
0.1000
0.1000
0.1000
0.1000
0.1000
0.1000
0.1000
0.1000
0.1000
0.1000
0.1000
0.1000
0.1000
0.1000
0.1000
0.1000
0.1000
0.1000
0.1000
0.1000
0.1000
0.1000
0.1000
0.1000
0.1000
0.1000
0.1000
0.1000
0.1000
0.1000
0.1000
0.1000
0.1000
0.1000
0.1000
0.1000
0.1000
0.1000
0.1000
0.1000
0.1000
0.1000
0.1000
0.1000
0.1000
0.1000
0.1000
0.1000
0.1000
0.1000
0.1000
0.1000
0.1000
0.1000
0.1000
0.1000
0.1000
0.1000
0.1000
0.1000
0.1000
0.1000
0.1000
0.1000
0.1000
0.1000
0.1000
0.1000
0.1000
0.1000
0.1000
0.1000
0.1000
0.1000
0.1000
0.1000
0.1000
0.1000
0.1000
0.1000
0.1000
0.1000
0.1000
0.1000
0.1000
0.1000
0.1000
0.1000
0.1000
0.1000
0.1000
0.1000
0.1000
0.1000
0.1000
0.1000
0.1000
0.1000
0.1000
0.1000
0.1000
0.1000
0.1000
0.1000
0.1000
0.1000
0.1000
0.1000
0.1000
0.1000
0.1000
0.1000
0.1000
0.1000
0.1000
0.1000
0.1000
0.1000
0.1000
0.1000
0.1000
0.1000
0.1000
0.1000
0.1000
0.1000
0.1000
0.1000
0.1000
0.1000
0.1000
0.1000
0.1000
0.1000
0.1000
0.1000
0.1000
0.1000
0.1000
0.1000
0.1000
0.1000
0.1000
0.1000
0.1000
0.1000
0.1000
0.1000
0.1000
0.1000
0.1000
0.1000
0.1000
0.1000
0.1000
0.1000
0.1000
0.1000
0.1000
0.1000
0.1000
0.1000
0.1000
0.1000
0.1000
0.1000
0.1000
0.1000
0.1000
0.1000
0.1000
0.1000
0.1000
0.1000
0.1000
0.1000
0.1000
0.1000
0.1000
0.1000
0.1000
0.1000
0.1000
0.1000
0.1000
0.1000
0.1000
0.1000
0.1000
0.1000
0.1000
0.1000
0.1000
0.1000
0.1000
0.1000
0.1000
0.1000
0.1000
0.1000
0.1000
0.1000
0.1000
0.1000
0.1000
0.1000
0.1000
0.1000
0.1000
0.1000
0.1000
0.1000
0.1000
0.1000
0.1000
0.1000
0.1000
0.1000
0.1000
0.1000
0.1000
0.1000
0.1000
0.1000
0.1000
0.1000
0.1000
0.1000
0.1000
0.1000
0.1000
0.1000
0.1000
0.1000
0.1000
0.1000
0.1000
0.1000
0.1000
0.1000
0.1000
0.1000
0.1000
0.1000
0.1000
0.1000
0.1000
0.1000
0.1000
0.1000
0.1000
0.1000
0.1000
0.1000
0.1000
0.1000
0.1000
0.1000
0.1000
0.1000
0.1000
0.1000
0.1000
0.1000
0.1000
0.1000
0.1000
0.1000
0.1000
0.1000
0.1000
0.1000
0.1000
0.1000
0.1000
0.1000
0.1000
0.1000
0.1000
0.1000
0.1000
0.1000
0.1000
0.1000
0.1000
0.1000
0.1000
0.1000
0.1000
0.1000
0.1000
0.1000
0.1000
0.1000
0.1000
0.1000
0.1000
0.1000
0.1000
0.1000
0.1000
0.1000
0.1000
0.1000
0.1000
0.1000
0.1000
0.1000
0.1000
0.1000
0.1000
0.1000
0.1000
0.1000
0.1000
0.1000
0.1000
0.1000
0.1000
0.1000
0.1000
0.1000
0.1000
0.1000
0.1000
0.1000
0.1000
0.1000
0.1000
0.1000
0.1000
0.1000
0.1000
0.1000
0.1000
0.1000
0.1000
0.1000
0.1000
0.1000
0.1000
0.1000
0.1000
0.1000
0.1000
0.1000
0.1000
0.1000
0.1000
0.1000
0.1000
0.1000
0.1000
0.1000
0.1000
0.1000
0.1000
0.1000
0.1000
0.1000
0.1000
0.1000
0.1000
0.1000
0.1000
0.1000
0.1000
0.1000
0.1000
0.1000
0.1000
0.1000
0.1000
0.1000
0.1000
0.1000
0.1000
0.1000
0.1000
0.1000
0.1000
0.1000
0.1000
0.1000
0.1000
0.1000
0.1000
0.1000
0.1000
0.1000
0.1000
0.1000
0.1000
0.1000
0.1000
0.1000
0.1000
0.1000
0.1000
0.1000
0.1000
0.1000
0.1000
0.1000
0.1000
0.1000
0.1000
0.1000
0.1000
0.1000
0.1000
0.1000
0.1000
0.1000
0.1000
0.1000
0.1000
0.1000
0.1000
0.1000
0.1000
0.1000
0.1000
0.1000
0.1000
0.1000
0.1000
0.1000
0.1000
0.1000
0.1000
0.1000
0.1000
0.1000
0.1000
0.1000
0.1000
0.1000
0.1000
0.1000
0.1000
0.1000
0.1000
0.1000
0.1000
0.1000
0.1000
0.1000
0.1000
0.1000
0.1000
0.1000
0.1000
0.1000
0.1000
0.1000
0.1000
0.1000
0.1000
0.1000
0.1000
0.1000
0.1000
0.1000
0.1000
0.1000
0.1000
0.1000
0.1000
0.1000
0.1000
0.1000
0.1000
0.1000
0.1000
0.1000
0.1000
0.1000
0.1000
0.1000
0.1000
0.1000
0.1000
0.1000
0.1000
0.1000
0.1000
0.1000
0.1000
0.1000
0.1000
0.1000
0.1000
0.1000
0.1000
0.1000
0.1000
0.1000
0.1000
0.1000
0.1000
0.1000
0.1000
0.1000
0.1000
0.1000
0.1000
0.1000
0.1000
0.1000
0.1000
0.1000
0.1000
0.1000
0.1000
0.1000
0.1000
0.1000
0.1000
0.1000
0.1000
0.1000
0.1000
0.1000
0.1000
0.1000
0.1000
0.1000
0.1000
0.1000
0.1000
0.1000
0.1000
0.1000
0.1000
0.1000
0.1000
0.1000
0.1000
0.1000
0.1000
0.1000
0.1000
0.1000
0.1000
0.1000
0.1000
0.1000
0.1000
0.1000
0.1000
0.1000
0.1000
0.1000
0.1000
0.1000
0.1000
0.1000
0.1000
0.1000
0.1000
0.1000
0.1000
0.1000
0.1000
0.1000
0.1000
0.1000
0.1000
0.1000
0.1000
0.1000
0.1000
0.1000
0.1000
0.1000
0.1000
0.1000
0.1000
0.1000
0.1000
0.1000
0.1000
0.1000
0.1000
0.1000
0.1000
0.1000
0.1000
0.1000
0.1000
0.1000
0.1000
0.1000
0.1000
0.1000
0.1000
0.1000
0.1000
0.1000
0.1000
0.1000
0.1000
0.1000
0.1000
0.1000
0.1000
0.1000
0.1000
0.1000
0.1000
0.1000
0.1000
0.1000
0.1000
0.1000
0.1000
0.1000
0.1000
0.1000
0.1000
0.1000
0.1000
0.1000
0.1000
0.1000
0.1000
0.1000
0.1000
0.1000
0.1000
0.1000
0.1000
0.1000
0.1000
0.1000
0.1000
0.1000
0.1000
0.1000
0.1000
0.1000
0.1000
0.1000
0.1000
0.1000
0.1000
0.1000
0.1000
0.1000
0.1000
0.1000
0.1000
0.1000
0.1000
0.1000
0.1000
0.1000
0.1000
0.1000
0.1000
0.1000
0.1000
0.1000
0.1000
0.1000
0.1000
0.1000
0.1000
0.1000
0.1000
0.1000
0.1000
0.1000
0.1000
0.1000
0.1000
0.1000
0.1000
0.1000
0.1000
0.1000
0.1000
0.1000
0.1000
0.1000
0.1000
0.1000
0.1000
0.1000
0.1000
0.1000
0.1000
0.1000
0.1000
0.1000
0.1000
0.1000
0.1000
0.1000
0.1000
0.1000
0.1000
0.1000
0.1000
0.1000
0.1000
0.1000
0.1000
0.1000
0.1000
0.1000
0.1000
0.1000
0.1000
0.1000
0.1000
0.1000
0.1000
0.1000
0.1000
0.1000
0.1000
0.1000
0.1000
0.1000
0.1000
0.1000
0.1000
0.1000
0.1000
0.1000
0.1000
0.1000
0.1000
0.1000
0.1000
0.1000
0.1000
0.1000
0.1000
0.1000
0.1000
0.1000
0.1000
0.1000
0.1000
0.1000
0.1000
0.1000
0.1000
0.1000
0.1000
0.1000
0.1000
0.1000
0.1000
0.1000
0.1000
0.1000
0.1000
0.1000
0.1000
0.1000
0.1000
0.1000
0.1000
0.1000
0.1000
0.1000
0.1000
0.1000
0.1000
0.1000
0.1000
0.1000
0.1000
0.1000
0.1000
0.1000
0.1000
0.1000
0.1000
0.1000
0.1000
0.1000
0.1000
0.1000
0.1000
0.1000
0.1000
0.1000
0.1000
0.1000
0.1000
0.1000
0.1000
0.1000
0.1000
0.1000
0.1000
0.1000
0.1000
0.1000
0.1000
0.1000
0.1000
0.1000
0.1000
0.1000
0.1000
0.1000
0.1000
0.1000
0.1000
0.1000
0.1000
0.1000
0.1000
0.1000
0.1000
0.1000
0.1000
0.1000
0.1000
0.1000
0.1000
0.1000
0.1000
0.1000
0.1000
0.1000
0.1000
0.1000
0.1000
0.1000
0.1000
0.1000
0.1000
0.1000
0.1000
0.1000
0.1000
0.1000
0.1000
0.1000
0.1000
0.1000
0.1000
0.1000
0.1000
0.1000
0.1000
0.1000
0.1000
0.1000
0.1000
0.1000
0.1000
0.1000
0.1000
0.1000
0.1000
0.1000
0.1000
0.1000
0.1000
0.1000
0.1000
0.1000
0.1000
0.1000
0.1000
0.1000
0.1000
0.1000
0.1000
0.1000
0.1000
0.1000
0.1000
0.1000
0.1000
0.1000
0.1000
0.1000
0.1000
0.1000
0.1000
0.1000
0.1000
0.1000
0.1000
0.1000
0.1000
0.1000
0.1000
0.1000
0.1000
0.1000
0.1000
0.1000
0.1000
0.1000
0.1000
0.1000
0.1000
0.1000
0.1000
0.1000
0.1000
0.1000
0.1000
0.1000
0.1000
0.1000
0.1000
0.1000
0.1000
0.1000
0.1000
0.1000
0.1000
0.1000
0.1000
0.1000
0.1000
0.1000
0.1000
0.1000
0.1000
0.1000
0.1000
0.1000
0.1000
0.1000
0.1000
0.1000
0.1000
0.1000
0.1000
0.1000
0.1000
0.1000
0.1000
0.1000
0.1000
0.1000
0.1000
0.1000
0.1000
0.1000
0.1000
0.1000
0.1000
0.1000
0.1000
0.1000
0.1000
0.1000
0.1000
0.1000
0.1000
0.1000
0.1000
0.1000
0.1000
0.1000
0.1000
0.1000
0.1000
0.1000
0.1000
0.1000
0.1000
0.1000
0.1000
0.1000
0.1000
0.1000
0.1000
0.1000
0.1000
0.1000
0.1000
0.1000
0.1000
0.1000
0.1000
0.2284
0.4333
0.5840
0.6784
0.7151
0.6936
0.6143
0.4782
0.2872
0.1000
0.1000
0.1000
0.1000
0.1000
0.1000
0.1000
0.1000
0.1000
0.1000
0.1000
0.1000
0.1000
0.1000
0.1000
0.1000
0.1000
0.1000
0.1000
0.1000
0.1000
0.1000
0.1000
0.1000
0.1000
0.1000
0.1000
0.1000
0.1000
0.1000
0.1000
0.1000
0.1000
0.1000
0.1000
0.1000
0.1000
0.1000
0.1000
0.2920
0.6130
0.8836
1.1002
1.2598
1.3598
1.3988
1.3760
1.2918
1.1477
0.9457
0.6890
0.3808
0.1000
0.1000
0.1000
0.1000
0.1000
0.1000
0.1000
0.1000
0.1000
0.1000
0.1000
0.1000
0.1000
0.1000
0.1000
0.1000
0.1000
0.1000
0.1000
0.1000
0.1000
0.1000
0.1000
0.1000
0.1000
0.1000
0.1000
0.1000
0.1000
0.1000
0.1000
0.1000
0.1000
0.1000
0.1000
0.1000
0.5056
0.8915
1.2294
1.5151
1.7443
1.9135
2.0198
2.0612
2.0370
1.9476
1.7946
1.5808
1.3095
0.9849
0.6112
0.1929
0.1000
0.1000
0.1000
0.1000
0.1000
0.1000
0.1000
0.1000
0.1000
0.1000
0.1000
0.1000
0.1000
0.1000
0.1000
0.1000
0.1000
0.1000
0.1000
0.1000
0.1000
0.1000
0.1000
0.1000
0.1000
0.1000
0.1000
0.1000
0.1000
0.1000
0.1000
0.1000
0.1187
0.6071
1.0561
1.4611
1.8169
2.1186
2.3614
2.5410
2.6540
2.6980
2.6723
2.5772
2.4148
2.1881
1.9014
1.5593
1.1668
0.7288
0.2503
0.1000
0.1000
0.1000
0.1000
0.1000
0.1000
0.1000
0.1000
0.1000
0.1000
0.1000
0.1000
0.1000
0.1000
0.1000
0.1000
0.1000
0.1000
0.1000
0.1000
0.1000
0.1000
0.1000
0.1000
0.1000
0.1000
0.1000
0.1000
0.1000
0.1000
0.1000
0.5935
1.1021
1.5713
1.9960
2.3704
2.6890
2.9462
3.1369
3.2571
3.3041
3.2766
3.1754
3.0028
2.7626
2.4596
2.0992
1.6872
1.2291
0.7303
0.1958
0.1000
0.1000
0.1000
0.1000
0.1000
0.1000
0.1000
0.1000
0.1000
0.1000
0.1000
0.1000
0.1000
0.1000
0.1000
0.1000
0.1000
0.1000
0.1000
0.1000
0.1000
0.1000
0.1000
0.1000
0.1000
0.1000
0.1000
0.1000
0.1000
0.4652
1.0279
1.5565
2.0460
2.4906
2.8842
3.2203
3.4925
3.6950
3.8228
3.8728
3.8436
3.7359
3.5525
3.2981
2.9781
2.5990
2.1672
1.6889
1.1700
0.6158
0.1000
0.1000
0.1000
0.1000
0.1000
0.1000
0.1000
0.1000
0.1000
0.1000
0.1000
0.1000
0.1000
0.1000
0.1000
0.1000
0.1000
0.1000
0.1000
0.1000
0.1000
0.1000
0.1000
0.1000
0.1000
0.1000
0.1000
0.1000
0.2259
0.8358
1.4172
1.9652
2.4745
2.9389
3.3516
3.7053
3.9929
4.2075
4.3433
4.3965
4.3654
4.2509
4.0565
3.7874
3.4503
3.0523
2.6008
2.1027
1.5643
0.9912
0.3883
0.1000
0.1000
0.1000
0.1000
0.1000
0.1000
0.1000
0.1000
0.1000
0.1000
0.1000
0.1000
0.1000
0.1000
0.1000
0.1000
0.1000
0.1000
0.1000
0.1000
0.1000
0.1000
0.1000
0.1000
0.1000
0.1000
0.1000
0.5316
1.1579
1.7565
2.3227
2.8506
3.3339
3.7651
4.1362
4.4390
4.6657
4.8095
4.8659
4.8329
4.7116
4.5061
4.2225
3.8685
3.4523
2.9820
2.4650
1.9083
1.3177
0.6982
0.1000
0.1000
0.1000
0.1000
0.1000
0.1000
0.1000
0.1000
0.1000
0.1000
0.1000
0.1000
0.1000
0.1000
0.1000
0.1000
0.1000
0.1000
0.1000
0.1000
0.1000
0.1000
0.1000
0.1000
0.1000
0.1000
0.1000
0.7865
1.4271
2.0410
2.6234
3.1682
3.6687
4.1169
4.5042
4.8214
5.0596
5.2111
5.2706
5.2358
5.1080
4.8918
4.5945
4.2247
3.7916
3.3040
2.7701
2.1970
1.5908
0.9568
0.2992
0.1000
0.1000
0.1000
0.1000
0.1000
0.1000
0.1000
0.1000
0.1000
0.1000
0.1000
0.1000
0.1000
0.1000
0.1000
0.1000
0.1000
0.1000
0.1000
0.1000
0.1000
0.1000
0.1000
0.1000
0.1000
0.1000
0.9872
1.6396
2.2662
2.8620
3.4211
3.9362
4.3991
4.8004
5.1302
5.3786
5.5370
5.5993
5.5628
5.4292
5.2036
4.8942
4.5107
4.0630
3.5607
3.0124
2.4256
1.8065
1.1605
0.4918
0.1000
0.1000
0.1000
0.1000
0.1000
0.1000
0.1000
0.1000
0.1000
0.1000
0.1000
0.1000
0.1000
0.1000
0.1000
0.1000
0.1000
0.1000
0.1000
0.1000
0.1000
0.1000
0.1000
0.1000
0.1000
0.1000
1.1310
1.7920
2.4280
3.0340
3.6037
4.1300
4.6042
5.0164
5.3560
5.6125
5.7763
5.8408
5.8031
5.6647
5.4317
5.1129
4.7186
4.2597
3.7462
3.1871
2.5900
1.9614
1.3065
0.6296
0.1000
0.1000
0.1000
0.1000
0.1000
0.1000
0.1000
0.1000
0.1000
0.1000
0.1000
0.1000
0.1000
0.1000
0.1000
0.1000
0.1000
0.1000
0.1000
0.1000
0.1000
0.1000
0.1000
0.1000
0.1000
0.1000
1.2156
1.8818
2.5235
3.1356
3.7119
4.2450
4.7261
5.1451
5.4909
5.7524
5.9197
5.9856
5.9470
5.8058
5.5680
5.2433
4.8424
4.3765
3.8562
3.2904
2.6871
2.0526
1.3924
0.7106
0.1000
0.1000
0.1000
0.1000
0.1000
0.1000
0.1000
0.1000
0.1000
0.1000
0.1000
0.1000
0.1000
0.1000
0.1000
0.1000
0.1000
0.1000
0.1000
0.1000
0.1000
0.1000
0.1000
0.1000
0.1000
0.1000
1.2396
1.9074
2.5507
3.1646
3.7428
4.2779
4.7610
5.1819
5.5296
5.7926
5.9609
6.0272
5.9884
5.8463
5.6072
5.2806
4.8778
4.4099
3.8876
3.3199
2.7148
2.0786
1.4168
0.7337
0.1000
0.1000
0.1000
0.1000
0.1000
0.1000
0.1000
0.1000
0.1000
0.1000
0.1000
0.1000
0.1000
0.1000
0.1000
0.1000
0.1000
0.1000
0.1000
0.1000
0.1000
0.1000
0.1000
0.1000
0.1000
0.1000
1.2028
1.8683
2.5092
3.1203
3.6956
4.2276
4.7077
5.1256
5.4705
5.7313
5.8980
5.9637
5.9252
5.7844
5.5475
5.2236
4.8237
4.3589
3.8396
3.2749
2.6725
2.0389
1.3795
0.6984
0.1000
0.1000
0.1000
0.1000
0.1000
0.1000
0.1000
0.1000
0.1000
0.1000
0.1000
0.1000
0.1000
0.1000
0.1000
0.1000
0.1000
0.1000
0.1000
0.1000
0.1000
0.1000
0.1000
0.1000
0.1000
0.1000
1.1058
1.7653
2.3996
3.0037
3.5716
4.0958
4.5680
4.9782
5.3161
5.5711
5.7340
5.7980
5.7605
5.6230
5.3914
5.0742
4.6819
4.2250
3.7136
3.1564
2.5611
1.9342
1.2808
0.6054
0.1000
0.1000
0.1000
0.1000
0.1000
0.1000
0.1000
0.1000
0.1000
0.1000
0.1000
0.1000
0.1000
0.1000
0.1000
0.1000
0.1000
0.1000
0.1000
0.1000
0.1000
0.1000
0.1000
0.1000
0.1000
0.1000
0.9499
1.6000
2.2242
2.8175
3.3738
3.8861
4.3462
4.7448
5.0722
5.3186
5.4757
5.5374
5.5012
5.3687
5.1450
4.8380
4.4571
4.0122
3.5127
2.9672
2.3830
1.7664
1.1226
0.4560
0.1000
0.1000
0.1000
0.1000
0.1000
0.1000
0.1000
0.1000
0.1000
0.1000
0.1000
0.1000
0.1000
0.1000
0.1000
0.1000
0.1000
0.1000
0.1000
0.1000
0.1000
0.1000
0.1000
0.1000
0.1000
0.1000
0.7376
1.3754
1.9863
2.5654
3.1069
3.6040
4.0489
4.4329
4.7472
4.9830
5.1330
5.1919
5.1574
5.0309
4.8169
4.5224
4.1558
3.7260
3.2419
2.7113
2.1414
1.5383
0.9071
0.2522
0.1000
0.1000
0.1000
0.1000
0.1000
0.1000
0.1000
0.1000
0.1000
0.1000
0.1000
0.1000
0.1000
0.1000
0.1000
0.1000
0.1000
0.1000
0.1000
0.1000
0.1000
0.1000
0.1000
0.1000
0.1000
0.1000
0.4717
1.0948
1.6899
2.2524
2.7766
3.2560
3.6834
4.0510
4.3507
4.5748
4.7170
4.7727
4.7401
4.6203
4.4170
4.1365
3.7859
3.3734
2.9069
2.3938
1.8408
1.2537
0.6375
0.1000
0.1000
0.1000
0.1000
0.1000
0.1000
0.1000
0.1000
0.1000
0.1000
0.1000
0.1000
0.1000
0.1000
0.1000
0.1000
0.1000
0.1000
0.1000
0.1000
0.1000
0.1000
0.1000
0.1000
0.1000
0.1000
0.1000
0.1559
0.7622
1.3397
1.8838
2.3890
2.8493
3.2580
3.6081
3.8925
4.1045
4.2386
4.2911
4.2604
4.1474
3.9553
3.6893
3.3558
2.9617
2.5143
2.0202
1.4858
0.9166
0.3174
0.1000
0.1000
0.1000
0.1000
0.1000
0.1000
0.1000
0.1000
0.1000
0.1000
0.1000
0.1000
0.1000
0.1000
0.1000
0.1000
0.1000
0.1000
0.1000
0.1000
0.1000
0.1000
0.1000
0.1000
0.1000
0.1000
0.1000
0.1000
0.3820
0.9406
1.4651
1.9504
2.3908
2.7804
3.1128
3.3818
3.5817
3.7080
3.7573
3.7284
3.6221
3.4411
3.1897
2.8733
2.4981
2.0704
1.5963
1.0816
0.5315
0.1000
0.1000
0.1000
0.1000
0.1000
0.1000
0.1000
0.1000
0.1000
0.1000
0.1000
0.1000
0.1000
0.1000
0.1000
0.1000
0.1000
0.1000
0.1000
0.1000
0.1000
0.1000
0.1000
0.1000
0.1000
0.1000
0.1000
0.1000
0.1000
0.1000
0.4974
1.0017
1.4667
1.8872
2.2577
2.5728
2.8269
3.0152
3.1339
3.1802
3.1531
3.0532
2.8828
2.6455
2.3459
1.9894
1.5815
1.1277
0.6331
0.1028
0.1000
0.1000
0.1000
0.1000
0.1000
0.1000
0.1000
0.1000
0.1000
0.1000
0.1000
0.1000
0.1000
0.1000
0.1000
0.1000
0.1000
0.1000
0.1000
0.1000
0.1000
0.1000
0.1000
0.1000
0.1000
0.1000
0.1000
0.1000
0.1000
0.1000
0.1000
0.4989
0.9438
1.3446
1.6967
1.9949
2.2348
2.4122
2.5237
2.5672
2.5418
2.4479
2.2875
2.0637
1.7803
1.4419
1.0533
0.6195
0.1452
0.1000
0.1000
0.1000
0.1000
0.1000
0.1000
0.1000
0.1000
0.1000
0.1000
0.1000
0.1000
0.1000
0.1000
0.1000
0.1000
0.1000
0.1000
0.1000
0.1000
0.1000
0.1000
0.1000
0.1000
0.1000
0.1000
0.1000
0.1000
0.1000
0.1000
0.1000
0.1000
0.1000
0.3865
0.7684
1.1027
1.3852
1.6117
1.7788
1.8838
1.9246
1.9007
1.8124
1.6614
1.4501
1.1820
0.8608
0.4910
0.1000
0.1000
0.1000
0.1000
0.1000
0.1000
0.1000
0.1000
0.1000
0.1000
0.1000
0.1000
0.1000
0.1000
0.1000
0.1000
0.1000
0.1000
0.1000
0.1000
0.1000
0.1000
0.1000
0.1000
0.1000
0.1000
0.1000
0.1000
0.1000
0.1000
0.1000
0.1000
0.1000
0.1000
0.1000
0.1000
0.1000
0.1000
0.1000
0.1000
0.1000
0.1000
0.1000
0.1000
0.1000
0.1000
0.1000
0.1000
0.1000
0.1000
0.1000
0.1000
0.1000
0.1000
0.1000
0.1000
0.1000
0.1000
0.1000
0.1000
0.1000
0.1000
0.1000
0.1000
0.1000
0.1000
0.1000
0.1000
0.1000
0.1000
0.1000
0.1000
0.1000
0.1000
0.1000
0.1000
0.1000
0.1000
0.1000
0.1000
0.1000
0.1000
0.1000
0.1000
0.1000
0.1000
0.1000
0.1000
0.1000
0.1000
0.1000
0.1000
0.1000
0.1000
0.1000
0.1000
0.1000
0.1000
0.1000
0.1000
0.1000
0.1000
0.1000
0.1000
0.1000
0.1000
0.1000
0.1000
0.1000
0.1000
0.1000
0.1000
0.1000
0.1000
0.1000
0.1000
0.1000
0.1000
0.1000
0.1000
0.1000
0.1000
0.1000
0.1000
0.1000
0.1000
0.1000
0.1000
0.1000
0.1000
0.1000
0.1000
0.1000
0.1000
0.1000
0.1000
0.1000
0.1000
0.1000
0.1000
0.1000
0.1000
0.1000
0.1000
0.1000
0.1000
0.1000
0.1000
0.1000
0.1000
0.1000
0.1000
0.1000
0.1000
0.1000
0.1000
0.1000
0.1000
0.1000
0.1000
0.1000
0.1000
0.1000
0.1000
0.1000
0.1000
0.1000
0.1000
0.1000
0.1000
0.1000
0.1000
0.1000
0.1000
0.1000
0.1000
0.1000
0.1000
0.1000
0.1000
0.1000
0.1000
0.1000
0.1000
0.1000
0.1000
0.1000
0.1000
0.1000
0.1000
0.1000
0.1000
0.1000
0.1000
0.1000
0.1000
0.1000
0.1000
0.1000
0.1000
0.1000
0.1000
0.1000
0.1000
0.1000
0.1000
0.1000
0.1000
0.1000
0.1000
0.1000
0.1000
0.1000
0.1000
0.1000
0.1000
0.1000
0.1000
0.1000
0.1000
0.1000
0.1000
0.1000
0.1000
0.1000
0.1000
0.1000
0.1000
0.1000
0.1000
0.1000
0.1000
0.1000
0.1000
0.1000
0.1000
0.1000
0.1000
0.1000
0.1000
0.1000
0.1000
0.1000
0.1000
0.1000
0.1000
0.1000
0.1000
0.1000
0.1000
0.1000
0.1000
0.1000
0.1000
0.1000
0.1000
0.1000
0.1000
0.1000
0.1000
0.1000
0.1000
0.1000
0.1000
0.1000
0.1000
0.1000
0.1000
0.1000
0.1000
0.1000
0.1000
0.1000
0.1000
0.1000
0.1000
0.1000
0.1000
0.1000
0.1000
0.1000
0.1000
0.1000
0.1000
0.1000
0.1000
0.1000
0.1000
0.1000
0.1000
0.1000
0.1000
0.1000
0.1000
0.1000
0.1000
0.1000
0.1000
0.1000
0.1000
0.1000
0.1000
0.1000
0.1000
0.1000
0.1000
0.1000
0.1000
0.1000
0.1000
0.1000
0.1000
0.1000
0.1000
0.1000
0.1000
0.1000
0.1000
0.1000
0.1000
0.1000
0.1000
0.1000
0.1000
0.1000
0.1000
0.1000
0.1000
0.1000
0.1000
0.1000
0.1000
0.1000
0.1000
0.1000
0.1000
0.1000
0.1000
0.1000
0.1000
0.1000
0.1000
0.1000
0.1000
0.1000
0.1000
0.1000
0.1000
0.1000
0.1000
0.1000
0.1000
0.1000
0.1000
0.1000
0.1000
0.1000
0.1000
0.1000
0.1000
0.1000
0.1000
0.1000
0.1000
0.1000
0.1000
0.1000
0.1000
0.1000
0.1000
0.1000
0.1000
0.1000
0.1000
0.1000
0.1000
0.1000
0.1000
0.1000
0.1000
0.1000
0.1000
0.1000
0.1000
0.1000
0.1000
0.1000
0.1000
0.1000
0.1000
0.1000
0.1000
0.1000
0.1000
0.1000
0.1000
0.1000
0.1000
0.1000
0.1000
0.1000
0.1000
0.1000
0.1000
0.1000
0.1000
0.1000
0.1000
0.1000
0.1000
0.1000
0.1000
0.1000
0.1000
0.1000
0.1000
0.1000
0.1000
0.1000
0.1000
0.1000
0.1000
0.1000
0.1000
0.1000
0.1000
0.1000
0.1000
0.1000
0.1000
0.1000
0.1000
0.1000
0.1000
0.1000
0.1000
0.1000
0.1000
0.1000
0.1000
0.1000
0.1000
0.1000
0.1000
0.1000
0.1000
0.1000
0.1000
0.1000
0.1000
0.1000
0.1000
0.1000
0.1000
0.1000
0.1000
0.1000
0.1000
0.1000
0.1000
0.1000
0.1000
0.1000
0.1000
0.1000
0.1000
0.1000
0.1000
0.1000
0.1000
0.1000
0.1000
0.1000
0.1000
0.1000
0.1000
0.1000
0.1000
0.1000
0.1000
0.1000
0.1000
0.1000
0.1000
0.1000
0.1000
0.1000
0.1000
0.1000
0.1000
0.1000
0.1000
0.1000
0.1000
0.1000
0.1000
0.1000
0.1000
0.1000
0.1000
0.1000
0.1000
0.1000
0.1000
0.1000
0.1000
0.1000
0.1000
0.1000
0.1000
0.1000
0.1000
0.1000
0.1000
0.1000
0.1000
0.1000
0.1000
0.1000
0.1000
0.1000
0.1000
0.1000
0.1000
0.1000
0.1000
0.1000
0.1000
0.1000
0.1000
0.1000
0.1000
0.1000
0.1000
0.1000
0.1000
0.1000
0.1000
0.1000
0.1000
0.1000
0.1000
0.1000
0.1000
0.1000
0.1000
0.1000
0.1000
0.1000
0.1000
0.1000
0.1000
0.1000
0.1000
0.1000
0.1000
0.1000
0.1000
0.1000
0.1000
0.1000
0.1000
0.1000
0.1000
0.1000
0.1000
0.1000
0.1000
0.1000
0.1000
0.1000
0.1000
0.1000
0.1000
0.1000
0.1000
0.1000
0.1000
0.1000
0.1000
0.1000
0.1000
0.1000
0.1000
0.1000
0.1000
0.1000
0.1000
0.1000
0.1000
0.1000
0.1000
0.1000
0.1000
0.1000
0.1000
0.1000
0.1000
0.1000
0.1000
0.1000
0.1000
0.1000
0.1000
0.1000
0.1000
0.1000
0.1000
0.1000
0.1000
0.1000
0.1000
0.1000
0.1000
0.1000
0.1000
0.1000
0.1000
0.1000
0.1000
0.1000
0.1000
0.1000
0.1000
0.1000
0.1000
0.1000
0.1000
0.1000
0.1000
0.1000
0.1000
0.1000
0.1000
0.1000
0.1000
0.1000
0.1000
0.1000
0.1000
0.1000
0.1000
0.1000
0.1000
0.1000
0.1000
0.1000
0.1000
0.1000
0.1000
0.1000
0.1000
0.1000
0.1000
0.1000
0.1000
0.1000
0.1000
0.1000
0.1000
0.1000
0.1000
0.1000
0.1000
0.1000
0.1000
0.1000
0.1000
0.1000
0.1000
0.1000
0.1000
0.1000
0.1000
0.1000
0.1000
0.1000
0.1000
0.1000
0.1000
0.1000
0.1000
0.1000
0.1000
0.1000
0.1000
0.1000
0.1000
0.1000
0.1000
0.1000
0.1000
0.1000
0.1000
0.1000
0.1000
0.1000
0.1000
0.1000
0.1000
0.1000
0.1000
0.1000
0.1000
0.1000
0.1000
0.1000
0.1000
0.1000
0.1000
0.1000
0.1000
0.1000
0.1000
0.1000
0.1000
0.1000
0.1000
0.1000
0.1000
0.1000
0.1000
0.1000
0.1000
0.1000
0.1000
0.1000
0.1000
0.1000
0.1000
0.1000
0.1000
0.1000
0.1000
0.1000
0.1000
0.1000
0.1000
0.1000
0.1000
0.1000
0.1000
0.1000
0.1000
0.1000
0.1000
0.1000
0.1000
0.1000
0.1000
0.1000
0.1000
0.1000
0.1000
0.1000
0.1000
0.1000
0.1000
0.1000
0.1000
0.1000
0.1000
0.1000
0.1000
0.1000
0.1000
0.1000
0.1000
0.1000
0.1000
0.1000
0.1000
0.1000
0.1000
0.1000
0.1000
0.1000
0.1000
0.1000
0.1000
0.1000
0.1000
0.1000
0.1000
0.1000
0.1000
0.1000
0.1000
0.1000
0.1000
0.1000
0.1000
0.1000
0.1000
0.1000
0.1000
0.1000
0.1000
0.1000
0.1000
0.1000
0.1000
0.1000
0.1000
0.1000
0.1000
0.1000
0.1000
0.1000
0.1000
0.1000
0.1000
0.1000
0.1000
0.1000
0.1000
0.1000
0.1000
0.1000
0.1000
0.1000
0.1000
0.1000
0.1000
0.1000
0.1000
0.1000
0.1000
0.1000
0.1000
0.1000
0.1000
0.1000
0.1000
0.1000
0.1000
0.1000
0.1000
0.1000
0.1000
0.1000
0.1000
0.1000
0.1000
0.1000
0.1000
0.1000
0.1000
0.1000
0.1000
0.1000
0.1000
0.1000
0.1000
0.1000
0.1000
0.1000
0.1000
0.1000
0.1000
0.1000
0.1000
0.1000
0.1000
0.1000
0.1000
0.1000
0.1000
0.1000
0.1000
0.1000
0.1000
0.1000
0.1000
0.1000
0.1000
0.1000
0.1000
0.1000
0.1000
0.1000
0.1000
0.1000
0.1000
0.1000
0.1000
0.1000
0.1000
0.1000
0.1000
0.1000
0.1000
0.1000
0.1000
0.1000
0.1000
0.1000
0.1000
0.1000
0.1000
0.1000
0.1000
0.1000
0.1000
0.1000
0.1000
0.1000
0.1000
0.1000
0.1000
0.1000
0.1000
0.1000
0.1000
0.1000
0.1000
0.1000
0.1000
0.1000
0.1000
0.1000
0.1000
0.1000
0.1000
0.1000
0.1000
0.1000
0.1000
0.1000
0.1000
0.1000
0.1000
0.1000
0.1000
0.1000
0.1000
0.1000
0.1000
0.1000
0.1000
0.1000
0.1000
0.1000
0.1000
0.1000
0.1000
0.1000
0.1000
0.1000
0.1000
0.1000
0.1000
0.1000
0.1000
0.1000
0.1000
0.1000
0.1000
0.1000
0.1000
0.1000
0.1000
0.1000
0.1000
0.1000
0.1000
0.1000
0.1000
0.1000
0.1000
0.1000
0.1000
0.1000
0.1000
0.1000
0.1000
0.1000
0.1000
0.1000
0.1000
0.1000
0.1000
0.1000
0.1000
0.1000
0.1000
0.1000
0.1000
0.1000
0.1000
0.1000
0.1000
0.1000
0.1000
0.1000
0.1000
0.1000
0.1000
0.1000
0.1000
0.1000
0.1000
0.1000
0.1000
0.1000
0.1000
0.1000
0.1000
0.1000
0.1000
0.1000
0.1000
0.1000
0.1000
0.1000
0.1000
0.1000
0.1000
0.1000
0.1000
0.1000
0.1000
0.1000
0.1000
0.1000
0.1000
0.1000
0.1000
0.1000
0.1000
0.1000
0.1000
0.1000
0.1000
0.1000
0.1000
0.1000
0.1000
0.1000
0.1000
0.1000
0.1000
0.1000
0.1000
0.1000
0.1000
0.1000
0.1000
0.1000
0.1000
0.1000
0.1000
0.1000
0.1000
0.1000
0.1000
0.1000
0.1000
0.1000
0.1000
0.1000
0.1000
0.1000
0.1000
0.1000
0.1000
0.1000
0.1000
0.1000
0.1000
0.1000
0.1000
0.1000
0.1000
0.1000
0.1000
0.1000
0.1000
0.1000
0.1000
0.1000
0.1000
0.1000
0.1000
0.1000
0.1000
0.1000
0.1000
0.1000
0.1000
0.1000
0.1000
0.1000
0.1000
0.1000
0.1000
0.1000
0.1000
0.1000
0.1000
0.1000
0.1000
0.1000
0.1000
0.1000
0.1000
0.1000
0.1000
0.1000
0.1000
0.1000
0.1000
0.1000
0.1000
0.1000
0.1000
0.1000
0.1000
0.1000
0.1000
0.1000
0.1000
0.1000
0.1000
0.1000
0.1000
0.1000
0.1000
0.1000
0.1000
0.1000
0.1000
0.1000
0.1000
0.1000
0.1000
0.1000
0.1000
0.1000
0.1000
0.1000
0.1000
0.1000
0.1000
0.1000
0.1000
0.1000
0.1000
0.1000
0.1000
0.1000
0.1000
0.1000
0.1000
0.1000
0.1000
0.1000
0.1000
0.1000
0.1000
0.1000
0.1000
0.1000
0.1000
0.1000
0.1000
0.1000
0.1000
0.1000
0.1000
0.1000
0.1000
0.1000
0.1000
0.1000
0.1000
0.1000
0.1000
0.1000
0.1000
0.1000
0.1000
0.1000
0.1000
0.1000
0.1000
0.1000
0.1000
0.1000
0.1000
0.1000
0.1000
0.1000
0.1000
0.1000
0.1000
0.1000
0.1000
0.1000
0.1000
0.1000
0.1000
0.1000
0.1000
0.1000
0.1000
0.1000
0.1000
0.1000
0.1000
0.1000
0.1000
0.1000
0.1000
0.1000
0.1000
0.1000
0.1000
0.1000
0.1000
0.1000
0.1000
0.1000
0.1000
0.1000
0.1000
0.1000
0.1000
0.1000
0.1000
0.1000
0.1000
0.1000
0.1000
0.1000
0.1000
0.1000
0.1000
0.1000
0.1000
0.1000
0.1000
0.1000
0.1000
0.1000
0.1000
0.1000
0.1000
0.1000
0.1000
0.1000
0.1000
0.1000
0.1000
0.1000
0.1000
0.1000
0.1000
0.1000
0.1000
0.1000
0.1000
0.1000
0.1000
0.1000
0.1000
0.1000
0.1000
0.1000
0.1000
0.1000
0.1000
0.1000
0.1000
0.1000
0.1000
0.1000
0.1000
0.1000
0.1000
0.1000
0.1000
0.1000
0.1000
0.1000
0.1000
0.1000
0.1000
0.1000
0.1000
0.1000
0.1000
0.1000
0.1000
0.1000
0.1000
0.1000
0.1000
0.1000
0.1000
0.1000
0.1000
0.1000
0.1000
0.1000
0.1000
0.1000
0.1000
0.1000
0.1000
0.1000
0.1000
0.1000
0.1000
0.1000
0.1000
0.1000
0.1000
0.1000
0.1000
0.1000
0.1000
0.1000
0.1000
0.1000
0.1000
0.1000
0.1000
0.1000
0.1000
0.1000
0.1000
0.1000
0.1000
0.1000
0.1000
0.1000
0.1000
0.1000
0.1000
0.1001
0.1908
0.2261
0.2054
0.1292
0.1000
0.1000
0.1000
0.1000
0.1000
0.1000
0.1000
0.1000
0.1000
0.1000
0.1000
0.1000
0.1000
0.1000
0.1000
0.1000
0.1000
0.1000
0.1000
0.1000
0.1000
0.1000
0.1000
0.1000
0.1000
0.1000
0.1000
0.1000
0.1000
0.1000
0.1000
0.1000
0.1000
0.1000
0.1000
0.1000
0.1000
0.1000
0.1000
0.1000
0.1000
0.1000
0.1836
0.4446
0.6533
0.8068
0.9029
0.9404
0.9185
0.8376
0.6989
0.5045
0.2569
0.1000
0.1000
0.1000
0.1000
0.1000
0.1000
0.1000
0.1000
0.1000
0.1000
0.1000
0.1000
0.1000
0.1000
0.1000
0.1000
0.1000
0.1000
0.1000
0.1000
0.1000
0.1000
0.1000
0.1000
0.1000
0.1000
0.1000
0.1000
0.1000
0.1000
0.1000
0.1000
0.1000
0.1000
0.1000
0.1000
0.1000
0.1354
0.5094
0.8363
1.1122
1.3332
1.4961
1.5983
1.6381
1.6148
1.5289
1.3816
1.1756
0.9137
0.5998
0.2377
0.1000
0.1000
0.1000
0.1000
0.1000
0.1000
0.1000
0.1000
0.1000
0.1000
0.1000
0.1000
0.1000
0.1000
0.1000
0.1000
0.1000
0.1000
0.1000
0.1000
0.1000
0.1000
0.1000
0.1000
0.1000
0.1000
0.1000
0.1000
0.1000
0.1000
0.1000
0.1000
0.1000
0.1000
0.2899
0.7269
1.1202
1.4651
1.7570
1.9915
2.1647
2.2736
2.3160
2.2912
2.1996
2.0430
1.8242
1.5469
1.2155
0.8344
0.4084
0.1000
0.1000
0.1000
0.1000
0.1000
0.1000
0.1000
0.1000
0.1000
0.1000
0.1000
0.1000
0.1000
0.1000
0.1000
0.1000
0.1000
0.1000
0.1000
0.1000
0.1000
0.1000
0.1000
0.1000
0.1000
0.1000
0.1000
0.1000
0.1000
0.1000
0.1000
0.1000
0.3330
0.8303
1.2882
1.7018
2.0658
2.3748
2.6239
2.8083
2.9244
2.9697
2.9432
2.8455
2.6787
2.4461
2.1523
1.8022
1.4011
0.9543
0.4669
0.1000
0.1000
0.1000
0.1000
0.1000
0.1000
0.1000
0.1000
0.1000
0.1000
0.1000
0.1000
0.1000
0.1000
0.1000
0.1000
0.1000
0.1000
0.1000
0.1000
0.1000
0.1000
0.1000
0.1000
0.1000
0.1000
0.1000
0.1000
0.1000
0.1000
0.2634
0.8164
1.3351
1.8145
2.2491
2.6331
2.9604
3.2251
3.4216
3.5456
3.5941
3.5657
3.4613
3.2834
3.0361
2.7247
2.3550
1.9330
1.4648
0.9559
0.4115
0.1000
0.1000
0.1000
0.1000
0.1000
0.1000
0.1000
0.1000
0.1000
0.1000
0.1000
0.1000
0.1000
0.1000
0.1000
0.1000
0.1000
0.1000
0.1000
0.1000
0.1000
0.1000
0.1000
0.1000
0.1000
0.1000
0.1000
0.1000
0.1000
0.6858
1.2594
1.7994
2.3004
2.7566
3.1612
3.5076
3.7887
3.9982
4.1306
4.1824
4.1521
4.0405
3.8508
3.5879
3.2580
2.8679
2.4246
1.9347
1.4044
0.8391
0.2437
0.1000
0.1000
0.1000
0.1000
0.1000
0.1000
0.1000
0.1000
0.1000
0.1000
0.1000
0.1000
0.1000
0.1000
0.1000
0.1000
0.1000
0.1000
0.1000
0.1000
0.1000
0.1000
0.1000
0.1000
0.1000
0.1000
0.1000
0.4421
1.0635
1.6569
2.2176
2.7400
3.2175
3.6431
4.0089
4.3071
4.5300
4.6714
4.7268
4.6943
4.5752
4.3731
4.0939
3.7451
3.3344
2.8698
2.3585
1.8073
1.2219
0.6074
0.1000
0.1000
0.1000
0.1000
0.1000
0.1000
0.1000
0.1000
0.1000
0.1000
0.1000
0.1000
0.1000
0.1000
0.1000
0.1000
0.1000
0.1000
0.1000
0.1000
0.1000
0.1000
0.1000
0.1000
0.1000
0.1000
0.1000
0.7534
1.3921
2.0040
2.5841
3.1267
3.6249
4.0708
4.4559
4.7711
5.0077
5.1582
5.2172
5.1827
5.0558
4.8411
4.5456
4.1780
3.7472
3.2619
2.7303
2.1593
1.5553
0.9231
0.2673
0.1000
0.1000
0.1000
0.1000
0.1000
0.1000
0.1000
0.1000
0.1000
0.1000
0.1000
0.1000
0.1000
0.1000
0.1000
0.1000
0.1000
0.1000
0.1000
0.1000
0.1000
0.1000
0.1000
0.1000
0.1000
0.1000
1.0131
1.6671
2.2953
2.8929
3.4539
3.9710
4.4359
4.8391
5.1706
5.4204
5.5798
5.6424
5.6057
5.4713
5.2444
4.9334
4.5479
4.0983
3.5940
3.0438
2.4552
1.8344
1.1868
0.5167
0.1000
0.1000
0.1000
0.1000
0.1000
0.1000
0.1000
0.1000
0.1000
0.1000
0.1000
0.1000
0.1000
0.1000
0.1000
0.1000
0.1000
0.1000
0.1000
0.1000
0.1000
0.1000
0.1000
0.1000
0.1000
0.1000
1.2179
1.8843
2.5262
3.1384
3.7149
4.2482
4.7295
5.1486
5.4946
5.7563
5.9237
5.9896
5.9510
5.8097
5.5718
5.2469
4.8458
4.3798
3.8592
3.2933
2.6898
2.0552
1.3948
0.7128
0.1000
0.1000
0.1000
0.1000
0.1000
0.1000
0.1000
0.1000
0.1000
0.1000
0.1000
0.1000
0.1000
0.1000
0.1000
0.1000
0.1000
0.1000
0.1000
0.1000
0.1000
0.1000
0.1000
0.1000
0.1000
0.1000
1.3646
2.0403
2.6923
3.3155
3.9037
4.4494
4.9434
5.3750
5.7325
6.0036
6.1775
6.2461
6.2059
6.0590
5.8124
5.4764
5.0631
4.5843
4.0513
3.4734
2.8587
2.2137
1.5438
0.8532
0.1454
0.1000
0.1000
0.1000
0.1000
0.1000
0.1000
0.1000
0.1000
0.1000
0.1000
0.1000
0.1000
0.1000
0.1000
0.1000
0.1000
0.1000
0.1000
0.1000
0.1000
0.1000
0.1000
0.1000
0.1000
0.1000
1.4510
2.1323
2.7903
3.4202
4.0157
4.5690
5.0709
5.5103
5.8749
6.1521
6.3301
6.4003
6.3592
6.2088
5.9566
5.6136
5.1926
4.7060
4.1652
3.5800
2.9584
2.3072
1.6316
0.9358
0.2232
0.1000
0.1000
0.1000
0.1000
0.1000
0.1000
0.1000
0.1000
0.1000
0.1000
0.1000
0.1000
0.1000
0.1000
0.1000
0.1000
0.1000
0.1000
0.1000
0.1000
0.1000
0.1000
0.1000
0.1000
0.1000
1.4755
2.1585
2.8183
3.4501
4.0477
4.6032
5.1074
5.5491
5.9158
6.1948
6.3740
6.4448
6.4033
6.2518
5.9980
5.6530
5.2297
4.7408
4.1977
3.6104
2.9869
2.3339
1.6566
0.9593
0.2454
0.1000
0.1000
0.1000
0.1000
0.1000
0.1000
0.1000
0.1000
0.1000
0.1000
0.1000
0.1000
0.1000
0.1000
0.1000
0.1000
0.1000
0.1000
0.1000
0.1000
0.1000
0.1000
0.1000
0.1000
0.1000
1.4380
2.1184
2.7756
3.4045
3.9988
4.5510
5.0516
5.4898
5.8534
6.1296
6.3070
6.3770
6.3360
6.1861
5.9348
5.5929
5.1730
4.6876
4.1480
3.5639
2.9434
2.2931
1.6184
0.9234
0.2115
0.1000
0.1000
0.1000
0.1000
0.1000
0.1000
0.1000
0.1000
0.1000
0.1000
0.1000
0.1000
0.1000
0.1000
0.1000
0.1000
0.1000
0.1000
0.1000
0.1000
0.1000
0.1000
0.1000
0.1000
0.1000
1.3388
2.0129
2.6631
3.2843
3.8705
4.4139
4.9056
5.3350
5.6904
5.9598
6.1325
6.2005
6.1607
6.0148
5.7698
5.4358
5.0247
4.5482
4.0174
3.4417
2.8290
2.1859
1.5176
0.8286
0.1222
0.1000
0.1000
0.1000
0.1000
0.1000
0.1000
0.1000
0.1000
0.1000
0.1000
0.1000
0.1000
0.1000
0.1000
0.1000
0.1000
0.1000
0.1000
0.1000
0.1000
0.1000
0.1000
0.1000
0.1000
0.1000
1.1798
1.8439
2.4831
3.0926
3.6661
4.1963
4.6744
5.0905
5.4337
5.6930
5.8588
5.9241
5.8859
5.7459
5.5102
5.1880
4.7899
4.3270
3.8096
3.2467
2.6460
2.0140
1.3560
0.6763
0.1000
0.1000
0.1000
0.1000
0.1000
0.1000
0.1000
0.1000
0.1000
0.1000
0.1000
0.1000
0.1000
0.1000
0.1000
0.1000
0.1000
0.1000
0.1000
0.1000
0.1000
0.1000
0.1000
0.1000
0.1000
0.1000
0.9633
1.6142
2.2392
2.8334
3.3907
3.9040
4.3651
4.7647
5.0929
5.3401
5.4976
5.5595
5.5232
5.3903
5.1659
4.8581
4.4762
4.0303
3.5299
2.9833
2.3982
1.7807
1.1362
0.4688
0.1000
0.1000
0.1000
0.1000
0.1000
0.1000
0.1000
0.1000
0.1000
0.1000
0.1000
0.1000
0.1000
0.1000
0.1000
0.1000
0.1000
0.1000
0.1000
0.1000
0.1000
0.1000
0.1000
0.1000
0.1000
0.1000
0.6924
1.3276
1.9358
2.5121
3.0505
3.5445
3.9862
4.3674
4.6790
4.9128
5.0614
5.1196
5.0855
4.9602
4.7482
4.4561
4.0924
3.6657
3.1846
2.6571
2.0902
1.4899
0.8613
0.2088
0.1000
0.1000
0.1000
0.1000
0.1000
0.1000
0.1000
0.1000
0.1000
0.1000
0.1000
0.1000
0.1000
0.1000
0.1000
0.1000
0.1000
0.1000
0.1000
0.1000
0.1000
0.1000
0.1000
0.1000
0.1000
0.1000
0.3708
0.9884
1.5778
2.1343
2.6522
3.1253
3.5465
3.9083
4.2028
4.4229
4.5624
4.6170
4.5850
4.4675
4.2680
3.9923
3.6474
3.2411
2.7808
2.2740
1.7271
1.1458
0.5352
0.1000
0.1000
0.1000
0.1000
0.1000
0.1000
0.1000
0.1000
0.1000
0.1000
0.1000
0.1000
0.1000
0.1000
0.1000
0.1000
0.1000
0.1000
0.1000
0.1000
0.1000
0.1000
0.1000
0.1000
0.1000
0.1000
0.1000
0.1000
0.6010
1.1703
1.7059
2.2024
2.6540
3.0544
3.3967
3.6743
3.8810
4.0116
4.0627
4.0328
3.9228
3.7356
3.4760
3.1500
2.7642
2.3254
1.8401
1.3142
0.7532
0.1619
0.1000
0.1000
0.1000
0.1000
0.1000
0.1000
0.1000
0.1000
0.1000
0.1000
0.1000
0.1000
0.1000
0.1000
0.1000
0.1000
0.1000
0.1000
0.1000
0.1000
0.1000
0.1000
0.1000
0.1000
0.1000
0.1000
0.1000
0.1000
0.1699
0.7185
1.2327
1.7076
2.1378
2.5175
2.8409
3.1022
3.2962
3.4185
3.4662
3.4383
3.3353
3.1598
2.9157
2.6080
2.2424
1.8249
1.3612
0.8568
0.3168
0.1000
0.1000
0.1000
0.1000
0.1000
0.1000
0.1000
0.1000
0.1000
0.1000
0.1000
0.1000
0.1000
0.1000
0.1000
0.1000
0.1000
0.1000
0.1000
0.1000
0.1000
0.1000
0.1000
0.1000
0.1000
0.1000
0.1000
0.1000
0.1000
0.1000
0.2272
0.7200
1.1735
1.5828
1.9427
2.2481
2.4940
2.6760
2.7906
2.8352
2.8091
2.7127
2.5481
2.3185
2.0283
1.6821
1.2853
0.8429
0.3599
0.1000
0.1000
0.1000
0.1000
0.1000
0.1000
0.1000
0.1000
0.1000
0.1000
0.1000
0.1000
0.1000
0.1000
0.1000
0.1000
0.1000
0.1000
0.1000
0.1000
0.1000
0.1000
0.1000
0.1000
0.1000
0.1000
0.1000
0.1000
0.1000
0.1000
0.1000
0.1000
0.1728
0.6056
0.9947
1.3358
1.6242
1.8558
2.0268
2.1342
2.1761
2.1516
2.0612
1.9066
1.6906
1.4167
1.0890
0.7120
0.2902
0.1000
0.1000
0.1000
0.1000
0.1000
0.1000
0.1000
0.1000
0.1000
0.1000
0.1000
0.1000
0.1000
0.1000
0.1000
0.1000
0.1000
0.1000
0.1000
0.1000
0.1000
0.1000
0.1000
0.1000
0.1000
0.1000
0.1000
0.1000
0.1000
0.1000
0.1000
0.1000
0.1000
0.1000
0.1000
0.1000
0.1000
0.1000
0.1000
0.1000
0.1000
0.1000
0.1000
0.1000
0.1000
0.1000
0.1000
0.1000
0.1000
0.1000
0.1000
0.1000
0.1000
0.1000
0.1000
0.1000
0.1000
0.1000
0.1000
0.1000
0.1000
0.1000
0.1000
0.1000
0.1000
0.1000
0.1000
0.1000
0.1000
0.1000
0.1000
0.1000
0.1000
0.1000
0.1000
0.1000
0.1000
0.1000
0.1000
0.1000
0.1000
0.1000
0.1000
0.1000
0.1000
0.1000
0.1000
0.1000
0.1000
0.1000
0.1000
0.1000
0.1000
0.1000
0.1000
0.1000
0.1000
0.1000
0.1000
0.1000
0.1000
0.1000
0.1000
0.1000
0.1000
0.1000
0.1000
0.1000
0.1000
0.1000
0.1000
0.1000
0.1000
0.1000
0.1000
0.1000
0.1000
0.1000
0.1000
0.1000
0.1000
0.1000
0.1000
0.1000
0.1000
0.1000
0.1000
0.1000
0.1000
0.1000
0.1000
0.1000
0.1000
0.1000
0.1000
0.1000
0.1000
0.1000
0.1000
0.1000
0.1000
0.1000
0.1000
0.1000
0.1000
0.1000
0.1000
0.1000
0.1000
0.1000
0.1000
0.1000
0.1000
0.1000
0.1000
0.1000
0.1000
0.1000
0.1000
0.1000
0.1000
0.1000
0.1000
0.1000
0.1000
0.1000
0.1000
0.1000
0.1000
0.1000
0.1000
0.1000
0.1000
0.1000
0.1000
0.1000
0.1000
0.1000
0.1000
0.1000
0.1000
0.1000
0.1000
0.1000
0.1000
0.1000
0.1000
0.1000
0.1000
0.1000
0.1000
0.1000
0.1000
0.1000
0.1000
0.1000
0.1000
0.1000
0.1000
0.1000
0.1000
0.1000
0.1000
0.1000
0.1000
0.1000
0.1000
0.1000
0.1000
0.1000
0.1000
0.1000
0.1000
0.1000
0.1000
0.1000
0.1000
0.1000
0.1000
0.1000
0.1000
0.1000
0.1000
0.1000
0.1000
0.1000
0.1000
0.1000
0.1000
0.1000
0.1000
0.1000
0.1000
0.1000
0.1000
0.1000
0.1000
0.1000
0.1000
0.1000
0.1000
0.1000
0.1000
0.1000
0.1000
0.1000
0.1000
0.1000
0.1000
0.1000
0.1000
0.1000
0.1000
0.1000
0.1000
0.1000
0.1000
0.1000
0.1000
0.1000
0.1000
0.1000
0.1000
0.1000
0.1000
0.1000
0.1000
0.1000
0.1000
0.1000
0.1000
0.1000
0.1000
0.1000
0.1000
0.1000
0.1000
0.1000
0.1000
0.1000
0.1000
0.1000
0.1000
0.1000
0.1000
0.1000
0.1000
0.1000
0.1000
0.1000
0.1000
0.1000
0.1000
0.1000
0.1000
0.1000
0.1000
0.1000
0.1000
0.1000
0.1000
0.1000
0.1000
0.1000
0.1000
0.1000
0.1000
0.1000
0.1000
0.1000
0.1000
0.1000
0.1000
0.1000
0.1000
0.1000
0.1000
0.1000
0.1000
0.1000
0.1000
0.1000
0.1000
0.1000
0.1000
0.1000
0.1000
0.1000
0.1000
0.1000
0.1000
0.1000
0.1000
0.1000
0.1000
0.1000
0.1000
0.1000
0.1000
0.1000
0.1000
0.1000
0.1000
0.1000
0.1000
0.1000
0.1000
0.1000
0.1000
0.1000
0.1000
0.1000
0.1000
0.1000
0.1000
0.1000
0.1000
0.1000
0.1000
0.1000
0.1000
0.1000
0.1000
0.1000
0.1000
0.1000
0.1000
0.1000
0.1000
0.1000
0.1000
0.1000
0.1000
0.1000
0.1000
0.1000
0.1000
0.1000
0.1000
0.1000
0.1000
0.1000
0.1000
0.1000
0.1000
0.1000
0.1000
0.1000
0.1000
0.1000
0.1000
0.1000
0.1000
0.1000
0.1000
0.1000
0.1000
0.1000
0.1000
0.1000
0.1000
0.1000
0.1000
0.1000
0.1000
0.1000
0.1000
0.1000
0.1000
0.1000
0.1000
0.1000
0.1000
0.1000
0.1000
0.1000
0.1000
0.1000
0.1000
0.1000
0.1000
0.1000
0.1000
0.1000
0.1000
0.1000
0.1000
0.1000
0.1000
0.1000
0.1000
0.1000
0.1000
0.1000
0.1000
0.1000
0.1000
0.1000
0.1000
0.1000
0.1000
0.1000
0.1000
0.1000
0.1000
0.1000
0.1000
0.1000
0.1000
0.1000
0.1000
0.1000
0.1000
0.1000
0.1000
0.1000
0.1000
0.1000
0.1000
0.1000
0.1000
0.1000
0.1000
0.1000
0.1000
0.1000
0.1000
0.1000
0.1000
0.1000
0.1000
0.1000
0.1000
0.1000
0.1000
0.1000
0.1000
0.1000
0.1000
0.1000
0.1000
0.1000
0.1000
0.1000
0.1000
0.1000
0.1000
0.1000
0.1000
0.1000
0.1000
0.1000
0.1000
0.1000
0.1000
0.1000
0.1000
0.1000
0.1000
0.1000
0.1000
0.1000
0.1000
0.1000
0.1000
0.1000
0.1000
0.1000
0.1000
0.1000
0.1000
0.1000
0.1000
0.1000
0.1000
0.1000
0.1000
0.1000
0.1000
0.1000
0.1000
0.1000
0.1000
0.1000
0.1000
0.1000
0.1000
0.1000
0.1000
0.1000
0.1000
0.1000
0.1000
0.1000
0.1000
0.1000
0.1000
0.1000
0.1000
0.1000
0.1000
0.1000
0.1000
0.1000
0.1000
0.1000
0.1000
0.1000
0.1000
0.1000
0.1000
0.1000
0.1000
0.1000
0.1000
0.1000
0.1000
0.1000
0.1000
0.1000
0.1000
0.1000
0.1000
0.1000
0.1000
0.1000
0.1000
0.1000
0.1000
0.1000
0.1000
0.1000
0.1000
0.1000
0.1000
0.1000
0.1000
0.1000
0.1000
0.1000
0.1000
0.1000
0.1000
0.1000
0.1000
0.1000
0.1000
0.1000
0.1000
0.1000
0.1000
0.1000
0.1000
0.1000
0.1000
0.1000
0.1000
0.1000
0.1000
0.1000
0.1000
0.1000
0.1000
0.1000
0.1000
0.1000
0.1000
0.1000
0.1000
0.1000
0.1000
0.1000
0.1000
0.1000
0.1000
0.1000
0.1000
0.1000
0.1000
0.1000
0.1000
0.1000
0.1000
0.1000
0.1000
0.1000
0.1000
0.1000
0.1000
0.1000
0.1000
0.1000
0.1000
0.1000
0.1000
0.1000
0.1000
0.1000
0.1000
0.1000
0.1000
0.1000
0.1000
0.1000
0.1000
0.1000
0.1000
0.1000
0.1000
0.1000
0.1000
0.1000
0.1000
0.1000
0.1000
0.1000
0.1000
0.1000
0.1000
0.1000
0.1000
0.1000
0.1000
0.1000
0.1000
0.1000
0.1000
0.1000
0.1000
0.1000
0.1000
0.1000
0.1000
0.1000
0.1000
0.1000
0.1000
0.1000
0.1000
0.1000
0.1000
0.1000
0.1000
0.1000
0.1000
0.1000
0.1000
0.1000
0.1000
0.1000
0.1000
0.1000
0.1000
0.1000
0.1000
0.1000
0.1000
0.1000
0.1000
0.1000
0.1000
0.1000
0.1000
0.1000
0.1000
0.1000
0.1000
0.1000
0.1000
0.1000
0.1000
0.1000
0.1000
0.1000
0.1000
0.1000
0.1000
0.1000
0.1000
0.1000
0.1000
0.1000
0.1000
0.1000
0.1000
0.1000
0.1000
0.1000
0.1000
0.1000
0.1000
0.1000
0.1000
0.1000
0.1000
0.1000
0.1000
0.1000
0.1000
0.1000
0.1000
0.1000
0.1000
0.1000
0.1000
0.1000
0.1000
0.1000
0.1000
0.1000
0.1000
0.1000
0.1000
0.1000
0.1000
0.1000
0.1000
0.1000
0.1000
0.1000
0.1000
0.1000
0.1000
0.1000
0.1000
0.1000
0.1000
0.1000
0.1000
0.1000
0.1000
0.1000
0.1000
0.1000
0.1000
0.1000
0.1000
0.1000
0.1000
0.1000
0.1000
0.1000
0.1000
0.1000
0.1000
0.1000
0.1000
0.1000
0.1000
0.1000
0.1000
0.1000
0.1000
0.1000
0.1000
0.1000
0.1000
0.1000
0.1000
0.1000
0.1000
0.1000
0.1000
0.1000
0.1000
0.1000
0.1000
0.1000
0.1000
0.1000
0.1000
0.1000
0.1000
0.1000
0.1000
0.1000
0.1000
0.1000
0.1000
0.1000
0.1000
0.1000
0.1000
0.1000
0.1000
0.1000
0.1000
0.1000
0.1000
0.1000
0.1000
0.1000
0.1000
0.1000
0.1000
0.1000
0.1000
0.1000
0.1000
0.1000
0.1000
0.1000
0.1000
0.1000
0.1000
0.1000
0.1000
0.1000
0.1000
0.1000
0.1000
0.1000
0.1000
0.1000
0.1000
0.1000
0.1000
0.1000
0.1000
0.1000
0.1000
0.1000
0.1000
0.1000
0.1000
0.1000
0.1000
0.1000
0.1000
0.1000
0.1000
0.1000
0.1000
0.1000
0.1000
0.1000
0.1000
0.1000
0.1000
0.1000
0.1000
0.1000
0.1000
0.1000
0.1000
0.1000
0.1000
0.1000
0.1000
0.1000
0.1000
0.1000
0.1000
0.1000
0.1000
0.1000
0.1000
0.1000
0.1000
0.1000
0.1000
0.1000
0.1000
0.1000
0.1000
0.1000
0.1000
0.1000
0.1000
0.1000
0.1000
0.1000
0.1000
0.1000
0.1000
0.1000
0.1000
0.1000
0.1000
0.1000
0.1000
0.1000
0.1000
0.1000
0.1000
0.1000
0.1000
0.1000
0.1000
0.1000
0.1000
0.1000
0.1000
0.1000
0.1000
0.1000
0.1000
0.1000
0.1000
0.1000
0.1000
0.1000
0.1000
0.1000
0.1000
0.1000
0.1000
0.1000
0.1000
0.1000
0.1000
0.1000
0.1000
0.1000
0.1000
0.1000
0.1000
0.1000
0.1000
0.1000
0.1000
0.1000
0.1000
0.1000
0.1000
0.1000
0.1000
0.1000
0.1000
0.1000
0.1000
0.1000
0.1000
0.1000
0.1000
0.1000
0.1000
0.1000
0.1000
0.1000
0.1000
0.1000
0.1000
0.1000
0.1000
0.1000
0.1000
0.1000
0.1000
0.1000
0.1000
0.1000
0.1000
0.1000
0.1000
0.1000
0.1000
0.1000
0.1000
0.1000
0.1000
0.1000
0.1000
0.1000
0.1000
0.1000
0.1000
0.1000
0.1000
0.1000
0.1000
0.1000
0.1000
0.1000
0.1000
0.1000
0.1000
0.1000
0.1000
0.1000
0.1000
0.1000
0.1000
0.1000
0.1000
0.1000
0.1000
0.1000
0.1000
0.1000
0.1000
0.1000
0.1000
0.1000
0.1000
0.1000
0.1000
0.1000
0.1000
0.1000
0.1000
0.1000
0.1000
0.1000
0.1000
0.1000
0.1000
0.1000
0.1000
0.1000
0.1000
0.1000
0.1000
0.1000
0.1000
0.1000
0.1000
0.1000
0.1000
0.1000
0.1000
0.1000
0.1000
0.1000
0.1000
0.1000
0.1000
0.1000
0.1000
0.1000
0.1000
0.1000
0.1000
0.1000
0.1000
0.1000
0.1000
0.1000
0.1000
0.1000
0.1000
0.1000
0.1000
0.1000
0.1000
0.1000
0.1000
0.1000
0.1000
0.1000
0.1000
0.1000
0.1000
0.1000
0.1000
0.1000
0.1000
0.1000
0.1000
0.1000
0.1000
0.1000
0.1000
0.1000
0.1000
0.1000
0.1000
0.1000
0.1000
0.1000
0.1000
0.1000
0.1000
0.1000
0.1000
0.1000
0.1000
0.1000
0.1000
0.1000
0.1000
0.1000
0.1000
0.1000
0.1000
0.1000
0.1000
0.1000
0.1000
0.1000
0.1000
0.1000
0.1000
0.1000
0.1000
0.1000
0.1000
0.1000
0.1000
0.1000
0.1000
0.1000
0.1000
0.1000
0.1000
0.1000
0.1000
0.1000
0.1000
0.1000
0.1000
0.1000
0.1000
0.1000
0.1000
0.1000
0.1000
0.1000
0.1000
0.1000
0.1000
0.1000
0.1000
0.1000
0.1000
0.1000
0.1000
0.1000
0.1000
0.1000
0.1000
0.1000
0.1000
0.1000
0.1000
0.1000
0.1000
0.1000
0.1000
0.1000
0.1000
0.1000
0.1000
0.1000
0.1000
0.1000
0.1000
0.1000
0.1000
0.1000
0.1000
0.1000
0.1000
0.1000
0.1000
0.1000
0.1000
0.1000
0.1000
0.1000
0.1000
0.1000
0.1000
0.1000
0.1000
0.1000
0.1000
0.1000
0.1000
0.1000
0.1000
0.1000
0.1000
0.1000
0.1000
0.1000
0.1000
0.1000
0.1000
0.1000
0.1000
0.1000
0.1000
0.1000
0.1000
0.1000
0.1000
0.1000
0.1000
0.1000
0.1000
0.1000
0.1000
0.1000
0.1000
0.1000
0.1000
0.1000
0.1000
0.1000
0.1000
0.1000
0.1000
0.1000
0.1000
0.1000
0.1000
0.1000
0.1000
0.1000
0.1000
0.1000
0.1000
0.1000
0.1000
0.1000
0.1000
0.1000
0.1000
0.1000
0.1000
0.1000
0.1000
0.1000
0.1000
0.1000
0.1000
0.1000
0.1000
0.1000
0.1000
0.1000
0.1000
0.1000
0.1000
0.1000
0.1000
0.1000
0.1000
0.1000
0.1000
0.1000
0.1000
0.1000
0.1000
0.1000
0.1000
0.1000
0.1000
0.1000
0.1000
0.1000
0.1000
0.1000
0.1000
0.1000
0.1000
0.1000
0.1000
0.1000
0.1000
0.1000
0.1000
0.1000
0.1000
0.1000
0.1000
0.1000
0.1000
0.1000
0.1000
0.1000
0.1000
0.1000
0.1000
0.1000
0.1000
0.1000
0.1000
0.1000
0.1000
0.1000
0.1000
0.1000
0.1000
0.1000
0.1000
0.1000
0.1000
0.1000
0.1000
0.1000
0.1000
0.1000
0.1000
0.1000
0.1000
0.1000
0.1526
0.2999
0.3920
0.4279
0.4069
0.3294
0.1965
0.1000
0.1000
0.1000
0.1000
0.1000
0.1000
0.1000
0.1000
0.1000
0.1000
0.1000
0.1000
0.1000
0.1000
0.1000
0.1000
0.1000
0.1000
0.1000
0.1000
0.1000
0.1000
0.1000
0.1000
0.1000
0.1000
0.1000
0.1000
0.1000
0.1000
0.1000
0.1000
0.1000
0.1000
0.1000
0.1000
0.1000
0.1000
0.1000
0.1000
0.1000
0.3847
0.6501
0.8624
1.0187
1.1167
1.1548
1.1325
1.0501
0.9089
0.7111
0.4593
0.1568
0.1000
0.1000
0.1000
0.1000
0.1000
0.1000
0.1000
0.1000
0.1000
0.1000
0.1000
0.1000
0.1000
0.1000
0.1000
0.1000
0.1000
0.1000
0.1000
0.1000
0.1000
0.1000
0.1000
0.1000
0.1000
0.1000
0.1000
0.1000
0.1000
0.1000
0.1000
0.1000
0.1000
0.1000
0.1000
0.1000
0.3357
0.7160
1.0488
1.3299
1.5553
1.7215
1.8259
1.8665
1.8427
1.7550
1.6047
1.3945
1.1276
0.8080
0.4397
0.1000
0.1000
0.1000
0.1000
0.1000
0.1000
0.1000
0.1000
0.1000
0.1000
0.1000
0.1000
0.1000
0.1000
0.1000
0.1000
0.1000
0.1000
0.1000
0.1000
0.1000
0.1000
0.1000
0.1000
0.1000
0.1000
0.1000
0.1000
0.1000
0.1000
0.1000
0.1000
0.1000
0.1000
0.4928
0.9374
1.3381
1.6899
1.9880
2.2277
2.4049
2.5164
2.5598
2.5344
2.4406
2.2804
2.0566
1.7734
1.4352
1.0469
0.6133
0.1392
0.1000
0.1000
0.1000
0.1000
0.1000
0.1000
0.1000
0.1000
0.1000
0.1000
0.1000
0.1000
0.1000
0.1000
0.1000
0.1000
0.1000
0.1000
0.1000
0.1000
0.1000
0.1000
0.1000
0.1000
0.1000
0.1000
0.1000
0.1000
0.1000
0.1000
0.1000
0.5366
1.0426
1.5094
1.9315
2.3037
2.6201
2.8755
3.0648
3.1841
3.2306
3.2034
3.1030
2.9317
2.6932
2.3922
2.0342
1.6246
1.1690
0.6728
0.1407
0.1000
0.1000
0.1000
0.1000
0.1000
0.1000
0.1000
0.1000
0.1000
0.1000
0.1000
0.1000
0.1000
0.1000
0.1000
0.1000
0.1000
0.1000
0.1000
0.1000
0.1000
0.1000
0.1000
0.1000
0.1000
0.1000
0.1000
0.1000
0.1000
0.4658
1.0285
1.5572
2.0467
2.4914
2.8850
3.2211
3.4933
3.6958
3.8237
3.8737
3.8444
3.7367
3.5534
3.2989
2.9789
2.5997
2.1679
1.6895
1.1706
0.6164
0.1000
0.1000
0.1000
0.1000
0.1000
0.1000
0.1000
0.1000
0.1000
0.1000
0.1000
0.1000
0.1000
0.1000
0.1000
0.1000
0.1000
0.1000
0.1000
0.1000
0.1000
0.1000
0.1000
0.1000
0.1000
0.1000
0.1000
0.1000
0.2826
0.8955
1.4800
2.0313
2.5439
3.0116
3.4276
3.7844
4.0747
4.2914
4.4286
4.4823
4.4509
4.3353
4.1389
3.8673
3.5272
3.1260
2.6711
2.1696
1.6279
1.0517
0.4458
0.1000
0.1000
0.1000
0.1000
0.1000
0.1000
0.1000
0.1000
0.1000
0.1000
0.1000
0.1000
0.1000
0.1000
0.1000
0.1000
0.1000
0.1000
0.1000
0.1000
0.1000
0.1000
0.1000
0.1000
0.1000
0.1000
0.1000
0.6475
1.2802
1.8857
2.4591
2.9946
3.4855
3.9243
4.3025
4.6117
4.8434
4.9906
5.0483
5.0145
4.8904
4.6802
4.3906
4.0296
3.6059
3.1279
2.6034
2.0394
1.4418
0.8158
0.1657
0.1000
0.1000
0.1000
0.1000
0.1000
0.1000
0.1000
0.1000
0.1000
0.1000
0.1000
0.1000
0.1000
0.1000
0.1000
0.1000
0.1000
0.1000
0.1000
0.1000
0.1000
0.1000
0.1000
0.1000
0.1000
0.1000
0.9643
1.6153
2.2404
2.8347
3.3921
3.9055
4.3666
4.7663
5.0946
5.3418
5.4993
5.5613
5.5250
5.3921
5.1676
4.8597
4.4778
4.0318
3.5312
2.9846
2.3994
1.7819
1.1372
0.4698
0.1000
0.1000
0.1000
0.1000
0.1000
0.1000
0.1000
0.1000
0.1000
0.1000
0.1000
0.1000
0.1000
0.1000
0.1000
0.1000
0.1000
0.1000
0.1000
0.1000
0.1000
0.1000
0.1000
0.1000
0.1000
0.1000
1.2289
1.8961
2.5387
3.1517
3.7290
4.2632
4.7455
5.1655
5.5124
5.7747
5.9426
6.0087
5.9700
5.8282
5.5898
5.2640
4.8620
4.3951
3.8736
3.3068
2.7025
2.0671
1.4060
0.7234
0.1000
0.1000
0.1000
0.1000
0.1000
0.1000
0.1000
0.1000
0.1000
0.1000
0.1000
0.1000
0.1000
0.1000
0.1000
0.1000
0.1000
0.1000
0.1000
0.1000
0.1000
0.1000
0.1000
0.1000
0.1000
0.1000
1.4377
2.1181
2.7752
3.4041
3.9984
4.5505
5.0512
5.4894
5.8529
6.1291
6.3064
6.3764
6.3354
6.1856
5.9342
5.5924
5.1726
4.6872
4.1476
3.5635
2.9431
2.2928
1.6181
0.9231
0.2113
0.1000
0.1000
0.1000
0.1000
0.1000
0.1000
0.1000
0.1000
0.1000
0.1000
0.1000
0.1000
0.1000
0.1000
0.1000
0.1000
0.1000
0.1000
0.1000
0.1000
0.1000
0.1000
0.1000
0.1000
0.1000
1.5873
2.2776
2.9457
3.5864
4.1937
4.7596
5.2745
5.7270
6.1039
6.3913
6.5764
6.6496
6.6067
6.4502
6.1884
5.8337
5.3997
4.9000
4.3464
3.7492
3.1165
2.4551
1.7702
1.0660
0.3459
0.1000
0.1000
0.1000
0.1000
0.1000
0.1000
0.1000
0.1000
0.1000
0.1000
0.1000
0.1000
0.1000
0.1000
0.1000
0.1000
0.1000
0.1000
0.1000
0.1000
0.1000
0.1000
0.1000
0.1000
0.1000
1.6754
2.3717
3.0463
3.6944
4.3095
4.8840
5.4079
5.8693
6.2547
6.5493
6.7394
6.8147
6.7706
6.6098
6.3413
5.9783
5.5354
5.0267
4.4644
3.8591
3.2190
2.5508
1.8598
1.1501
0.4250
0.1000
0.1000
0.1000
0.1000
0.1000
0.1000
0.1000
0.1000
0.1000
0.1000
0.1000
0.1000
0.1000
0.1000
0.1000
0.1000
0.1000
0.1000
0.1000
0.1000
0.1000
0.1000
0.1000
0.1000
0.1000
1.7005
2.3985
3.0751
3.7252
4.3427
4.9196
5.4461
5.9102
6.2981
6.5948
6.7864
6.8623
6.8178
6.6558
6.3853
6.0199
5.5743
5.0630
4.4982
3.8905
3.2483
2.5781
1.8854
1.1741
0.4475
0.1000
0.1000
0.1000
0.1000
0.1000
0.1000
0.1000
0.1000
0.1000
0.1000
0.1000
0.1000
0.1000
0.1000
0.1000
0.1000
0.1000
0.1000
0.1000
0.1000
0.1000
0.1000
0.1000
0.1000
0.1000
1.6622
2.3575
3.0312
3.6781
4.2921
4.8652
5.3877
5.8478
6.2319
6.5254
6.7147
6.7896
6.7457
6.5856
6.3182
5.9564
5.5149
5.0075
4.4466
3.8425
3.2036
2.5364
1.8463
1.1375
0.4131
0.1000
0.1000
0.1000
0.1000
0.1000
0.1000
0.1000
0.1000
0.1000
0.1000
0.1000
0.1000
0.1000
0.1000
0.1000
0.1000
0.1000
0.1000
0.1000
0.1000
0.1000
0.1000
0.1000
0.1000
0.1000
1.5610
2.2496
2.9157
3.5543
4.1593
4.7227
5.2350
5.6849
6.0594
6.3447
6.5284
6.6010
6.5584
6.4032
6.1433
5.7909
5.3595
4.8624
4.3113
3.7165
3.0860
2.4266
1.7435
1.0409
0.3223
0.1000
0.1000
0.1000
0.1000
0.1000
0.1000
0.1000
0.1000
0.1000
0.1000
0.1000
0.1000
0.1000
0.1000
0.1000
0.1000
0.1000
0.1000
0.1000
0.1000
0.1000
0.1000
0.1000
0.1000
0.1000
1.3988
2.0767
2.7311
3.3569
3.9480
4.4967
4.9938
5.4284
5.7887
6.0622
6.2376
6.3068
6.2663
6.1181
5.8693
5.5306
5.1142
4.6324
4.0963
3.5155
2.8982
2.2507
1.5786
0.8859
0.1762
0.1000
0.1000
0.1000
0.1000
0.1000
0.1000
0.1000
0.1000
0.1000
0.1000
0.1000
0.1000
0.1000
0.1000
0.1000
0.1000
0.1000
0.1000
0.1000
0.1000
0.1000
0.1000
0.1000
0.1000
0.1000
1.1781
1.8421
2.4812
3.0905
3.6639
4.1940
4.6720
5.0879
5.4310
5.6902
5.8560
5.9212
5.8830
5.7431
5.5075
5.1854
4.7874
4.3247
3.8074
3.2446
2.6441
2.0122
1.3543
0.6747
0.1000
0.1000
0.1000
0.1000
0.1000
0.1000
0.1000
0.1000
0.1000
0.1000
0.1000
0.1000
0.1000
0.1000
0.1000
0.1000
0.1000
0.1000
0.1000
0.1000
0.1000
0.1000
0.1000
0.1000
0.1000
0.1000
0.9023
1.5496
2.1707
2.7608
3.3137
3.8225
4.2791
4.6743
4.9986
5.2425
5.3979
5.4590
5.4232
5.2921
5.0707
4.7666
4.3890
3.9476
3.4517
2.9096
2.3287
1.7151
1.0742
0.4103
0.1000
0.1000
0.1000
0.1000
0.1000
0.1000
0.1000
0.1000
0.1000
0.1000
0.1000
0.1000
0.1000
0.1000
0.1000
0.1000
0.1000
0.1000
0.1000
0.1000
0.1000
0.1000
0.1000
0.1000
0.1000
0.1000
0.5750
1.2037
1.8049
2.3737
2.9045
3.3906
3.8246
4.1983
4.5035
4.7320
4.8771
4.9340
4.9007
4.7784
4.5711
4.2853
3.9288
3.5098
3.0366
2.5168
1.9574
1.3642
0.7423
0.1000
0.1000
0.1000
0.1000
0.1000
0.1000
0.1000
0.1000
0.1000
0.1000
0.1000
0.1000
0.1000
0.1000
0.1000
0.1000
0.1000
0.1000
0.1000
0.1000
0.1000
0.1000
0.1000
0.1000
0.1000
0.1000
0.1000
0.2006
0.8092
1.3892
1.9357
2.4435
2.9064
3.3177
3.6701
3.9565
4.1701
4.3054
4.3583
4.3273
4.2134
4.0198
3.7519
3.4160
3.0195
2.5695
2.0729
1.5359
0.9642
0.3627
0.1000
0.1000
0.1000
0.1000
0.1000
0.1000
0.1000
0.1000
0.1000
0.1000
0.1000
0.1000
0.1000
0.1000
0.1000
0.1000
0.1000
0.1000
0.1000
0.1000
0.1000
0.1000
0.1000
0.1000
0.1000
0.1000
0.1000
0.1000
0.3707
0.9288
1.4528
1.9375
2.3773
2.7664
3.0983
3.3669
3.5665
3.6925
3.7418
3.7130
3.6068
3.4261
3.1751
2.8592
2.4845
2.0574
1.5838
1.0697
0.5201
0.1000
0.1000
0.1000
0.1000
0.1000
0.1000
0.1000
0.1000
0.1000
0.1000
0.1000
0.1000
0.1000
0.1000
0.1000
0.1000
0.1000
0.1000
0.1000
0.1000
0.1000
0.1000
0.1000
0.1000
0.1000
0.1000
0.1000
0.1000
0.1000
0.1000
0.4290
0.9304
1.3924
1.8100
2.1778
2.4903
2.7423
2.9290
3.0465
3.0924
3.0656
2.9666
2.7977
2.5624
2.2653
1.9115
1.5064
1.0555
0.5640
0.1000
0.1000
0.1000
0.1000
0.1000
0.1000
0.1000
0.1000
0.1000
0.1000
0.1000
0.1000
0.1000
0.1000
0.1000
0.1000
0.1000
0.1000
0.1000
0.1000
0.1000
0.1000
0.1000
0.1000
0.1000
0.1000
0.1000
0.1000
0.1000
0.1000
0.1000
0.1000
0.3737
0.8139
1.2102
1.5579
1.8523
2.0889
2.2638
2.3737
2.4165
2.3915
2.2990
2.1409
1.9201
1.6404
1.3062
0.9222
0.4931
0.1000
0.1000
0.1000
0.1000
0.1000
0.1000
0.1000
0.1000
0.1000
0.1000
0.1000
0.1000
0.1000
0.1000
0.1000
0.1000
0.1000
0.1000
0.1000
0.1000
0.1000
0.1000
0.1000
0.1000
0.1000
0.1000
0.1000
0.1000
0.1000
0.1000
0.1000
0.1000
0.1000
0.1000
0.1000
0.1000
0.1000
0.1000
0.1000
0.1000
0.1000
0.1000
0.1000
0.1000
0.1000
0.1000
0.1000
0.1000
0.1000
0.1000
0.1000
0.1000
0.1000
0.1000
0.1000
0.1000
0.1000
0.1000
0.1000
0.1000
0.1000
0.1000
0.1000
0.1000
0.1000
0.1000
0.1000
0.1000
0.1000
0.1000
0.1000
0.1000
0.1000
0.1000
0.1000
0.1000
0.1000
0.1000
0.1000
0.1000
0.1000
0.1000
0.1000
0.1000
0.1000
0.1000
0.1000
0.1000
0.1000
0.1000
0.1000
0.1000
0.1000
0.1000
0.1000
0.1000
0.1000
0.1000
0.1000
0.1000
0.1000
0.1000
0.1000
0.1000
0.1000
0.1000
0.1000
0.1000
0.1000
0.1000
0.1000
0.1000
0.1000
0.1000
0.1000
0.1000
0.1000
0.1000
0.1000
0.1000
0.1000
0.1000
0.1000
0.1000
0.1000
0.1000
0.1000
0.1000
0.1000
0.1000
0.1000
0.1000
0.1000
0.1000
0.1000
0.1000
0.1000
0.1000
0.1000
0.1000
0.1000
0.1000
0.1000
0.1000
0.1000
0.1000
0.1000
0.1000
0.1000
0.1000
0.1000
0.1000
0.1000
0.1000
0.1000
0.1000
0.1000
0.1000
0.1000
0.1000
0.1000
0.1000
0.1000
0.1000
0.1000
0.1000
0.1000
0.1000
0.1000
0.1000
0.1000
0.1000
0.1000
0.1000
0.1000
0.1000
0.1000
0.1000
0.1000
0.1000
0.1000
0.1000
0.1000
0.1000
0.1000
0.1000
0.1000
0.1000
0.1000
0.1000
0.1000
0.1000
0.1000
0.1000
0.1000
0.1000
0.1000
0.1000
0.1000
0.1000
0.1000
0.1000
0.1000
0.1000
0.1000
0.1000
0.1000
0.1000
0.1000
0.1000
0.1000
0.1000
0.1000
0.1000
0.1000
0.1000
0.1000
0.1000
0.1000
0.1000
0.1000
0.1000
0.1000
0.1000
0.1000
0.1000
0.1000
0.1000
0.1000
0.1000
0.1000
0.1000
0.1000
0.1000
0.1000
0.1000
0.1000
0.1000
0.1000
0.1000
0.1000
0.1000
0.1000
0.1000
0.1000
0.1000
0.1000
0.1000
0.1000
0.1000
0.1000
0.1000
0.1000
0.1000
0.1000
0.1000
0.1000
0.1000
0.1000
0.1000
0.1000
0.1000
0.1000
0.1000
0.1000
0.1000
0.1000
0.1000
0.1000
0.1000
0.1000
0.1000
0.1000
0.1000
0.1000
0.1000
0.1000
0.1000
0.1000
0.1000
0.1000
0.1000
0.1000
0.1000
0.1000
0.1000
0.1000
0.1000
0.1000
0.1000
0.1000
0.1000
0.1000
0.1000
0.1000
0.1000
0.1000
0.1000
0.1000
0.1000
0.1000
0.1000
0.1000
0.1000
0.1000
0.1000
0.1000
0.1000
0.1000
0.1000
0.1000
0.1000
0.1000
0.1000
0.1000
0.1000
0.1000
0.1000
0.1000
0.1000
0.1000
0.1000
0.1000
0.1000
0.1000
0.1000
0.1000
0.1000
0.1000
0.1000
0.1000
0.1000
0.1000
0.1000
0.1000
0.1000
0.1000
0.1000
0.1000
0.1000
0.1000
0.1000
0.1000
0.1000
0.1000
0.1000
0.1000
0.1000
0.1000
0.1000
0.1000
0.1000
0.1000
0.1000
0.1000
0.1000
0.1000
0.1000
0.1000
0.1000
0.1000
0.1000
0.1000
0.1000
0.1000
0.1000
0.1000
0.1000
0.1000
0.1000
0.1000
0.1000
0.1000
0.1000
0.1000
0.1000
0.1000
0.1000
0.1000
0.1000
0.1000
0.1000
0.1000
0.1000
0.1000
0.1000
0.1000
0.1000
0.1000
0.1000
0.1000
0.1000
0.1000
0.1000
0.1000
0.1000
0.1000
0.1000
0.1000
0.1000
0.1000
0.1000
0.1000
0.1000
0.1000
0.1000
0.1000
0.1000
0.1000
0.1000
0.1000
0.1000
0.1000
0.1000
0.1000
0.1000
0.1000
0.1000
0.1000
0.1000
0.1000
0.1000
0.1000
0.1000
0.1000
0.1000
0.1000
0.1000
0.1000
0.1000
0.1000
0.1000
0.1000
0.1000
0.1000
0.1000
0.1000
0.1000
0.1000
0.1000
0.1000
0.1000
0.1000
0.1000
0.1000
0.1000
0.1000
0.1000
0.1000
0.1000
0.1000
0.1000
0.1000
0.1000
0.1000
0.1000
0.1000
0.1000
0.1000
0.1000
0.1000
0.1000
0.1000
0.1000
0.1000
0.1000
0.1000
0.1000
0.1000
0.1000
0.1000
0.1000
0.1000
0.1000
0.1000
0.1000
0.1000
0.1000
0.1000
0.1000
0.1000
0.1000
0.1000
0.1000
0.1000
0.1000
0.1000
0.1000
0.1000
0.1000
0.1000
0.1000
0.1000
0.1000
0.1000
0.1000
0.1000
0.1000
0.1000
0.1000
0.1000
0.1000
0.1000
0.1000
0.1000
0.1000
0.1000
0.1000
0.1000
0.1000
0.1000
0.1000
0.1000
0.1000
0.1000
0.1000
0.1000
0.1000
0.1000
0.1000
0.1000
0.1000
0.1000
0.1000
0.1000
0.1000
0.1000
0.1000
0.1000
0.1000
0.1000
0.1000
0.1000
0.1000
0.1000
0.1000
0.1000
0.1000
0.1000
0.1000
0.1000
0.1000
0.1000
0.1000
0.1000
0.1000
0.1000
0.1000
0.1000
0.1000
0.1000
0.1000
0.1000
0.1000
0.1000
0.1000
0.1000
0.1000
0.1000
0.1000
0.1000
0.1000
0.1000
0.1000
0.1000
0.1000
0.1000
0.1000
0.1000
0.1000
0.1000
0.1000
0.1000
0.1000
0.1000
0.1000
0.1000
0.1000
0.1000
0.1000
0.1000
0.1000
0.1000
0.1000
0.1000
0.1000
0.1000
0.1000
0.1000
0.1000
0.1000
0.1000
0.1000
0.1000
0.1000
0.1000
0.1000
0.1000
0.1000
0.1000
0.1000
0.1000
0.1000
0.1000
0.1000
0.1000
0.1000
0.1000
0.1000
0.1000
0.1000
0.1000
0.1000
0.1000
0.1000
0.1000
0.1000
0.1000
0.1000
0.1000
0.1000
0.1000
0.1000
0.1000
0.1000
0.1000
0.1000
0.1000
0.1000
0.1000
0.1000
0.1000
0.1000
0.1000
0.1000
0.1000
0.1000
0.1000
0.1000
0.1000
0.1000
0.1000
0.1000
0.1000
0.1000
0.1000
0.1000
0.1000
0.1000
0.1000
0.1000
0.1000
0.1000
0.1000
0.1000
0.1000
0.1000
0.1000
0.1000
0.1000
0.1000
0.1000
0.1000
0.1000
0.1000
0.1000
0.1000
0.1000
0.1000
0.1000
0.1000
0.1000
0.1000
0.1000
0.1000
0.1000
0.1000
0.1000
0.1000
0.1000
0.1000
0.1000
0.1000
0.1000
0.1000
0.1000
0.1000
0.1000
0.1000
0.1000
0.1000
0.1000
0.1000
0.1000
0.1000
0.1000
0.1000
0.1000
0.1000
0.1000
0.1000
0.1000
0.1000
0.1000
0.1000
0.1000
0.1000
0.1000
0.1000
0.1000
0.1000
0.1000
0.1000
0.1000
0.1000
0.1000
0.1000
0.1000
0.1000
0.1000
0.1000
0.1000
0.1000
0.1000
0.1000
0.1000
0.1000
0.1000
0.1000
0.1000
0.1000
0.1000
0.1000
0.1000
0.1000
0.1000
0.1000
0.1000
0.1000
0.1000
0.1000
0.1000
0.1000
0.1000
0.1000
0.1000
0.1000
0.1000
0.1000
0.1000
0.1000
0.1000
0.1000
0.1000
0.1000
0.1000
0.1000
0.1000
0.1000
0.1000
0.1000
0.1000
0.1000
0.1000
0.1000
0.1000
0.1000
0.1000
0.1000
0.1000
0.1000
0.1000
0.1000
0.1000
0.1000
0.1000
0.1000
0.1000
0.1000
0.1000
0.1000
0.1000
0.1000
0.1000
0.1000
0.1000
0.1000
0.1000
0.1000
0.1000
0.1000
0.1000
0.1000
0.1000
0.1000
0.1000
0.1000
0.1000
0.1000
0.1000
0.1000
0.1000
0.1000
0.1000
0.1000
0.1000
0.1000
0.1000
0.1000
0.1000
0.1000
0.1000
0.1000
0.1000
0.1000
0.1000
0.1000
0.1000
0.1000
0.1000
0.1000
0.1000
0.1000
0.1000
0.1000
0.1000
0.1000
0.1000
0.1000
0.1000
0.1000
0.1000
0.1000
0.1000
0.1000
0.1000
0.1000
0.1000
0.1000
0.1000
0.1000
0.1000
0.1000
0.1000
0.1000
0.1000
0.1000
0.1000
0.1000
0.1000
0.1000
0.1000
0.1000
0.1000
0.1000
0.1000
0.1000
0.1000
0.1000
0.1000
0.1000
0.1000
0.1000
0.1000
0.1000
0.1000
0.1000
0.1000
0.1000
0.1000
0.1000
0.1000
0.1000
0.1000
0.1000
0.1000
0.1000
0.1000
0.1000
0.1000
0.1000
0.1000
0.1000
0.1000
0.1000
0.1000
0.1000
0.1000
0.1000
0.1000
0.1000
0.1000
0.1000
0.1000
0.1000
0.1000
0.1000
0.1000
0.1000
0.1000
0.1000
0.1000
0.1000
0.1000
0.1000
0.1000
0.1000
0.1000
0.1000
0.1000
0.1000
0.1000
0.1000
0.1000
0.1000
0.1000
0.1000
0.1000
0.1000
0.1000
0.1000
0.1000
0.1000
0.1000
0.1000
0.1000
0.1000
0.1000
0.1000
0.1000
0.1000
0.1000
0.1000
0.1000
0.1000
0.1000
0.1000
0.1000
0.1000
0.1000
0.1000
0.1000
0.1000
0.1000
0.1000
0.1000
0.1000
0.1000
0.1000
0.1000
0.1000
0.1000
0.1000
0.1000
0.1000
0.1000
0.1000
0.1000
0.1000
0.1000
0.1000
0.1000
0.1000
0.1000
0.1000
0.1000
0.1000
0.1000
0.1000
0.1000
0.1000
0.1000
0.1000
0.1000
0.1000
0.1000
0.1000
0.1000
0.1000
0.1000
0.1000
0.1000
0.1000
0.1000
0.1000
0.1000
0.1000
0.1000
0.1000
0.1000
0.1000
0.1000
0.1000
0.1000
0.1000
0.1000
0.1000
0.1000
0.1000
0.1000
0.1000
0.1000
0.1000
0.1000
0.1000
0.1000
0.1000
0.1000
0.1000
0.1000
0.1000
0.1000
0.1000
0.1000
0.1000
0.1000
0.1000
0.1000
0.1000
0.1000
0.1000
0.1000
0.1000
0.1000
0.1000
0.1000
0.1000
0.1000
0.1000
0.1000
0.1000
0.1000
0.1000
0.1000
0.1000
0.1000
0.1000
0.1000
0.1000
0.1000
0.1000
0.1000
0.1000
0.1000
0.1000
0.1000
0.1000
0.1000
0.1000
0.1000
0.1000
0.1000
0.1000
0.1000
0.1000
0.1000
0.1000
0.1000
0.1000
0.1000
0.1000
0.1000
0.1000
0.1000
0.1000
0.1000
0.1000
0.1000
0.1000
0.1000
0.1000
0.1000
0.1000
0.1000
0.1000
0.1000
0.1000
0.1000
0.1000
0.1000
0.1000
0.1000
0.1000
0.1000
0.1000
0.1000
0.1000
0.1000
0.1000
0.1000
0.1000
0.1000
0.1000
0.1000
0.1000
0.1000
0.1000
0.1000
0.1000
0.1000
0.1000
0.1000
0.1000
0.1000
0.1000
0.1000
0.1000
0.1000
0.1000
0.1000
0.1000
0.1000
0.1000
0.1000
0.1000
0.1000
0.1000
0.1000
0.1000
0.1000
0.1000
0.1000
0.1000
0.1000
0.1000
0.1000
0.1000
0.1000
0.1000
0.1000
0.1000
0.1000
0.1000
0.1000
0.1000
0.1000
0.1000
0.1000
0.1000
0.1000
0.1000
0.1000
0.1000
0.1000
0.1000
0.1000
0.1000
0.1000
0.1000
0.1000
0.1000
0.1000
0.1000
0.1000
0.1000
0.1000
0.1000
0.1000
0.1000
0.1000
0.1000
0.1000
0.1000
0.1000
0.1000
0.1000
0.1000
0.1000
0.1000
0.1000
0.1000
0.1000
0.1000
0.1000
0.1000
0.1000
0.1000
0.1000
0.1000
0.1000
0.1000
0.1000
0.1000
0.1000
0.1000
0.1000
0.1000
0.1000
0.1000
0.1000
0.1000
0.1000
0.1000
0.1000
0.1000
0.1000
0.1000
0.1000
0.1000
0.1000
0.1000
0.1000
0.1000
0.1000
0.1000
0.1000
0.1000
0.1000
0.1000
0.1000
0.1000
0.1000
0.1000
0.1000
0.1000
0.1000
0.1000
0.1000
0.1000
0.1000
0.1000
0.1000
0.1000
0.1000
0.1000
0.1000
0.1000
0.1000
0.1000
0.1000
0.1000
0.1000
0.1000
0.1000
0.1000
0.1000
0.1000
0.1000
0.1000
0.1000
0.1000
0.1000
0.1000
0.1000
0.1000
0.1000
0.1000
0.1000
0.1000
0.1000
0.1000
0.1000
0.1000
0.1000
0.1000
0.1000
0.1000
0.1000
0.1000
0.1000
0.1000
0.1000
0.1000
0.1000
0.1000
0.1000
0.1000
0.1000
0.1000
0.1000
0.1000
0.1000
0.1000
0.1000
0.1000
0.1000
0.1000
0.1000
0.1000
0.1000
0.1000
0.1000
0.1000
0.1000
0.1000
0.1000
0.1000
0.1000
0.1000
0.1000
0.1000
0.1000
0.1000
0.1000
0.1000
0.1000
0.1000
0.1000
0.1000
0.1000
0.1000
0.1000
0.1000
0.1000
0.1000
0.1000
0.1000
0.1000
0.1000
0.1000
0.1000
0.1000
0.1000
0.1000
0.1000
0.1000
0.1000
0.1000
0.1000
0.1000
0.1000
0.1000
0.1000
0.1000
0.1000
0.1000
0.1000
0.1000
0.1000
0.1000
0.1000
0.1000
0.1000
0.1000
0.1000
0.1000
0.1000
0.1356
0.3389
0.4884
0.5821
0.6185
0.5972
0.5185
0.3834
0.1940
0.1000
0.1000
0.1000
0.1000
0.1000
0.1000
0.1000
0.1000
0.1000
0.1000
0.1000
0.1000
0.1000
0.1000
0.1000
0.1000
0.1000
0.1000
0.1000
0.1000
0.1000
0.1000
0.1000
0.1000
0.1000
0.1000
0.1000
0.1000
0.1000
0.1000
0.1000
0.1000
0.1000
0.1000
0.1000
0.1000
0.1000
0.1000
0.1000
0.2546
0.5746
0.8444
1.0602
1.2192
1.3189
1.3578
1.3350
1.2512
1.1075
0.9063
0.6504
0.3432
0.1000
0.1000
0.1000
0.1000
0.1000
0.1000
0.1000
0.1000
0.1000
0.1000
0.1000
0.1000
0.1000
0.1000
0.1000
0.1000
0.1000
0.1000
0.1000
0.1000
0.1000
0.1000
0.1000
0.1000
0.1000
0.1000
0.1000
0.1000
0.1000
0.1000
0.1000
0.1000
0.1000
0.1000
0.1000
0.1000
0.5248
0.9113
1.2498
1.5360
1.7657
1.9353
2.0418
2.0832
2.0590
1.9694
1.8161
1.6019
1.3301
1.0049
0.6305
0.2116
0.1000
0.1000
0.1000
0.1000
0.1000
0.1000
0.1000
0.1000
0.1000
0.1000
0.1000
0.1000
0.1000
0.1000
0.1000
0.1000
0.1000
0.1000
0.1000
0.1000
0.1000
0.1000
0.1000
0.1000
0.1000
0.1000
0.1000
0.1000
0.1000
0.1000
0.1000
0.1000
0.1930
0.6844
1.1365
1.5444
1.9030
2.2072
2.4521
2.6334
2.7474
2.7919
2.7659
2.6699
2.5060
2.2774
1.9882
1.6434
1.2479
0.8069
0.3254
0.1000
0.1000
0.1000
0.1000
0.1000
0.1000
0.1000
0.1000
0.1000
0.1000
0.1000
0.1000
0.1000
0.1000
0.1000
0.1000
0.1000
0.1000
0.1000
0.1000
0.1000
0.1000
0.1000
0.1000
0.1000
0.1000
0.1000
0.1000
0.1000
0.1000
0.1798
0.7289
1.2436
1.7190
2.1496
2.5298
2.8536
3.1153
3.3095
3.4320
3.4798
3.4518
3.3487
3.1729
2.9285
2.6204
2.2544
1.8364
1.3722
0.8674
0.3269
0.1000
0.1000
0.1000
0.1000
0.1000
0.1000
0.1000
0.1000
0.1000
0.1000
0.1000
0.1000
0.1000
0.1000
0.1000
0.1000
0.1000
0.1000
0.1000
0.1000
0.1000
0.1000
0.1000
0.1000
0.1000
0.1000
0.1000
0.1000
0.1000
0.6571
1.2292
1.7677
2.2672
2.7218
3.1250
3.4700
3.7499
3.9584
4.0903
4.1418
4.1116
4.0006
3.8117
3.5500
3.2214
2.8328
2.3910
1.9027
1.3739
0.8101
0.2160
0.1000
0.1000
0.1000
0.1000
0.1000
0.1000
0.1000
0.1000
0.1000
0.1000
0.1000
0.1000
0.1000
0.1000
0.1000
0.1000
0.1000
0.1000
0.1000
0.1000
0.1000
0.1000
0.1000
0.1000
0.1000
0.1000
0.1000
0.4709
1.0939
1.6890
2.2514
2.7756
3.2550
3.6823
4.0498
4.3494
4.5736
4.7157
4.7714
4.7388
4.6190
4.4158
4.1353
3.7848
3.3723
2.9059
2.3928
1.8398
1.2528
0.6367
0.1000
0.1000
0.1000
0.1000
0.1000
0.1000
0.1000
0.1000
0.1000
0.1000
0.1000
0.1000
0.1000
0.1000
0.1000
0.1000
0.1000
0.1000
0.1000
0.1000
0.1000
0.1000
0.1000
0.1000
0.1000
0.1000
0.1000
0.8417
1.4855
2.1029
2.6888
3.2375
3.7419
4.1941
4.5851
4.9056
5.1465
5.2999
5.3601
5.3248
5.1955
4.9768
4.6763
4.3029
3.8659
3.3743
2.8365
2.2597
1.6501
1.0128
0.3522
0.1000
0.1000
0.1000
0.1000
0.1000
0.1000
0.1000
0.1000
0.1000
0.1000
0.1000
0.1000
0.1000
0.1000
0.1000
0.1000
0.1000
0.1000
0.1000
0.1000
0.1000
0.1000
0.1000
0.1000
0.1000
0.1000
1.1639
1.8270
2.4652
3.0735
3.6458
4.1747
4.6515
5.0663
5.4083
5.6667
5.8319
5.8969
5.8588
5.7194
5.4846
5.1635
4.7667
4.3051
3.7889
3.2273
2.6278
1.9969
1.3399
0.6611
0.1000
0.1000
0.1000
0.1000
0.1000
0.1000
0.1000
0.1000
0.1000
0.1000
0.1000
0.1000
0.1000
0.1000
0.1000
0.1000
0.1000
0.1000
0.1000
0.1000
0.1000
0.1000
0.1000
0.1000
0.1000
0.1000
1.4333
2.1134
2.7702
3.3987
3.9927
4.5444
5.0446
5.4824
5.8456
6.1215
6.2986
6.3685
6.3275
6.1779
5.9269
5.5854
5.1659
4.6810
4.1418
3.5581
2.9380
2.2880
1.6136
0.9189
0.2073
0.1000
0.1000
0.1000
0.1000
0.1000
0.1000
0.1000
0.1000
0.1000
0.1000
0.1000
0.1000
0.1000
0.1000
0.1000
0.1000
0.1000
0.1000
0.1000
0.1000
0.1000
0.1000
0.1000
0.1000
0.1000
1.6459
2.3402
3.0126
3.6581
4.2706
4.8422
5.3630
5.8214
6.2039
6.4960
6.6844
6.7589
6.7153
6.5559
6.2898
5.9296
5.4898
4.9841
4.4248
3.8222
3.1846
2.5187
1.8298
1.1219
0.3985
0.1000
0.1000
0.1000
0.1000
0.1000
0.1000
0.1000
0.1000
0.1000
0.1000
0.1000
0.1000
0.1000
0.1000
0.1000
0.1000
0.1000
0.1000
0.1000
0.1000
0.1000
0.1000
0.1000
0.1000
0.1000
1.7984
2.5032
3.1873
3.8458
4.4724
5.0593
5.5964
6.0712
6.4693
6.7748
6.9726
7.0510
7.0050
6.8376
6.5590
6.1836
5.7274
5.2054
4.6305
4.0134
3.3626
2.6847
1.9850
1.2674
0.5352
0.1000
0.1000
0.1000
0.1000
0.1000
0.1000
0.1000
0.1000
0.1000
0.1000
0.1000
0.1000
0.1000
0.1000
0.1000
0.1000
0.1000
0.1000
0.1000
0.1000
0.1000
0.1000
0.1000
0.1000
0.1000
1.8883
2.5994
3.2906
3.9570
4.5924
5.1888
5.7360
6.2212
6.6294
6.9436
7.1475
7.2285
7.1810
7.0083
6.7215
6.3364
5.8698
5.3374
4.7529
4.1268
3.4679
2.7827
2.0764
1.3530
0.6156
0.1000
0.1000
0.1000
0.1000
0.1000
0.1000
0.1000
0.1000
0.1000
0.1000
0.1000
0.1000
0.1000
0.1000
0.1000
0.1000
0.1000
0.1000
0.1000
0.1000
0.1000
0.1000
0.1000
0.1000
0.1000
1.9139
2.6268
3.3200
3.9887
4.6267
5.2259
5.7760
6.2644
6.6755
6.9923
7.1981
7.2798
7.2319
7.0576
6.7684
6.3803
5.9106
5.3753
4.7879
4.1592
3.4979
2.8107
2.1025
1.3774
0.6384
0.1000
0.1000
0.1000
0.1000
0.1000
0.1000
0.1000
0.1000
0.1000
0.1000
0.1000
0.1000
0.1000
0.1000
0.1000
0.1000
0.1000
0.1000
0.1000
0.1000
0.1000
0.1000
0.1000
0.1000
0.1000
1.8748
2.5849
3.2750
3.9402
4.5743
5.1692
5.7149
6.1985
6.6051
6.9179
7.1209
7.2015
7.1542
6.9824
6.6969
6.3132
5.8482
5.3175
4.7344
4.1097
3.4520
2.7680
2.0627
1.3401
0.6035
0.1000
0.1000
0.1000
0.1000
0.1000
0.1000
0.1000
0.1000
0.1000
0.1000
0.1000
0.1000
0.1000
0.1000
0.1000
0.1000
0.1000
0.1000
0.1000
0.1000
0.1000
0.1000
0.1000
0.1000
0.1000
1.7716
2.4745
3.1565
3.8127
4.4368
5.0209
5.5551
6.0269
6.4221
6.7252
6.9212
6.9989
6.9533
6.7875
6.5111
6.1385
5.6853
5.1663
4.5942
3.9797
3.3313
2.6555
1.9577
1.2419
0.5112
0.1000
0.1000
0.1000
0.1000
0.1000
0.1000
0.1000
0.1000
0.1000
0.1000
0.1000
0.1000
0.1000
0.1000
0.1000
0.1000
0.1000
0.1000
0.1000
0.1000
0.1000
0.1000
0.1000
0.1000
0.1000
1.6063
2.2979
2.9673
3.6096
4.2186
4.7863
5.3031
5.7575
6.1362
6.4251
6.6112
6.6848
6.6417
6.4843
6.2212
5.8647
5.4288
4.9272
4.3718
3.7728
3.1386
2.4757
1.7895
1.0841
0.3629
0.1000
0.1000
0.1000
0.1000
0.1000
0.1000
0.1000
0.1000
0.1000
0.1000
0.1000
0.1000
0.1000
0.1000
0.1000
0.1000
0.1000
0.1000
0.1000
0.1000
0.1000
0.1000
0.1000
0.1000
0.1000
1.3815
2.0583
2.7114
3.3359
3.9256
4.4727
4.9682
5.4014
5.7602
6.0325
6.2071
6.2760
6.2357
6.0881
5.8404
5.5031
5.0883
4.6081
4.0735
3.4942
2.8782
2.2320
1.5610
0.8694
0.1606
0.1000
0.1000
0.1000
0.1000
0.1000
0.1000
0.1000
0.1000
0.1000
0.1000
0.1000
0.1000
0.1000
0.1000
0.1000
0.1000
0.1000
0.1000
0.1000
0.1000
0.1000
0.1000
0.1000
0.1000
0.1000
1.1007
1.7599
2.3939
2.9977
3.5652
4.0891
4.5608
4.9707
5.3082
5.5629
5.7256
5.7895
5.7521
5.6148
5.3834
5.0666
4.6746
4.2182
3.7071
3.1503
2.5554
1.9288
1.2758
0.6006
0.1000
0.1000
0.1000
0.1000
0.1000
0.1000
0.1000
0.1000
0.1000
0.1000
0.1000
0.1000
0.1000
0.1000
0.1000
0.1000
0.1000
0.1000
0.1000
0.1000
0.1000
0.1000
0.1000
0.1000
0.1000
0.1000
0.7680
1.4076
2.0204
2.6015
3.1451
3.6443
4.0912
4.4773
4.7934
5.0307
5.1816
5.2408
5.2061
5.0788
4.8635
4.5673
4.1987
3.7668
3.2805
2.7479
2.1760
1.5710
0.9380
0.2814
0.1000
0.1000
0.1000
0.1000
0.1000
0.1000
0.1000
0.1000
0.1000
0.1000
0.1000
0.1000
0.1000
0.1000
0.1000
0.1000
0.1000
0.1000
0.1000
0.1000
0.1000
0.1000
0.1000
0.1000
0.1000
0.1000
0.3876
1.0061
1.5965
2.1539
2.6729
3.1470
3.5693
3.9319
4.2273
4.4481
4.5880
4.6428
4.6107
4.4928
4.2927
4.0162
3.6704
3.2630
2.8018
2.2939
1.7460
1.1638
0.5522
0.1000
0.1000
0.1000
0.1000
0.1000
0.1000
0.1000
0.1000
0.1000
0.1000
0.1000
0.1000
0.1000
0.1000
0.1000
0.1000
0.1000
0.1000
0.1000
0.1000
0.1000
0.1000
0.1000
0.1000
0.1000
0.1000
0.1000
0.1000
0.5604
1.1278
1.6613
2.1557
2.6052
3.0035
3.3439
3.6199
3.8253
3.9551
4.0058
3.9761
3.8668
3.6808
3.4227
3.0986
2.7148
2.2781
1.7949
1.2711
0.7122
0.1228
0.1000
0.1000
0.1000
0.1000
0.1000
0.1000
0.1000
0.1000
0.1000
0.1000
0.1000
0.1000
0.1000
0.1000
0.1000
0.1000
0.1000
0.1000
0.1000
0.1000
0.1000
0.1000
0.1000
0.1000
0.1000
0.1000
0.1000
0.1000
0.1000
0.6196
1.1294
1.5998
2.0256
2.4011
2.7207
2.9788
3.1702
3.2908
3.3379
3.3103
3.2088
3.0356
2.7946
2.4906
2.1291
1.7160
1.2567
0.7568
0.2211
0.1000
0.1000
0.1000
0.1000
0.1000
0.1000
0.1000
0.1000
0.1000
0.1000
0.1000
0.1000
0.1000
0.1000
0.1000
0.1000
0.1000
0.1000
0.1000
0.1000
0.1000
0.1000
0.1000
0.1000
0.1000
0.1000
0.1000
0.1000
0.1000
0.1000
0.1000
0.5635
1.0108
1.4141
1.7684
2.0687
2.3104
2.4891
2.6014
2.6453
2.6196
2.5251
2.3635
2.1380
1.8526
1.5120
1.1210
0.6848
0.2079
0.1000
0.1000
0.1000
0.1000
0.1000
0.1000
0.1000
0.1000
0.1000
0.1000
0.1000
0.1000
0.1000
0.1000
0.1000
0.1000
0.1000
0.1000
0.1000
0.1000
0.1000
0.1000
0.1000
0.1000
0.1000
0.1000
0.1000
0.1000
0.1000
0.1000
0.1000
0.1000
0.1000
0.1000
0.1000
0.1000
0.1000
0.1000
0.1000
0.1000
0.1000
0.1000
0.1000
0.1000
0.1000
0.1000
0.1000
0.1000
0.1000
0.1000
0.1000
0.1000
0.1000
0.1000
0.1000
0.1000
0.1000
0.1000
0.1000
0.1000
0.1000
0.1000
0.1000
0.1000
0.1000
0.1000
0.1000
0.1000
0.1000
0.1000
0.1000
0.1000
0.1000
0.1000
0.1000
0.1000
0.1000
0.1000
0.1000
0.1000
0.1000
0.1000
0.1000
0.1000
0.1000
0.1000
0.1000
0.1000
0.1000
0.1000
0.1000
0.1000
0.1000
0.1000
0.1000
0.1000
0.1000
0.1000
0.1000
0.1000
0.1000
0.1000
0.1000
0.1000
0.1000
0.1000
0.1000
0.1000
0.1000
0.1000
0.1000
0.1000
0.1000
0.1000
0.1000
0.1000
0.1000
0.1000
0.1000
0.1000
0.1000
0.1000
0.1000
0.1000
0.1000
0.1000
0.1000
0.1000
0.1000
0.1000
0.1000
0.1000
0.1000
0.1000
0.1000
0.1000
0.1000
0.1000
0.1000
0.1000
0.1000
0.1000
0.1000
0.1000
0.1000
0.1000
0.1000
0.1000
0.1000
0.1000
0.1000
0.1000
0.1000
0.1000
0.1000
0.1000
0.1000
0.1000
0.1000
0.1000
0.1000
0.1000
0.1000
0.1000
0.1000
0.1000
0.1000
0.1000
0.1000
0.1000
0.1000
0.1000
0.1000
0.1000
0.1000
0.1000
0.1000
0.1000
0.1000
0.1000
0.1000
0.1000
0.1000
0.1000
0.1000
0.1000
0.1000
0.1000
0.1000
0.1000
0.1000
0.1000
0.1000
0.1000
0.1000
0.1000
0.1000
0.1000
0.1000
0.1000
0.1000
0.1000
0.1000
0.1000
0.1000
0.1000
0.1000
0.1000
0.1000
0.1000
0.1000
0.1000
0.1000
0.1000
0.1000
0.1000
0.1000
0.1000
0.1000
0.1000
0.1000
0.1000
0.1000
0.1000
0.1000
0.1000
0.1000
0.1000
0.1000
0.1000
0.1000
0.1000
0.1000
0.1000
0.1000
0.1000
0.1000
0.1000
0.1000
0.1000
0.1000
0.1000
0.1000
0.1000
0.1000
0.1000
0.1000
0.1000
0.1000
0.1000
0.1000
0.1000
0.1000
0.1000
0.1000
0.1000
0.1000
0.1000
0.1000
0.1000
0.1000
0.1000
0.1000
0.1000
0.1000
0.1000
0.1000
0.1000
0.1000
0.1000
0.1000
0.1000
0.1000
0.1000
0.1000
0.1000
0.1000
0.1000
0.1000
0.1000
0.1000
0.1000
0.1000
0.1000
0.1000
0.1000
0.1000
0.1000
0.1000
0.1000
0.1000
0.1000
0.1000
0.1000
0.1000
0.1000
0.1000
0.1000
0.1000
0.1000
0.1000
0.1000
0.1000
0.1000
0.1000
0.1000
0.1000
0.1000
0.1000
0.1000
0.1000
0.1000
0.1000
0.1000
0.1000
0.1000
0.1000
0.1000
0.1000
0.1000
0.1000
0.1000
0.1000
0.1000
0.1000
0.1000
0.1000
0.1000
0.1000
0.1000
0.1000
0.1000
0.1000
0.1000
0.1000
0.1000
0.1000
0.1000
0.1000
0.1000
0.1000
0.1000
0.1000
0.1000
0.1000
0.1000
0.1000
0.1000
0.1000
0.1000
0.1000
0.1000
0.1000
0.1000
0.1000
0.1000
0.1000
0.1000
0.1000
0.1000
0.1000
0.1000
0.1000
0.1000
0.1000
0.1000
0.1000
0.1000
0.1000
0.1000
0.1000
0.1000
0.1000
0.1000
0.1000
0.1000
0.1000
0.1000
0.1000
0.1000
0.1000
0.1000
0.1000
0.1000
0.1000
0.1000
0.1000
0.1000
0.1000
0.1000
0.1000
0.1000
0.1000
0.1000
0.1000
0.1000
0.1000
0.1000
0.1000
0.1000
0.1000
0.1000
0.1000
0.1000
0.1000
0.1000
0.1000
0.1000
0.1000
0.1000
0.1000
0.1000
0.1000
0.1000
0.1000
0.1000
0.1000
0.1000
0.1000
0.1000
0.1000
0.1000
0.1000
0.1000
0.1000
0.1000
0.1000
0.1000
0.1000
0.1000
0.1000
0.1000
0.1000
0.1000
0.1000
0.1000
0.1000
0.1000
0.1000
0.1000
0.1000
0.1000
0.1000
0.1000
0.1000
0.1000
0.1000
0.1000
0.1000
0.1000
0.1000
0.1000
0.1000
0.1000
0.1000
0.1000
0.1000
0.1000
0.1000
0.1000
0.1000
0.1000
0.1000
0.1000
0.1000
0.1000
0.1000
0.1000
0.1000
0.1000
0.1000
0.1000
0.1000
0.1000
0.1000
0.1000
0.1000
0.1000
0.1000
0.1000
0.1000
0.1000
0.1000
0.1000
0.1000
0.1000
0.1000
0.1000
0.1000
0.1000
0.1000
0.1000
0.1000
0.1000
0.1000
0.1000
0.1000
0.1000
0.1000
0.1000
0.1000
0.1000
0.1000
0.1000
0.1000
0.1000
0.1000
0.1000
0.1000
0.1000
0.1000
0.1000
0.1000
0.1000
0.1000
0.1000
0.1000
0.1000
0.1000
0.1000
0.1000
0.1000
0.1000
0.1000
0.1000
0.1000
0.1000
0.1000
0.1000
0.1000
0.1000
0.1000
0.1000
0.1000
0.1000
0.1000
0.1000
0.1000
0.1000
0.1000
0.1000
0.1000
0.1000
0.1000
0.1000
0.1000
0.1000
0.1000
0.1000
0.1000
0.1000
0.1000
0.1000
0.1000
0.1000
0.1000
0.1000
0.1000
0.1000
0.1000
0.1000
0.1000
0.1000
0.1000
0.1000
0.1000
0.1000
0.1000
0.1000
0.1000
0.1000
0.1000
0.1000
0.1000
0.1000
0.1000
0.1000
0.1000
0.1000
0.1000
0.1000
0.1000
0.1000
0.1000
0.1000
0.1000
0.1000
0.1000
0.1000
0.1000
0.1000
0.1000
0.1000
0.1000
0.1000
0.1000
0.1000
0.1000
0.1000
0.1000
0.1000
0.1000
0.1000
0.1000
0.1000
0.1000
0.1000
0.1000
0.1000
0.1000
0.1000
0.1000
0.1000
0.1000
0.1000
0.1000
0.1000
0.1000
0.1000
0.1000
0.1000
0.1000
0.1000
0.1000
0.1000
0.1000
0.1000
0.1000
0.1000
0.1000
0.1000
0.1000
0.1000
0.1000
0.1000
0.1000
0.1000
0.1000
0.1000
0.1000
0.1000
0.1000
0.1000
0.1000
0.1000
0.1000
0.1000
0.1000
0.1000
0.1000
0.1000
0.1000
0.1000
0.1000
0.1000
0.1000
0.1000
0.1000
0.1000
0.1000
0.1000
0.1000
0.1000
0.1000
0.1000
0.1000
0.1000
0.1000
0.1000
0.1000
0.1000
0.1000
0.1000
0.1000
0.1000
0.1000
0.1000
0.1000
0.1000
0.1000
0.1000
0.1000
0.1000
0.1000
0.1000
0.1000
0.1000
0.1000
0.1000
0.1000
0.1000
0.1000
0.1000
0.1000
0.1000
0.1000
0.1000
0.1000
0.1000
0.1000
0.1000
0.1000
0.1000
0.1000
0.1000
0.1000
0.1000
0.1000
0.1000
0.1000
0.1000
0.1000
0.1000
0.1000
0.1000
0.1000
0.1000
0.1000
0.1000
0.1000
0.1000
0.1000
0.1000
0.1000
0.1000
0.1000
0.1000
0.1000
0.1000
0.1000
0.1000
0.1000
0.1000
0.1000
0.1000
0.1000
0.1000
0.1000
0.1000
0.1000
0.1000
0.1000
0.1000
0.1000
0.1000
0.1000
0.1000
0.1000
0.1000
0.1000
0.1000
0.1000
0.1000
0.1000
0.1000
0.1000
0.1000
0.1000
0.1000
0.1000
0.1000
0.1000
0.1000
0.1000
0.1000
0.1000
0.1000
0.1000
0.1000
0.1000
0.1000
0.1000
0.1000
0.1000
0.1000
0.1000
0.1000
0.1000
0.1000
0.1000
0.1000
0.1000
0.1000
0.1000
0.1000
0.1000
0.1000
0.1000
0.1000
0.1000
0.1000
0.1000
0.1000
0.1000
0.1000
0.1000
0.1000
0.1000
0.1000
0.1000
0.1000
0.1000
0.1000
0.1000
0.1000
0.1000
0.1000
0.1000
0.1000
0.1000
0.1000
0.1000
0.1000
0.1000
0.1000
0.1000
0.1000
0.1000
0.1000
0.1000
0.1000
0.1000
0.1000
0.1000
0.1000
0.1000
0.1000
0.1000
0.1000
0.1000
0.1000
0.1000
0.1000
0.1000
0.1000
0.1000
0.1000
0.1000
0.1000
0.1000
0.1000
0.1000
0.1000
0.1000
0.1000
0.1000
0.1000
0.1000
0.1000
0.1000
0.1000
0.1000
0.1000
0.1000
0.1000
0.1000
0.1000
0.1000
0.1000
0.1000
0.1000
0.1000
0.1000
0.1000
0.1000
0.1000
0.1000
0.1000
0.1000
0.1000
0.1000
0.1000
0.1000
0.1000
0.1000
0.1000
0.1000
0.1000
0.1000
0.1000
0.1000
0.1000
0.1000
0.1000
0.1000
0.1000
0.1000
0.1000
0.1000
0.1000
0.1000
0.1000
0.1000
0.1000
0.1000
0.1000
0.1000
0.1000
0.1000
0.1000
0.1000
0.1000
0.1000
0.1000
0.1000
0.1000
0.1000
0.1000
0.1000
0.1000
0.1000
0.1000
0.1000
0.1000
0.1000
0.1000
0.1000
0.1000
0.1000
0.1000
0.1000
0.1000
0.1000
0.1000
0.1000
0.1000
0.1000
0.1000
0.1000
0.1000
0.1000
0.1000
0.1000
0.1000
0.1000
0.1000
0.1000
0.1000
0.1000
0.1000
0.1000
0.1000
0.1000
0.1000
0.1000
0.1000
0.1000
0.1000
0.1000
0.1000
0.1000
0.1000
0.1000
0.1000
0.1000
0.1000
0.1000
0.1000
0.1000
0.1000
0.1000
0.1000
0.1000
0.1000
0.1000
0.1000
0.1000
0.1000
0.1000
0.1000
0.1000
0.1000
0.1000
0.1000
0.1000
0.1000
0.1000
0.1000
0.1000
0.1000
0.1000
0.1000
0.1000
0.1000
0.1000
0.1000
0.1000
0.1000
0.1000
0.1000
0.1000
0.1000
0.1000
0.1000
0.1000
0.1000
0.1000
0.1000
0.1000
0.1000
0.1000
0.1000
0.1000
0.1000
0.1000
0.1000
0.1000
0.1000
0.1000
0.1000
0.1000
0.1000
0.1000
0.1000
0.1000
0.1000
0.1000
0.1000
0.1000
0.1000
0.1000
0.1000
0.1000
0.1000
0.1000
0.1000
0.1000
0.1000
0.1000
0.1000
0.1000
0.1000
0.1000
0.1000
0.1000
0.1000
0.1000
0.1000
0.1000
0.1000
0.1000
0.1000
0.1000
0.1000
0.1000
0.1000
0.1000
0.1000
0.1000
0.1000
0.1000
0.1000
0.1000
0.1000
0.1000
0.1000
0.1000
0.1000
0.1000
0.1000
0.1000
0.1000
0.1000
0.1000
0.1000
0.1000
0.1000
0.1000
0.1000
0.1000
0.1000
0.1000
0.1000
0.1000
0.1000
0.1000
0.1000
0.1000
0.1000
0.1000
0.1000
0.1000
0.1000
0.1000
0.1000
0.1000
0.1000
0.1000
0.1000
0.1000
0.1000
0.1000
0.1000
0.1000
0.1000
0.1000
0.1000
0.1000
0.1000
0.1000
0.1000
0.1000
0.1000
0.1000
0.1000
0.1000
0.1000
0.1000
0.1000
0.1000
0.1000
0.1000
0.1000
0.1000
0.1000
0.1000
0.1000
0.1000
0.1000
0.1000
0.1000
0.1000
0.1000
0.1000
0.1000
0.1000
0.1000
0.1000
0.1000
0.1000
0.1000
0.1000
0.1000
0.1000
0.1000
0.1000
0.1000
0.1000
0.1000
0.1000
0.1000
0.1000
0.1000
0.1000
0.1000
0.1000
0.1000
0.1000
0.1000
0.1000
0.1000
0.1000
0.1000
0.1000
0.1000
0.1000
0.1000
0.1000
0.1000
0.1000
0.1000
0.1000
0.1000
0.1000
0.1000
0.1000
0.1000
0.1000
0.1000
0.1000
0.1000
0.1000
0.1000
0.1000
0.1000
0.1000
0.1000
0.1000
0.1000
0.1000
0.1000
0.1000
0.1000
0.1000
0.1000
0.1000
0.1000
0.1000
0.1000
0.1000
0.1000
0.1000
0.1000
0.1000
0.1000
0.1000
0.1000
0.1000
0.1000
0.1000
0.1000
0.1000
0.1000
0.1000
0.1000
0.1000
0.1000
0.1000
0.1000
0.1000
0.1000
0.1000
0.1000
0.1000
0.1000
0.1000
0.1000
0.1000
0.1000
0.1000
0.1000
0.1000
0.1000
0.1000
0.1000
0.1000
0.1000
0.1000
0.1000
0.1000
0.1000
0.1000
0.1000
0.1000
0.1000
0.1000
0.1000
0.1000
0.1000
0.1000
0.1000
0.1000
0.1000
0.1000
0.1000
0.1000
0.1000
0.1000
0.1000
0.1000
0.1000
0.1000
0.1000
0.1000
0.1000
0.1000
0.1000
0.1000
0.1000
0.1000
0.1000
0.1000
0.1000
0.1000
0.1000
0.1000
0.1000
0.1000
0.1000
0.1000
0.1000
0.1000
0.1000
0.1000
0.1000
0.1000
0.1000
0.1000
0.1000
0.1000
0.1000
0.1000
0.1000
0.1000
0.1000
0.1000
0.1000
0.1000
0.1000
0.1000
0.1000
0.1000
0.1000
0.1000
0.1000
0.1000
0.1000
0.1000
0.1000
0.1000
0.1000
0.1000
0.1000
0.1000
0.1000
0.1000
0.1000
0.1000
0.1000
0.1000
0.1000
0.1000
0.1000
0.1000
0.1000
0.1000
0.1000
0.1000
0.1000
0.1000
0.1000
0.1000
0.1000
0.1000
0.1000
0.1000
0.1000
0.1000
0.1000
0.1000
0.1000
0.1000
0.1000
0.1000
0.1000
0.1000
0.3074
0.5137
0.6654
0.7604
0.7974
0.7757
0.6958
0.5588
0.3666
0.1218
0.1000
0.1000
0.1000
0.1000
0.1000
0.1000
0.1000
0.1000
0.1000
0.1000
0.1000
0.1000
0.1000
0.1000
0.1000
0.1000
0.1000
0.1000
0.1000
0.1000
0.1000
0.1000
0.1000
0.1000
0.1000
0.1000
0.1000
0.1000
0.1000
0.1000
0.1000
0.1000
0.1000
0.1000
0.1000
0.1000
0.1000
0.1000
0.4282
0.7529
1.0267
1.2461
1.4077
1.5091
1.5486
1.5255
1.4402
1.2942
1.0897
0.8297
0.5180
0.1583
0.1000
0.1000
0.1000
0.1000
0.1000
0.1000
0.1000
0.1000
0.1000
0.1000
0.1000
0.1000
0.1000
0.1000
0.1000
0.1000
0.1000
0.1000
0.1000
0.1000
0.1000
0.1000
0.1000
0.1000
0.1000
0.1000
0.1000
0.1000
0.1000
0.1000
0.1000
0.1000
0.1000
0.1000
0.2662
0.7023
1.0947
1.4389
1.7300
1.9640
2.1367
2.2453
2.2876
2.2628
2.1715
2.0153
1.7971
1.5205
1.1898
0.8096
0.3845
0.1000
0.1000
0.1000
0.1000
0.1000
0.1000
0.1000
0.1000
0.1000
0.1000
0.1000
0.1000
0.1000
0.1000
0.1000
0.1000
0.1000
0.1000
0.1000
0.1000
0.1000
0.1000
0.1000
0.1000
0.1000
0.1000
0.1000
0.1000
0.1000
0.1000
0.1000
0.1000
0.3656
0.8643
1.3236
1.7385
2.1038
2.4140
2.6641
2.8493
2.9659
3.0114
2.9847
2.8866
2.7191
2.4856
2.1907
1.8393
1.4369
0.9887
0.4999
0.1000
0.1000
0.1000
0.1000
0.1000
0.1000
0.1000
0.1000
0.1000
0.1000
0.1000
0.1000
0.1000
0.1000
0.1000
0.1000
0.1000
0.1000
0.1000
0.1000
0.1000
0.1000
0.1000
0.1000
0.1000
0.1000
0.1000
0.1000
0.1000
0.1000
0.3523
0.9095
1.4325
1.9163
2.3553
2.7434
3.0745
3.3424
3.5415
3.6672
3.7163
3.6876
3.5817
3.4015
3.1511
2.8360
2.4622
2.0359
1.5634
1.0501
0.5014
0.1000
0.1000
0.1000
0.1000
0.1000
0.1000
0.1000
0.1000
0.1000
0.1000
0.1000
0.1000
0.1000
0.1000
0.1000
0.1000
0.1000
0.1000
0.1000
0.1000
0.1000
0.1000
0.1000
0.1000
0.1000
0.1000
0.1000
0.1000
0.2265
0.8365
1.4179
1.9660
2.4753
2.9397
3.3524
3.7062
3.9939
4.2084
4.3443
4.3974
4.3663
4.2519
4.0574
3.7883
3.4512
3.0532
2.6016
2.1035
1.5650
0.9919
0.3890
0.1000
0.1000
0.1000
0.1000
0.1000
0.1000
0.1000
0.1000
0.1000
0.1000
0.1000
0.1000
0.1000
0.1000
0.1000
0.1000
0.1000
0.1000
0.1000
0.1000
0.1000
0.1000
0.1000
0.1000
0.1000
0.1000
0.1000
0.6476
1.2803
1.8858
2.4592
2.9947
3.4856
3.9243
4.3026
4.6117
4.8435
4.9907
5.0484
5.0146
4.8905
4.6803
4.3907
4.0297
3.6060
3.1280
2.6035
2.0394
1.4418
0.8158
0.1657
0.1000
0.1000
0.1000
0.1000
0.1000
0.1000
0.1000
0.1000
0.1000
0.1000
0.1000
0.1000
0.1000
0.1000
0.1000
0.1000
0.1000
0.1000
0.1000
0.1000
0.1000
0.1000
0.1000
0.1000
0.1000
0.1000
1.0240
1.6786
2.3076
2.9059
3.4677
3.9856
4.4513
4.8554
5.1876
5.4380
5.5978
5.6606
5.6238
5.4890
5.2616
4.9498
4.5636
4.1131
3.6080
3.0570
2.4676
1.8462
1.1979
0.5271
0.1000
0.1000
0.1000
0.1000
0.1000
0.1000
0.1000
0.1000
0.1000
0.1000
0.1000
0.1000
0.1000
0.1000
0.1000
0.1000
0.1000
0.1000
0.1000
0.1000
0.1000
0.1000
0.1000
0.1000
0.1000
0.1000
1.3515
2.0263
2.6774
3.2996
3.8868
4.4313
4.9241
5.3546
5.7110
5.9812
6.1545
6.2228
6.1828
6.0364
5.7906
5.4557
5.0435
4.5659
4.0340
3.4572
2.8435
2.1995
1.5305
0.8407
0.1336
0.1000
0.1000
0.1000
0.1000
0.1000
0.1000
0.1000
0.1000
0.1000
0.1000
0.1000
0.1000
0.1000
0.1000
0.1000
0.1000
0.1000
0.1000
0.1000
0.1000
0.1000
0.1000
0.1000
0.1000
0.1000
1.6254
2.3183
2.9892
3.6331
4.2437
4.8133
5.3321
5.7884
6.1689
6.4593
6.6466
6.7206
6.6772
6.5189
6.2543
5.8960
5.4583
4.9547
4.3974
3.7967
3.1608
2.4965
1.8090
1.1024
0.3801
0.1000
0.1000
0.1000
0.1000
0.1000
0.1000
0.1000
0.1000
0.1000
0.1000
0.1000
0.1000
0.1000
0.1000
0.1000
0.1000
0.1000
0.1000
0.1000
0.1000
0.1000
0.1000
0.1000
0.1000
0.1000
1.8419
2.5497
3.2372
3.8995
4.5303
5.1218
5.6637
6.1435
6.5463
6.8560
7.0567
7.1363
7.0896
6.9197
6.6372
6.2572
5.7960
5.2691
4.6896
4.0682
3.4135
2.7321
2.0292
1.3088
0.5741
0.1000
0.1000
0.1000
0.1000
0.1000
0.1000
0.1000
0.1000
0.1000
0.1000
0.1000
0.1000
0.1000
0.1000
0.1000
0.1000
0.1000
0.1000
0.1000
0.1000
0.1000
0.1000
0.1000
0.1000
0.1000
1.9972
2.7162
3.4162
4.0925
4.7388
5.3473
5.9075
6.4063
6.8276
7.1532
7.3654
7.4498
7.4003
7.2205
6.9230
6.5249
6.0448
5.4994
4.9024
4.2651
3.5960
2.9017
2.1873
1.4567
0.7128
0.1000
0.1000
0.1000
0.1000
0.1000
0.1000
0.1000
0.1000
0.1000
0.1000
0.1000
0.1000
0.1000
0.1000
0.1000
0.1000
0.1000
0.1000
0.1000
0.1000
0.1000
0.1000
0.1000
0.1000
0.1000
2.0888
2.8145
3.5221
4.2069
4.8629
5.4820
6.0538
6.5647
6.9979
7.3342
7.5540
7.6416
7.5902
7.4038
7.0963
6.6865
6.1943
5.6370
5.0292
4.3820
3.7041
3.0020
2.2806
1.5438
0.7944
0.1000
0.1000
0.1000
0.1000
0.1000
0.1000
0.1000
0.1000
0.1000
0.1000
0.1000
0.1000
0.1000
0.1000
0.1000
0.1000
0.1000
0.1000
0.1000
0.1000
0.1000
0.1000
0.1000
0.1000
0.1000
2.1149
2.8426
3.5523
4.2396
4.8984
5.5207
6.0959
6.6103
7.0472
7.3866
7.6087
7.6973
7.6453
7.4570
7.1464
6.7331
6.2372
5.6765
5.0655
4.4154
3.7349
3.0305
2.3072
1.5686
0.8176
0.1000
0.1000
0.1000
0.1000
0.1000
0.1000
0.1000
0.1000
0.1000
0.1000
0.1000
0.1000
0.1000
0.1000
0.1000
0.1000
0.1000
0.1000
0.1000
0.1000
0.1000
0.1000
0.1000
0.1000
0.1000
2.0750
2.7997
3.5062
4.1897
4.8442
5.4617
6.0317
6.5407
6.9721
7.3067
7.5252
7.6124
7.5613
7.3759
7.0700
6.6620
6.1716
5.6162
5.0100
4.3643
3.6878
2.9869
2.2666
1.5307
0.7821
0.1000
0.1000
0.1000
0.1000
0.1000
0.1000
0.1000
0.1000
0.1000
0.1000
0.1000
0.1000
0.1000
0.1000
0.1000
0.1000
0.1000
0.1000
0.1000
0.1000
0.1000
0.1000
0.1000
0.1000
0.1000
1.9699
2.6869
3.3847
4.0584
4.7020
5.3074
5.8643
6.3596
6.7775
7.1002
7.3102
7.3937
7.3447
7.1668
6.8720
6.4773
6.0007
5.4586
4.8648
4.2304
3.5639
2.8719
2.1596
1.4307
0.6885
0.1000
0.1000
0.1000
0.1000
0.1000
0.1000
0.1000
0.1000
0.1000
0.1000
0.1000
0.1000
0.1000
0.1000
0.1000
0.1000
0.1000
0.1000
0.1000
0.1000
0.1000
0.1000
0.1000
0.1000
0.1000
1.8016
2.5066
3.1909
3.8496
4.4766
5.0638
5.6012
6.0764
6.4748
6.7806
6.9786
7.0571
7.0111
6.8435
6.5646
6.1889
5.7324
5.2100
4.6348
4.0174
3.3663
2.6881
1.9882
1.2704
0.5380
0.1000
0.1000
0.1000
0.1000
0.1000
0.1000
0.1000
0.1000
0.1000
0.1000
0.1000
0.1000
0.1000
0.1000
0.1000
0.1000
0.1000
0.1000
0.1000
0.1000
0.1000
0.1000
0.1000
0.1000
0.1000
1.5728
2.2621
2.9291
3.5687
4.1746
4.7392
5.2527
5.7037
6.0792
6.3655
6.5498
6.6227
6.5800
6.4242
6.1635
5.8100
5.3775
4.8792
4.3270
3.7311
3.0996
2.4393
1.7554
1.0521
0.3328
0.1000
0.1000
0.1000
0.1000
0.1000
0.1000
0.1000
0.1000
0.1000
0.1000
0.1000
0.1000
0.1000
0.1000
0.1000
0.1000
0.1000
0.1000
0.1000
0.1000
0.1000
0.1000
0.1000
0.1000
0.1000
1.2873
1.9580
2.6046
3.2220
3.8040
4.3430
4.8302
5.2552
5.6065
5.8725
6.0429
6.1100
6.0707
5.9268
5.6849
5.3549
4.9481
4.4762
3.9498
3.3783
2.7695
2.1301
1.4652
0.7792
0.1000
0.1000
0.1000
0.1000
0.1000
0.1000
0.1000
0.1000
0.1000
0.1000
0.1000
0.1000
0.1000
0.1000
0.1000
0.1000
0.1000
0.1000
0.1000
0.1000
0.1000
0.1000
0.1000
0.1000
0.1000
0.1000
0.9492
1.5993
2.2235
2.8167
3.3730
3.8852
4.3453
4.7438
5.0711
5.3175
5.4746
5.5363
5.5001
5.3676
5.1439
4.8369
4.4561
4.0113
3.5118
2.9663
2.3822
1.7656
1.1219
0.4553
0.1000
0.1000
0.1000
0.1000
0.1000
0.1000
0.1000
0.1000
0.1000
0.1000
0.1000
0.1000
0.1000
0.1000
0.1000
0.1000
0.1000
0.1000
0.1000
0.1000
0.1000
0.1000
0.1000
0.1000
0.1000
0.1000
0.5630
1.1911
1.7915
2.3596
2.8896
3.3750
3.8082
4.1812
4.4857
4.7137
4.8584
4.9151
4.8819
4.7599
4.5531
4.2680
3.9121
3.4939
3.0215
2.5025
1.9438
1.3513
0.7301
0.1000
0.1000
0.1000
0.1000
0.1000
0.1000
0.1000
0.1000
0.1000
0.1000
0.1000
0.1000
0.1000
0.1000
0.1000
0.1000
0.1000
0.1000
0.1000
0.1000
0.1000
0.1000
0.1000
0.1000
0.1000
0.1000
0.1000
0.1333
0.7384
1.3148
1.8575
2.3614
2.8204
3.2279
3.5768
3.8601
4.0714
4.2050
4.2572
4.2267
4.1141
3.9227
3.6577
3.3253
2.9325
2.4864
1.9936
1.4605
0.8925
0.2945
0.1000
0.1000
0.1000
0.1000
0.1000
0.1000
0.1000
0.1000
0.1000
0.1000
0.1000
0.1000
0.1000
0.1000
0.1000
0.1000
0.1000
0.1000
0.1000
0.1000
0.1000
0.1000
0.1000
0.1000
0.1000
0.1000
0.1000
0.1000
0.2463
0.7985
1.3164
1.7949
2.2288
2.6120
2.9386
3.2026
3.3987
3.5223
3.5706
3.5424
3.4382
3.2608
3.0141
2.7033
2.3344
1.9132
1.4459
0.9378
0.3942
0.1000
0.1000
0.1000
0.1000
0.1000
0.1000
0.1000
0.1000
0.1000
0.1000
0.1000
0.1000
0.1000
0.1000
0.1000
0.1000
0.1000
0.1000
0.1000
0.1000
0.1000
0.1000
0.1000
0.1000
0.1000
0.1000
0.1000
0.1000
0.1000
0.1000
0.2478
0.7415
1.1959
1.6060
1.9667
2.2728
2.5193
2.7018
2.8166
2.8614
2.8352
2.7386
2.5735
2.3434
2.0524
1.7055
1.3079
0.8647
0.3808
0.1000
0.1000
0.1000
0.1000
0.1000
0.1000
0.1000
0.1000
0.1000
0.1000
0.1000
0.1000
0.1000
0.1000
0.1000
0.1000
0.1000
0.1000
0.1000
0.1000
0.1000
0.1000
0.1000
0.1000
0.1000
0.1000
0.1000
0.1000
0.1000
0.1000
0.1000
0.1000
0.1000
0.1000
0.1000
0.1000
0.1000
0.1000
0.1000
0.1000
0.1000
0.1000
0.1000
0.1000
0.1000
0.1000
0.1000
0.1000
0.1000
0.1000
0.1000
0.1000
0.1000
0.1000
0.1000
0.1000
0.1000
0.1000
0.1000
0.1000
0.1000
0.1000
0.1000
0.1000
0.1000
0.1000
0.1000
0.1000
0.1000
0.1000
0.1000
0.1000
0.1000
0.1000
0.1000
0.1000
0.1000
0.1000
0.1000
0.1000
0.1000
0.1000
0.1000
0.1000
0.1000
0.1000
0.1000
0.1000
0.1000
0.1000
0.1000
0.1000
0.1000
0.1000
0.1000
0.1000
0.1000
0.1000
0.1000
0.1000
0.1000
0.1000
0.1000
0.1000
0.1000
0.1000
0.1000
0.1000
0.1000
0.1000
0.1000
0.1000
0.1000
0.1000
0.1000
0.1000
0.1000
0.1000
0.1000
0.1000
0.1000
0.1000
0.1000
0.1000
0.1000
0.1000
0.1000
0.1000
0.1000
0.1000
0.1000
0.1000
0.1000
0.1000
0.1000
0.1000
0.1000
0.1000
0.1000
0.1000
0.1000
0.1000
0.1000
0.1000
0.1000
0.1000
0.1000
0.1000
0.1000
0.1000
0.1000
0.1000
0.1000
0.1000
0.1000
0.1000
0.1000
0.1000
0.1000
0.1000
0.1000
0.1000
0.1000
0.1000
0.1000
0.1000
0.1000
0.1000
0.1000
0.1000
0.1000
0.1000
0.1000
0.1000
0.1000
0.1000
0.1000
0.1000
0.1000
0.1000
0.1000
0.1000
0.1000
0.1000
0.1000
0.1000
0.1000
0.1000
0.1000
0.1000
0.1000
0.1000
0.1000
0.1000
0.1000
0.1000
0.1000
0.1000
0.1000
0.1000
0.1000
0.1000
0.1000
0.1000
0.1000
0.1000
0.1000
0.1000
0.1000
0.1000
0.1000
0.1000
0.1000
0.1000
0.1000
0.1000
0.1000
0.1000
0.1000
0.1000
0.1000
0.1000
0.1000
0.1000
0.1000
0.1000
0.1000
0.1000
0.1000
0.1000
0.1000
0.1000
0.1000
0.1000
0.1000
0.1000
0.1000
0.1000
0.1000
0.1000
0.1000
0.1000
0.1000
0.1000
0.1000
0.1000
0.1000
0.1000
0.1000
0.1000
0.1000
0.1000
0.1000
0.1000
0.1000
0.1000
0.1000
0.1000
0.1000
0.1000
0.1000
0.1000
0.1000
0.1000
0.1000
0.1000
0.1000
0.1000
0.1000
0.1000
0.1000
0.1000
0.1000
0.1000
0.1000
0.1000
0.1000
0.1000
0.1000
0.1000
0.1000
0.1000
0.1000
0.1000
0.1000
0.1000
0.1000
0.1000
0.1000
0.1000
0.1000
0.1000
0.1000
0.1000
0.1000
0.1000
0.1000
0.1000
0.1000
0.1000
0.1000
0.1000
0.1000
0.1000
0.1000
0.1000
0.1000
0.1000
0.1000
0.1000
0.1000
0.1000
0.1000
0.1000
0.1000
0.1000
0.1000
0.1000
0.1000
0.1000
0.1000
0.1000
0.1000
0.1000
0.1000
0.1000
0.1000
0.1000
0.1000
0.1000
0.1000
0.1000
0.1000
0.1000
0.1000
0.1000
0.1000
0.1000
0.1000
0.1000
0.1000
0.1000
0.1000
0.1000
0.1000
0.1000
0.1000
0.1000
0.1000
0.1000
0.1000
0.1000
0.1000
0.1000
0.1000
0.1000
0.1000
0.1000
0.1000
0.1000
0.1000
0.1000
0.1000
0.1000
0.1000
0.1000
0.1000
0.1000
0.1000
0.1000
0.1000
0.1000
0.1000
0.1000
0.1000
0.1000
0.1000
0.1000
0.1000
0.1000
0.1000
0.1000
0.1000
0.1000
0.1000
0.1000
0.1000
0.1000
0.1000
0.1000
0.1000
0.1000
0.1000
0.1000
0.1000
0.1000
0.1000
0.1000
0.1000
0.1000
0.1000
0.1000
0.1000
0.1000
0.1000
0.1000
0.1000
0.1000
0.1000
0.1000
0.1000
0.1000
0.1000
0.1000
0.1000
0.1000
0.1000
0.1000
0.1000
0.1000
0.1000
0.1000
0.1000
0.1000
0.1000
0.1000
0.1000
0.1000
0.1000
0.1000
0.1000
0.1000
0.1000
0.1000
0.1000
0.1000
0.1000
0.1000
0.1000
0.1000
0.1000
0.1000
0.1000
0.1000
0.1000
0.1000
0.1000
0.1000
0.1000
0.1000
0.1000
0.1000
0.1000
0.1000
0.1000
0.1000
0.1000
0.1000
0.1000
0.1000
0.1000
0.1000
0.1000
0.1000
0.1000
0.1000
0.1000
0.1000
0.1000
0.1000
0.1000
0.1000
0.1000
0.1000
0.1000
0.1000
0.1000
0.1000
0.1000
0.1000
0.1000
0.1000
0.1000
0.1000
0.1000
0.1000
0.1000
0.1000
0.1000
0.1000
0.1000
0.1000
0.1000
0.1000
0.1000
0.1000
0.1000
0.1000
0.1000
0.1000
0.1000
0.1000
0.1000
0.1000
0.1000
0.1000
0.1000
0.1000
0.1000
0.1000
0.1000
0.1000
0.1000
0.1000
0.1000
0.1000
0.1000
0.1000
0.1000
0.1000
0.1000
0.1000
0.1000
0.1000
0.1000
0.1000
0.1000
0.1000
0.1000
0.1000
0.1000
0.1000
0.1000
0.1000
0.1000
0.1000
0.1000
0.1000
0.1000
0.1000
0.1000
0.1000
0.1000
0.1000
0.1000
0.1000
0.1000
0.1000
0.1000
0.1000
0.1000
0.1000
0.1000
0.1000
0.1000
0.1000
0.1000
0.1000
0.1000
0.1000
0.1000
0.1000
0.1000
0.1000
0.1000
0.1000
0.1000
0.1000
0.1000
0.1000
0.1000
0.1000
0.1000
0.1000
0.1000
0.1000
0.1000
0.1000
0.1000
0.1000
0.1000
0.1000
0.1000
0.1000
0.1000
0.1000
0.1000
0.1000
0.1000
0.1000
0.1000
0.1000
0.1000
0.1000
0.1000
0.1000
0.1000
0.1000
0.1000
0.1000
0.1000
0.1000
0.1000
0.1000
0.1000
0.1000
0.1000
0.1000
0.1000
0.1000
0.1000
0.1000
0.1000
0.1000
0.1000
0.1000
0.1000
0.1000
0.1000
0.1000
0.1000
0.1000
0.1000
0.1000
0.1000
0.1000
0.1000
0.1000
0.1000
0.1000
0.1000
0.1000
0.1000
0.1000
0.1000
0.1000
0.1000
0.1000
0.1000
0.1000
0.1000
0.1000
0.1000
0.1000
0.1000
0.1000
0.1000
0.1000
0.1000
0.1000
0.1000
0.1000
0.1000
0.1000
0.1000
0.1000
0.1000
0.1000
0.1000
0.1000
0.1000
0.1000
0.1000
0.1000
0.1000
0.1000
0.1000
0.1000
0.1000
0.1000
0.1000
0.1000
0.1000
0.1000
0.1000
0.1000
0.1000
0.1000
0.1000
0.1000
0.1000
0.1000
0.1000
0.1000
0.1000
0.1000
0.1000
0.1000
0.1000
0.1000
0.1000
0.1000
0.1000
0.1000
0.1000
0.1000
0.1000
0.1000
0.1000
0.1000
0.1000
0.1000
0.1000
0.1000
0.1000
0.1000
0.1000
0.1000
0.1000
0.1000
0.1000
0.1000
0.1000
0.1000
0.1000
0.1000
0.1000
0.1000
0.1000
0.1000
0.1000
0.1000
0.1000
0.1000
0.1000
0.1000
0.1000
0.1000
0.1000
0.1000
0.1000
0.1000
0.1000
0.1000
0.1000
0.1000
0.1000
0.1000
0.1000
0.1000
0.1000
0.1000
0.1000
0.1000
0.1000
0.1000
0.1000
0.1000
0.1000
0.1000
0.1000
0.1000
0.1000
0.1000
0.1000
0.1000
0.1000
0.1000
0.1000
0.1000
0.1000
0.1000
0.1000
0.1000
0.1000
0.1000
0.1000
0.1000
0.1000
0.1000
0.1000
0.1000
0.1000
0.1000
0.1000
0.1000
0.1000
0.1000
0.1000
0.1000
0.1000
0.1000
0.1000
0.1000
0.1000
0.1000
0.1000
0.1000
0.1000
0.1000
0.1000
0.1000
0.1000
0.1000
0.1000
0.1000
0.1000
0.1000
0.1000
0.1000
0.1000
0.1000
0.1000
0.1000
0.1000
0.1000
0.1000
0.1000
0.1000
0.1000
0.1000
0.1000
0.1000
0.1000
0.1000
0.1000
0.1000
0.1000
0.1000
0.1000
0.1000
0.1000
0.1000
0.1000
0.1000
0.1000
0.1000
0.1000
0.1000
0.1000
0.1000
0.1000
0.1000
0.1000
0.1000
0.1000
0.1000
0.1000
0.1000
0.1000
0.1000
0.1000
0.1000
0.1000
0.1000
0.1000
0.1000
0.1000
0.1000
0.1000
0.1000
0.1000
0.1000
0.1000
0.1000
0.1000
0.1000
0.1000
0.1000
0.1000
0.1000
0.1000
0.1000
0.1000
0.1000
0.1000
0.1000
0.1000
0.1000
0.1000
0.1000
0.1000
0.1000
0.1000
0.1000
0.1000
0.1000
0.1000
0.1000
0.1000
0.1000
0.1000
0.1000
0.1000
0.1000
0.1000
0.1000
0.1000
0.1000
0.1000
0.1000
0.1000
0.1000
0.1000
0.1000
0.1000
0.1000
0.1000
0.1000
0.1000
0.1000
0.1000
0.1000
0.1000
0.1000
0.1000
0.1000
0.1000
0.1000
0.1000
0.1000
0.1000
0.1000
0.1000
0.1000
0.1000
0.1000
0.1000
0.1000
0.1000
0.1000
0.1000
0.1000
0.1000
0.1000
0.1000
0.1000
0.1000
0.1000
0.1000
0.1000
0.1000
0.1000
0.1000
0.1000
0.1000
0.1000
0.1000
0.1000
0.1000
0.1000
0.1000
0.1000
0.1000
0.1000
0.1000
0.1000
0.1000
0.1000
0.1000
0.1000
0.1000
0.1000
0.1000
0.1000
0.1000
0.1000
0.1000
0.1000
0.1000
0.1000
0.1000
0.1000
0.1000
0.1000
0.1000
0.1000
0.1000
0.1000
0.1000
0.1000
0.1000
0.1000
0.1000
0.1000
0.1000
0.1000
0.1000
0.1000
0.1000
0.1000
0.1000
0.1000
0.1000
0.1000
0.1000
0.1000
0.1000
0.1000
0.1000
0.1000
0.1000
0.1000
0.1000
0.1000
0.1000
0.1000
0.1000
0.1000
0.1000
0.1000
0.1000
0.1000
0.1000
0.1000
0.1000
0.1000
0.1000
0.1000
0.1000
0.1000
0.1000
0.1000
0.1000
0.1000
0.1000
0.1000
0.1000
0.1000
0.1000
0.1000
0.1000
0.1000
0.1000
0.1000
0.1000
0.1000
0.1000
0.1000
0.1000
0.1000
0.1000
0.1000
0.1000
0.1000
0.1000
0.1000
0.1000
0.1000
0.1000
0.1000
0.1000
0.1000
0.1000
0.1000
0.1000
0.1000
0.1000
0.1000
0.1000
0.1000
0.1000
0.1000
0.1000
0.1000
0.1000
0.1000
0.1000
0.1000
0.1000
0.1000
0.1000
0.1000
0.1000
0.1000
0.1000
0.1000
0.1000
0.1000
0.1000
0.1000
0.1000
0.1000
0.1000
0.1000
0.1000
0.1000
0.1000
0.1000
0.1000
0.1000
0.1000
0.1000
0.1000
0.1000
0.1000
0.1000
0.1000
0.1000
0.1000
0.1000
0.1000
0.1000
0.1000
0.1000
0.1000
0.1000
0.1000
0.1000
0.1000
0.1000
0.1000
0.1000
0.1000
0.1000
0.1000
0.1000
0.1000
0.1000
0.1000
0.1000
0.1000
0.1000
0.1000
0.1000
0.1000
0.1000
0.1000
0.1000
0.1000
0.1000
0.1000
0.1000
0.1000
0.1000
0.1000
0.1000
0.1000
0.1000
0.1000
0.1000
0.1000
0.1000
0.1000
0.1000
0.1000
0.1000
0.1000
0.1000
0.1000
0.1000
0.1000
0.1000
0.1000
0.1000
0.1000
0.1000
0.1000
0.1000
0.1000
0.1000
0.1000
0.1000
0.1000
0.1000
0.1000
0.1000
0.1000
0.1000
0.1000
0.1000
0.1000
0.1000
0.1000
0.1000
0.1000
0.1000
0.1000
0.1000
0.1000
0.1000
0.1000
0.1000
0.1000
0.1000
0.1000
0.1000
0.1000
0.1000
0.1000
0.1000
0.1000
0.1000
0.1000
0.1000
0.1000
0.1000
0.1000
0.1000
0.1000
0.1000
0.1000
0.1000
0.1000
0.1000
0.1000
0.1000
0.1000
0.1000
0.1000
0.1000
0.1000
0.1000
0.1000
0.1000
0.1000
0.1000
0.1000
0.1000
0.1000
0.1000
0.1000
0.1000
0.1000
0.1000
0.1000
0.1000
0.1000
0.1000
0.1000
0.1000
0.1000
0.1000
0.1000
0.1000
0.1000
0.1000
0.1000
0.1000
0.1000
0.1000
0.1000
0.1000
0.1000
0.1000
0.1000
0.1000
0.1000
0.1000
0.1000
0.1000
0.1000
0.1000
0.1000
0.1000
0.1000
0.1000
0.1000
0.1000
0.1000
0.1000
0.1000
0.1000
0.1000
0.1000
0.1000
0.1000
0.1000
0.1000
0.1000
0.1000
0.1000
0.1000
0.1000
0.1000
0.1000
0.1000
0.1000
0.1000
0.1000
0.1000
0.1000
0.1000
0.1000
0.1000
0.1000
0.1000
0.1000
0.1000
0.1000
0.1000
0.1000
0.1000
0.1000
0.1000
0.1000
0.1000
0.1000
0.1000
0.1572
0.1924
0.1718
0.1000
0.1000
0.1000
0.1000
0.1000
0.1000
0.1000
0.1000
0.1000
0.1000
0.1000
0.1000
0.1000
0.1000
0.1000
0.1000
0.1000
0.1000
0.1000
0.1000
0.1000
0.1000
0.1000
0.1000
0.1000
0.1000
0.1000
0.1000
0.1000
0.1000
0.1000
0.1000
0.1000
0.1000
0.1000
0.1000
0.1000
0.1000
0.1000
0.1000
0.1000
0.1000
0.1000
0.2058
0.4673
0.6763
0.8301
0.9265
0.9640
0.9420
0.8610
0.7221
0.5273
0.2792
0.1000
0.1000
0.1000
0.1000
0.1000
0.1000
0.1000
0.1000
0.1000
0.1000
0.1000
0.1000
0.1000
0.1000
0.1000
0.1000
0.1000
0.1000
0.1000
0.1000
0.1000
0.1000
0.1000
0.1000
0.1000
0.1000
0.1000
0.1000
0.1000
0.1000
0.1000
0.1000
0.1000
0.1000
0.1000
0.1000
0.1000
0.2132
0.5896
0.9188
1.1967
1.4194
1.5836
1.6866
1.7268
1.7033
1.6166
1.4682
1.2606
0.9968
0.6807
0.3162
0.1000
0.1000
0.1000
0.1000
0.1000
0.1000
0.1000
0.1000
0.1000
0.1000
0.1000
0.1000
0.1000
0.1000
0.1000
0.1000
0.1000
0.1000
0.1000
0.1000
0.1000
0.1000
0.1000
0.1000
0.1000
0.1000
0.1000
0.1000
0.1000
0.1000
0.1000
0.1000
0.1000
0.1000
0.4255
0.8675
1.2657
1.6152
1.9112
2.1492
2.3251
2.4356
2.4787
2.4535
2.3605
2.2014
1.9794
1.6982
1.3623
0.9764
0.5453
0.1000
0.1000
0.1000
0.1000
0.1000
0.1000
0.1000
0.1000
0.1000
0.1000
0.1000
0.1000
0.1000
0.1000
0.1000
0.1000
0.1000
0.1000
0.1000
0.1000
0.1000
0.1000
0.1000
0.1000
0.1000
0.1000
0.1000
0.1000
0.1000
0.1000
0.1000
0.1000
0.5262
1.0319
1.4981
1.9199
2.2916
2.6076
2.8627
3.0517
3.1708
3.2173
3.1901
3.0898
2.9188
2.6806
2.3800
2.0224
1.6132
1.1581
0.6623
0.1307
0.1000
0.1000
0.1000
0.1000
0.1000
0.1000
0.1000
0.1000
0.1000
0.1000
0.1000
0.1000
0.1000
0.1000
0.1000
0.1000
0.1000
0.1000
0.1000
0.1000
0.1000
0.1000
0.1000
0.1000
0.1000
0.1000
0.1000
0.1000
0.1000
0.5127
1.0777
1.6088
2.1007
2.5477
2.9436
3.2819
3.5559
3.7599
3.8887
3.9390
3.9096
3.8011
3.6164
3.3602
3.0382
2.6567
2.2225
1.7417
1.2204
0.6639
0.1000
0.1000
0.1000
0.1000
0.1000
0.1000
0.1000
0.1000
0.1000
0.1000
0.1000
0.1000
0.1000
0.1000
0.1000
0.1000
0.1000
0.1000
0.1000
0.1000
0.1000
0.1000
0.1000
0.1000
0.1000
0.1000
0.1000
0.1000
0.3853
1.0037
1.5939
2.1512
2.6701
3.1441
3.5662
3.9287
4.2240
4.4447
4.5845
4.6393
4.6072
4.4894
4.2894
4.0130
3.6673
3.2601
2.7989
2.2912
1.7434
1.1613
0.5499
0.1000
0.1000
0.1000
0.1000
0.1000
0.1000
0.1000
0.1000
0.1000
0.1000
0.1000
0.1000
0.1000
0.1000
0.1000
0.1000
0.1000
0.1000
0.1000
0.1000
0.1000
0.1000
0.1000
0.1000
0.1000
0.1000
0.1000
0.8120
1.4541
2.0696
2.6536
3.2002
3.7025
4.1526
4.5416
4.8603
5.0997
5.2521
5.3119
5.2769
5.1484
4.9311
4.6323
4.2608
3.8259
3.3365
2.8008
2.2260
1.6182
0.9827
0.3237
0.1000
0.1000
0.1000
0.1000
0.1000
0.1000
0.1000
0.1000
0.1000
0.1000
0.1000
0.1000
0.1000
0.1000
0.1000
0.1000
0.1000
0.1000
0.1000
0.1000
0.1000
0.1000
0.1000
0.1000
0.1000
0.1000
1.1940
1.8589
2.4991
3.1096
3.6842
4.2155
4.6948
5.1121
5.4563
5.7165
5.8829
5.9484
5.9100
5.7696
5.5331
5.2098
4.8107
4.3466
3.8280
3.2640
2.6623
2.0293
1.3704
0.6899
0.1000
0.1000
0.1000
0.1000
0.1000
0.1000
0.1000
0.1000
0.1000
0.1000
0.1000
0.1000
0.1000
0.1000
0.1000
0.1000
0.1000
0.1000
0.1000
0.1000
0.1000
0.1000
0.1000
0.1000
0.1000
0.1000
1.5264
2.2127
2.8762
3.5121
4.1140
4.6742
5.1832
5.6297
6.0010
6.2837
6.4656
6.5374
6.4953
6.3416
6.0842
5.7349
5.3068
4.8130
4.2653
3.6735
3.0458
2.3890
1.7083
1.0079
0.2911
0.1000
0.1000
0.1000
0.1000
0.1000
0.1000
0.1000
0.1000
0.1000
0.1000
0.1000
0.1000
0.1000
0.1000
0.1000
0.1000
0.1000
0.1000
0.1000
0.1000
0.1000
0.1000
0.1000
0.1000
0.1000
1.8048
2.5101
3.1947
3.8537
4.4810
5.0685
5.6063
6.0819
6.4807
6.7868
6.9850
7.0635
7.0175
6.8497
6.5705
6.1945
5.7375
5.2148
4.6392
4.0215
3.3701
2.6917
1.9915
1.2735
0.5410
0.1000
0.1000
0.1000
0.1000
0.1000
0.1000
0.1000
0.1000
0.1000
0.1000
0.1000
0.1000
0.1000
0.1000
0.1000
0.1000
0.1000
0.1000
0.1000
0.1000
0.1000
0.1000
0.1000
0.1000
0.1000
2.0250
2.7460
3.4482
4.1271
4.7763
5.3880
5.9516
6.4540
6.8788
7.2076
7.4219
7.5073
7.4572
7.2755
6.9750
6.5736
6.0899
5.5409
4.9407
4.3004
3.6287
2.9321
2.2156
1.4831
0.7375
0.1000
0.1000
0.1000
0.1000
0.1000
0.1000
0.1000
0.1000
0.1000
0.1000
0.1000
0.1000
0.1000
0.1000
0.1000
0.1000
0.1000
0.1000
0.1000
0.1000
0.1000
0.1000
0.1000
0.1000
0.1000
2.1831
2.9159
3.6315
4.3254
4.9916
5.6222
6.2065
6.7308
7.1773
7.5255
7.7540
7.8454
7.7917
7.5978
7.2790
6.8561
6.3504
5.7803
5.1607
4.5030
3.8157
3.1053
2.3766
1.6333
0.8782
0.1134
0.1000
0.1000
0.1000
0.1000
0.1000
0.1000
0.1000
0.1000
0.1000
0.1000
0.1000
0.1000
0.1000
0.1000
0.1000
0.1000
0.1000
0.1000
0.1000
0.1000
0.1000
0.1000
0.1000
0.1000
2.2763
3.0162
3.7400
4.4431
5.1198
5.7623
6.3598
6.8982
7.3591
7.7203
7.9584
8.0539
7.9979
7.7956
7.4644
7.0274
6.5074
5.9238
5.2920
4.6234
3.9265
3.2077
2.4716
1.7218
0.9609
0.1910
0.1000
0.1000
0.1000
0.1000
0.1000
0.1000
0.1000
0.1000
0.1000
0.1000
0.1000
0.1000
0.1000
0.1000
0.1000
0.1000
0.1000
0.1000
0.1000
0.1000
0.1000
0.1000
0.1000
0.1000
2.3028
3.0449
3.7709
4.4768
5.1566
5.8025
6.4040
6.9466
7.4118
7.7770
8.0180
8.1148
8.0580
7.8531
7.5182
7.0769
6.5526
5.9650
5.3296
4.6578
3.9582
3.2369
2.4987
1.7470
0.9845
0.2131
0.1000
0.1000
0.1000
0.1000
0.1000
0.1000
0.1000
0.1000
0.1000
0.1000
0.1000
0.1000
0.1000
0.1000
0.1000
0.1000
0.1000
0.1000
0.1000
0.1000
0.1000
0.1000
0.1000
0.1000
2.2622
3.0011
3.7236
4.4253
5.1005
5.7411
6.3366
6.8728
7.3314
7.6906
7.9272
8.0221
7.9664
7.7654
7.4362
7.0014
6.4836
5.9021
5.2721
4.6052
3.9098
3.1923
2.4573
1.7085
0.9485
0.1793
0.1000
0.1000
0.1000
0.1000
0.1000
0.1000
0.1000
0.1000
0.1000
0.1000
0.1000
0.1000
0.1000
0.1000
0.1000
0.1000
0.1000
0.1000
0.1000
0.1000
0.1000
0.1000
0.1000
0.1000
2.1553
2.8860
3.5992
4.2904
4.9536
5.5807
6.1613
6.6815
7.1240
7.4686
7.6944
7.7846
7.7317
7.5400
7.2247
6.8058
6.3041
5.7379
5.1218
4.4672
3.7828
3.0748
2.3483
1.6070
0.8535
0.1000
0.1000
0.1000
0.1000
0.1000
0.1000
0.1000
0.1000
0.1000
0.1000
0.1000
0.1000
0.1000
0.1000
0.1000
0.1000
0.1000
0.1000
0.1000
0.1000
0.1000
0.1000
0.1000
0.1000
0.1000
1.9839
2.7020
3.4009
4.0759
4.7209
5.3279
5.8865
6.3835
6.8031
7.1274
7.3384
7.4224
7.3732
7.1943
6.8981
6.5017
6.0233
5.4795
4.8841
4.2482
3.5804
2.8872
2.1738
1.4441
0.7010
0.1000
0.1000
0.1000
0.1000
0.1000
0.1000
0.1000
0.1000
0.1000
0.1000
0.1000
0.1000
0.1000
0.1000
0.1000
0.1000
0.1000
0.1000
0.1000
0.1000
0.1000
0.1000
0.1000
0.1000
0.1000
1.7513
2.4528
3.1332
3.7877
4.4099
4.9919
5.5238
5.9934
6.3865
6.6877
6.8824
6.9596
6.9144
6.7496
6.4750
6.1045
5.6535
5.1367
4.5667
3.9542
3.3075
2.6334
1.9370
1.2225
0.4930
0.1000
0.1000
0.1000
0.1000
0.1000
0.1000
0.1000
0.1000
0.1000
0.1000
0.1000
0.1000
0.1000
0.1000
0.1000
0.1000
0.1000
0.1000
0.1000
0.1000
0.1000
0.1000
0.1000
0.1000
0.1000
1.4612
2.1432
2.8020
3.4327
4.0290
4.5832
5.0861
5.5264
5.8920
6.1699
6.3484
6.4188
6.3775
6.2267
5.9738
5.6300
5.2080
4.7205
4.1787
3.5926
2.9703
2.3183
1.6420
0.9456
0.2325
0.1000
0.1000
0.1000
0.1000
0.1000
0.1000
0.1000
0.1000
0.1000
0.1000
0.1000
0.1000
0.1000
0.1000
0.1000
0.1000
0.1000
0.1000
0.1000
0.1000
0.1000
0.1000
0.1000
0.1000
0.1000
1.1180
1.7783
2.4134
3.0184
3.5872
4.1124
4.5855
4.9967
5.3355
5.5912
5.7545
5.8188
5.7812
5.6433
5.4110
5.0930
4.6998
4.2419
3.7294
3.1713
2.5752
1.9474
1.2933
0.6172
0.1000
0.1000
0.1000
0.1000
0.1000
0.1000
0.1000
0.1000
0.1000
0.1000
0.1000
0.1000
0.1000
0.1000
0.1000
0.1000
0.1000
0.1000
0.1000
0.1000
0.1000
0.1000
0.1000
0.1000
0.1000
0.1000
0.7263
1.3635
1.9738
2.5522
3.0929
3.5892
4.0333
4.4166
4.7302
4.9656
5.1152
5.1739
5.1395
5.0134
4.7998
4.5059
4.1400
3.7110
3.2277
2.6979
2.1287
1.5263
0.8958
0.2414
0.1000
0.1000
0.1000
0.1000
0.1000
0.1000
0.1000
0.1000
0.1000
0.1000
0.1000
0.1000
0.1000
0.1000
0.1000
0.1000
0.1000
0.1000
0.1000
0.1000
0.1000
0.1000
0.1000
0.1000
0.1000
0.1000
0.2908
0.9042
1.4891
2.0409
2.5540
3.0223
3.4387
3.7960
4.0867
4.3037
4.4411
4.4949
4.4634
4.3476
4.1510
3.8790
3.5384
3.1367
2.6814
2.1794
1.6372
1.0605
0.4542
0.1000
0.1000
0.1000
0.1000
0.1000
0.1000
0.1000
0.1000
0.1000
0.1000
0.1000
0.1000
0.1000
0.1000
0.1000
0.1000
0.1000
0.1000
0.1000
0.1000
0.1000
0.1000
0.1000
0.1000
0.1000
0.1000
0.1000
0.1000
0.4054
0.9651
1.4908
1.9772
2.4188
2.8095
3.1429
3.4128
3.6135
3.7402
3.7897
3.7607
3.6540
3.4724
3.2201
2.9027
2.5264
2.0976
1.6223
1.1064
0.5552
0.1000
0.1000
0.1000
0.1000
0.1000
0.1000
0.1000
0.1000
0.1000
0.1000
0.1000
0.1000
0.1000
0.1000
0.1000
0.1000
0.1000
0.1000
0.1000
0.1000
0.1000
0.1000
0.1000
0.1000
0.1000
0.1000
0.1000
0.1000
0.1000
0.1000
0.4069
0.9073
1.3684
1.7851
2.1520
2.4637
2.7150
2.9011
3.0184
3.0641
3.0373
2.9387
2.7702
2.5356
2.2392
1.8863
1.4822
1.0322
0.5416
0.1000
0.1000
0.1000
0.1000
0.1000
0.1000
0.1000
0.1000
0.1000
0.1000
0.1000
0.1000
0.1000
0.1000
0.1000
0.1000
0.1000
0.1000
0.1000
0.1000
0.1000
0.1000
0.1000
0.1000
0.1000
0.1000
0.1000
0.1000
0.1000
0.1000
0.1000
0.1000
0.1000
0.1000
0.1000
0.1000
0.1000
0.1000
0.1000
0.1000
0.1000
0.1000
0.1000
0.1000
0.1000
0.1000
0.1000
0.1000
0.1000
0.1000
0.1000
0.1000
0.1000
0.1000
0.1000
0.1000
0.1000
0.1000
0.1000
0.1000
0.1000
0.1000
0.1000
0.1000
0.1000
0.1000
0.1000
0.1000
0.1000
0.1000
0.1000
0.1000
0.1000
0.1000
0.1000
0.1000
0.1000
0.1000
0.1000
0.1000
0.1000
0.1000
0.1000
0.1000
0.1000
0.1000
0.1000
0.1000
0.1000
0.1000
0.1000
0.1000
0.1000
0.1000
0.1000
0.1000
0.1000
0.1000
0.1000
0.1000
0.1000
0.1000
0.1000
0.1000
0.1000
0.1000
0.1000
0.1000
0.1000
0.1000
0.1000
0.1000
0.1000
0.1000
0.1000
0.1000
0.1000
0.1000
0.1000
0.1000
0.1000
0.1000
0.1000
0.1000
0.1000
0.1000
0.1000
0.1000
0.1000
0.1000
0.1000
0.1000
0.1000
0.1000
0.1000
0.1000
0.1000
0.1000
0.1000
0.1000
0.1000
0.1000
0.1000
0.1000
0.1000
0.1000
0.1000
0.1000
0.1000
0.1000
0.1000
0.1000
0.1000
0.1000
0.1000
0.1000
0.1000
0.1000
0.1000
0.1000
0.1000
0.1000
0.1000
0.1000
0.1000
0.1000
0.1000
0.1000
0.1000
0.1000
0.1000
0.1000
0.1000
0.1000
0.1000
0.1000
0.1000
0.1000
0.1000
0.1000
0.1000
0.1000
0.1000
0.1000
0.1000
0.1000
0.1000
0.1000
0.1000
0.1000
0.1000
0.1000
0.1000
0.1000
0.1000
0.1000
0.1000
0.1000
0.1000
0.1000
0.1000
0.1000
0.1000
0.1000
0.1000
0.1000
0.1000
0.1000
0.1000
0.1000
0.1000
0.1000
0.1000
0.1000
0.1000
0.1000
0.1000
0.1000
0.1000
0.1000
0.1000
0.1000
0.1000
0.1000
0.1000
0.1000
0.1000
0.1000
0.1000
0.1000
0.1000
0.1000
0.1000
0.1000
0.1000
0.1000
0.1000
0.1000
0.1000
0.1000
0.1000
0.1000
0.1000
0.1000
0.1000
0.1000
0.1000
0.1000
0.1000
0.1000
0.1000
0.1000
0.1000
0.1000
0.1000
0.1000
0.1000
0.1000
0.1000
0.1000
0.1000
0.1000
0.1000
0.1000
0.1000
0.1000
0.1000
0.1000
0.1000
0.1000
0.1000
0.1000
0.1000
0.1000
0.1000
0.1000
0.1000
0.1000
0.1000
0.1000
0.1000
0.1000
0.1000
0.1000
0.1000
0.1000
0.1000
0.1000
0.1000
0.1000
0.1000
0.1000
0.1000
0.1000
0.1000
0.1000
0.1000
0.1000
0.1000
0.1000
0.1000
0.1000
0.1000
0.1000
0.1000
0.1000
0.1000
0.1000
0.1000
0.1000
0.1000
0.1000
0.1000
0.1000
0.1000
0.1000
0.1000
0.1000
0.1000
0.1000
0.1000
0.1000
0.1000
0.1000
0.1000
0.1000
0.1000
0.1000
0.1000
0.1000
0.1000
0.1000
0.1000
0.1000
0.1000
0.1000
0.1000
0.1000
0.1000
0.1000
0.1000
0.1000
0.1000
0.1000
0.1000
0.1000
0.1000
0.1000
0.1000
0.1000
0.1000
0.1000
0.1000
0.1000
0.1000
0.1000
0.1000
0.1000
0.1000
0.1000
0.1000
0.1000
0.1000
0.1000
0.1000
0.1000
0.1000
0.1000
0.1000
0.1000
0.1000
0.1000
0.1000
0.1000
0.1000
0.1000
0.1000
0.1000
0.1000
0.1000
0.1000
0.1000
0.1000
0.1000
0.1000
0.1000
0.1000
0.1000
0.1000
0.1000
0.1000
0.1000
0.1000
0.1000
0.1000
0.1000
0.1000
0.1000
0.1000
0.1000
0.1000
0.1000
0.1000
0.1000
0.1000
0.1000
0.1000
0.1000
0.1000
0.1000
0.1000
0.1000
0.1000
0.1000
0.1000
0.1000
0.1000
0.1000
0.1000
0.1000
0.1000
0.1000
0.1000
0.1000
0.1000
0.1000
0.1000
0.1000
0.1000
0.1000
0.1000
0.1000
0.1000
0.1000
0.1000
0.1000
0.1000
0.1000
0.1000
0.1000
0.1000
0.1000
0.1000
0.1000
0.1000
0.1000
0.1000
0.1000
0.1000
0.1000
0.1000
0.1000
0.1000
0.1000
0.1000
0.1000
0.1000
0.1000
0.1000
0.1000
0.1000
0.1000
0.1000
0.1000
0.1000
0.1000
0.1000
0.1000
0.1000
0.1000
0.1000
0.1000
0.1000
0.1000
0.1000
0.1000
0.1000
0.1000
0.1000
0.1000
0.1000
0.1000
0.1000
0.1000
0.1000
0.1000
0.1000
0.1000
0.1000
0.1000
0.1000
0.1000
0.1000
0.1000
0.1000
0.1000
0.1000
0.1000
0.1000
0.1000
0.1000
0.1000
0.1000
0.1000
0.1000
0.1000
0.1000
0.1000
0.1000
0.1000
0.1000
0.1000
0.1000
0.1000
0.1000
0.1000
0.1000
0.1000
0.1000
0.1000
0.1000
0.1000
0.1000
0.1000
0.1000
0.1000
0.1000
0.1000
0.1000
0.1000
0.1000
0.1000
0.1000
0.1000
0.1000
0.1000
0.1000
0.1000
0.1000
0.1000
0.1000
0.1000
0.1000
0.1000
0.1000
0.1000
0.1000
0.1000
0.1000
0.1000
0.1000
0.1000
0.1000
0.1000
0.1000
0.1000
0.1000
0.1000
0.1000
0.1000
0.1000
0.1000
0.1000
0.1000
0.1000
0.1000
0.1000
0.1000
0.1000
0.1000
0.1000
0.1000
0.1000
0.1000
0.1000
0.1000
0.1000
0.1000
0.1000
0.1000
0.1000
0.1000
0.1000
0.1000
0.1000
0.1000
0.1000
0.1000
0.1000
0.1000
0.1000
0.1000
0.1000
0.1000
0.1000
0.1000
0.1000
0.1000
0.1000
0.1000
0.1000
0.1000
0.1000
0.1000
0.1000
0.1000
0.1000
0.1000
0.1000
0.1000
0.1000
0.1000
0.1000
0.1000
0.1000
0.1000
0.1000
0.1000
0.1000
0.1000
0.1000
0.1000
0.1000
0.1000
0.1000
0.1000
0.1000
0.1000
0.1000
0.1000
0.1000
0.1000
0.1000
0.1000
0.1000
0.1000
0.1000
0.1000
0.1000
0.1000
0.1000
0.1000
0.1000
0.1000
0.1000
0.1000
0.1000
0.1000
0.1000
0.1000
0.1000
0.1000
0.1000
0.1000
0.1000
0.1000
0.1000
0.1000
0.1000
0.1000
0.1000
0.1000
0.1000
0.1000
0.1000
0.1000
0.1000
0.1000
0.1000
0.1000
0.1000
0.1000
0.1000
0.1000
0.1000
0.1000
0.1000
0.1000
0.1000
0.1000
0.1000
0.1000
0.1000
0.1000
0.1000
0.1000
0.1000
0.1000
0.1000
0.1000
0.1000
0.1000
0.1000
0.1000
0.1000
0.1000
0.1000
0.1000
0.1000
0.1000
0.1000
0.1000
0.1000
0.1000
0.1000
0.1000
0.1000
0.1000
0.1000
0.1000
0.1000
0.1000
0.1000
0.1000
0.1000
0.1000
0.1000
0.1000
0.1000
0.1000
0.1000
0.1000
0.1000
0.1000
0.1000
0.1000
0.1000
0.1000
0.1000
0.1000
0.1000
0.1000
0.1000
0.1000
0.1000
0.1000
0.1000
0.1000
0.1000
0.1000
0.1000
0.1000
0.1000
0.1000
0.1000
0.1000
0.1000
0.1000
0.1000
0.1000
0.1000
0.1000
0.1000
0.1000
0.1000
0.1000
0.1000
0.1000
0.1000
0.1000
0.1000
0.1000
0.1000
0.1000
0.1000
0.1000
0.1000
0.1000
0.1000
0.1000
0.1000
0.1000
0.1000
0.1000
0.1000
0.1000
0.1000
0.1000
0.1000
0.1000
0.1000
0.1000
0.1000
0.1000
0.1000
0.1000
0.1000
0.1000
0.1000
0.1000
0.1000
0.1000
0.1000
0.1000
0.1000
0.1000
0.1000
0.1000
0.1000
0.1000
0.1000
0.1000
0.1000
0.1000
0.1000
0.1000
0.1000
0.1000
0.1000
0.1000
0.1000
0.1000
0.1000
0.1000
0.1000
0.1000
0.1000
0.1000
0.1000
0.1000
0.1000
0.1000
0.1000
0.1000
0.1000
0.1000
0.1000
0.1000
0.1000
0.1000
0.1000
0.1000
0.1000
0.1000
0.1000
0.1000
0.1000
0.1000
0.1000
0.1000
0.1000
0.1000
0.1000
0.1000
0.1000
0.1000
0.1000
0.1000
0.1000
0.1000
0.1000
0.1000
0.1000
0.1000
0.1000
0.1000
0.1000
0.1000
0.1000
0.1000
0.1000
0.1000
0.1000
0.1000
0.1000
0.1000
0.1000
0.1000
0.1000
0.1000
0.1000
0.1000
0.1000
0.1000
0.1000
0.1000
0.1000
0.1000
0.1000
0.1000
0.1000
0.1000
0.1000
0.1000
0.1000
0.1000
0.1000
0.1000
0.1000
0.1000
0.1000
0.1000
0.1000
0.1000
0.1000
0.1000
0.1000
0.1000
0.1000
0.1000
0.1000
0.1000
0.1000
0.1000
0.1000
0.1000
0.1000
0.1000
0.1000
0.1000
0.1000
0.1000
0.1000
0.1000
0.1000
0.1000
0.1000
0.1000
0.1000
0.1000
0.1000
0.1000
0.1000
0.1000
0.1000
0.1000
0.1000
0.1000
0.1000
0.1000
0.1000
0.1000
0.1000
0.1000
0.1000
0.1000
0.1000
0.1000
0.1000
0.1000
0.1000
0.1000
0.1000
0.1000
0.1000
0.1000
0.1000
0.1000
0.1000
0.1000
0.1000
0.1000
0.1000
0.1000
0.1000
0.1000
0.1000
0.1000
0.1000
0.1000
0.1000
0.1000
0.1000
0.1000
0.1000
0.1000
0.1000
0.1000
0.1000
0.1000
0.1000
0.1000
0.1000
0.1000
0.1000
0.1000
0.1000
0.1000
0.1000
0.1000
0.1000
0.1000
0.1000
0.1000
0.1000
0.1000
0.1000
0.1000
0.1000
0.1000
0.1000
0.1000
0.1000
0.1000
0.1000
0.1000
0.1000
0.1000
0.1000
0.1000
0.1000
0.1000
0.1000
0.1000
0.1000
0.1000
0.1000
0.1000
0.1000
0.1000
0.1000
0.1000
0.1000
0.1000
0.1000
0.1000
0.1000
0.1000
0.1000
0.1000
0.1000
0.1000
0.1000
0.1000
0.1000
0.1000
0.1000
0.1000
0.1000
0.1000
0.1000
0.1000
0.1000
0.1000
0.1000
0.1000
0.1000
0.1000
0.1000
0.1000
0.1000
0.1000
0.1000
0.1000
0.1000
0.1000
0.1000
0.1000
0.1000
0.1000
0.1000
0.1000
0.1000
0.1000
0.1000
0.1000
0.1000
0.1000
0.1000
0.1000
0.1000
0.1000
0.1000
0.1000
0.1000
0.1000
0.1000
0.1000
0.1000
0.1000
0.1000
0.1000
0.1000
0.1000
0.1000
0.1000
0.1000
0.1000
0.1000
0.1000
0.1000
0.1000
0.1000
0.1000
0.1000
0.1000
0.1000
0.1000
0.1000
0.1000
0.1000
0.1000
0.1000
0.1000
0.1000
0.1000
0.1000
0.1000
0.1000
0.1000
0.1000
0.1000
0.1000
0.1000
0.1000
0.1000
0.1000
0.1000
0.1000
0.1000
0.1000
0.1000
0.1000
0.1000
0.1000
0.1000
0.1000
0.1000
0.1000
0.1000
0.1000
0.1000
0.1000
0.1000
0.1000
0.1000
0.1000
0.1000
0.1000
0.1000
0.1000
0.1000
0.1000
0.1000
0.1000
0.1000
0.1000
0.1000
0.1000
0.1000
0.1000
0.1000
0.1000
0.1000
0.1000
0.1000
0.1000
0.1000
0.1000
0.1000
0.1000
0.1000
0.1000
0.1000
0.1000
0.1000
0.1000
0.1000
0.1000
0.1000
0.1000
0.1000
0.1000
0.1000
0.1000
0.1000
0.1000
0.1000
0.1000
0.1000
0.1000
0.1000
0.1000
0.1000
0.1000
0.1000
0.1000
0.1000
0.1000
0.1000
0.1000
0.1000
0.1000
0.1000
0.1000
0.1000
0.1000
0.1000
0.1000
0.1000
0.1000
0.1000
0.1000
0.1000
0.1000
0.1000
0.1000
0.1000
0.1000
0.1000
0.1000
0.1000
0.1000
0.1000
0.1000
0.1000
0.1000
0.1000
0.1000
0.1000
0.1000
0.1000
0.1000
0.1000
0.1000
0.1000
0.1000
0.1000
0.1000
0.1000
0.1000
0.1000
0.1000
0.1000
0.1000
0.1000
0.1000
0.1000
0.1000
0.1000
0.1000
0.1000
0.1000
0.1000
0.1000
0.1000
0.1000
0.1000
0.1000
0.1000
0.1000
0.1000
0.1000
0.1000
0.1000
0.1000
0.1000
0.1000
0.1000
0.1000
0.1000
0.1000
0.1000
0.1000
0.1000
0.1000
0.1000
0.1000
0.1000
0.1000
0.1000
0.1000
0.1000
0.1000
0.1000
0.1000
0.1000
0.1000
0.1000
0.1000
0.1000
0.1000
0.1000
0.1000
0.1000
0.1000
0.1000
0.1000
0.1000
0.1000
0.1000
0.1000
0.1000
0.1000
0.1000
0.1000
0.1000
0.1000
0.2094
0.3009
0.3364
0.3156
0.2387
0.1067
0.1000
0.1000
0.1000
0.1000
0.1000
0.1000
0.1000
0.1000
0.1000
0.1000
0.1000
0.1000
0.1000
0.1000
0.1000
0.1000
0.1000
0.1000
0.1000
0.1000
0.1000
0.1000
0.1000
0.1000
0.1000
0.1000
0.1000
0.1000
0.1000
0.1000
0.1000
0.1000
0.1000
0.1000
0.1000
0.1000
0.1000
0.1000
0.1000
0.1000
0.1000
0.3500
0.6146
0.8263
0.9821
1.0797
1.1177
1.0955
1.0134
0.8727
0.6754
0.4243
0.1227
0.1000
0.1000
0.1000
0.1000
0.1000
0.1000
0.1000
0.1000
0.1000
0.1000
0.1000
0.1000
0.1000
0.1000
0.1000
0.1000
0.1000
0.1000
0.1000
0.1000
0.1000
0.1000
0.1000
0.1000
0.1000
0.1000
0.1000
0.1000
0.1000
0.1000
0.1000
0.1000
0.1000
0.1000
0.1000
0.1000
0.3575
0.7385
1.0720
1.3537
1.5796
1.7462
1.8508
1.8915
1.8677
1.7797
1.6291
1.4184
1.1510
0.8307
0.4618
0.1000
0.1000
0.1000
0.1000
0.1000
0.1000
0.1000
0.1000
0.1000
0.1000
0.1000
0.1000
0.1000
0.1000
0.1000
0.1000
0.1000
0.1000
0.1000
0.1000
0.1000
0.1000
0.1000
0.1000
0.1000
0.1000
0.1000
0.1000
0.1000
0.1000
0.1000
0.1000
0.1000
0.1000
0.5723
1.0200
1.4237
1.7783
2.0789
2.3207
2.4996
2.6121
2.6560
2.6303
2.5356
2.3739
2.1481
1.8625
1.5216
1.1303
0.6937
0.2165
0.1000
0.1000
0.1000
0.1000
0.1000
0.1000
0.1000
0.1000
0.1000
0.1000
0.1000
0.1000
0.1000
0.1000
0.1000
0.1000
0.1000
0.1000
0.1000
0.1000
0.1000
0.1000
0.1000
0.1000
0.1000
0.1000
0.1000
0.1000
0.1000
0.1000
0.1277
0.6744
1.1866
1.6594
2.0877
2.4655
2.7872
3.0470
3.2398
3.3614
3.4088
3.3811
3.2787
3.1043
2.8615
2.5555
2.1918
1.7763
1.3146
0.8122
0.2741
0.1000
0.1000
0.1000
0.1000
0.1000
0.1000
0.1000
0.1000
0.1000
0.1000
0.1000
0.1000
0.1000
0.1000
0.1000
0.1000
0.1000
0.1000
0.1000
0.1000
0.1000
0.1000
0.1000
0.1000
0.1000
0.1000
0.1000
0.1000
0.1000
0.6607
1.2330
1.7717
2.2714
2.7262
3.1296
3.4748
3.7548
3.9634
4.0954
4.1470
4.1168
4.0056
3.8167
3.5547
3.2260
2.8372
2.3953
1.9067
1.3777
0.8137
0.2195
0.1000
0.1000
0.1000
0.1000
0.1000
0.1000
0.1000
0.1000
0.1000
0.1000
0.1000
0.1000
0.1000
0.1000
0.1000
0.1000
0.1000
0.1000
0.1000
0.1000
0.1000
0.1000
0.1000
0.1000
0.1000
0.1000
0.1000
0.5317
1.1580
1.7567
2.3228
2.8508
3.3341
3.7653
4.1364
4.4392
4.6659
4.8097
4.8661
4.8331
4.7118
4.5063
4.2227
3.8687
3.4525
2.9821
2.4652
1.9084
1.3178
0.6983
0.1000
0.1000
0.1000
0.1000
0.1000
0.1000
0.1000
0.1000
0.1000
0.1000
0.1000
0.1000
0.1000
0.1000
0.1000
0.1000
0.1000
0.1000
0.1000
0.1000
0.1000
0.1000
0.1000
0.1000
0.1000
0.1000
0.1000
0.9638
1.6148
2.2399
2.8341
3.3914
3.9048
4.3659
4.7655
5.0938
5.3410
5.4985
5.5604
5.5242
5.3912
5.1668
4.8589
4.4770
4.0311
3.5306
2.9840
2.3989
1.7813
1.1367
0.4694
0.1000
0.1000
0.1000
0.1000
0.1000
0.1000
0.1000
0.1000
0.1000
0.1000
0.1000
0.1000
0.1000
0.1000
0.1000
0.1000
0.1000
0.1000
0.1000
0.1000
0.1000
0.1000
0.1000
0.1000
0.1000
0.1000
1.3509
2.0257
2.6767
3.2989
3.8860
4.4305
4.9233
5.3537
5.7100
5.9803
6.1535
6.2218
6.1818
6.0355
5.7897
5.4548
5.0426
4.5651
4.0332
3.4565
2.8429
2.1989
1.5299
0.8401
0.1330
0.1000
0.1000
0.1000
0.1000
0.1000
0.1000
0.1000
0.1000
0.1000
0.1000
0.1000
0.1000
0.1000
0.1000
0.1000
0.1000
0.1000
0.1000
0.1000
0.1000
0.1000
0.1000
0.1000
0.1000
0.1000
1.6881
2.3853
3.0609
3.7100
4.3263
4.9020
5.4272
5.8900
6.2767
6.5724
6.7632
6.8388
6.7945
6.6330
6.3636
5.9994
5.5551
5.0450
4.4816
3.8750
3.2338
2.5647
1.8728
1.1623
0.4364
0.1000
0.1000
0.1000
0.1000
0.1000
0.1000
0.1000
0.1000
0.1000
0.1000
0.1000
0.1000
0.1000
0.1000
0.1000
0.1000
0.1000
0.1000
0.1000
0.1000
0.1000
0.1000
0.1000
0.1000
0.1000
1.9708
2.6879
3.3857
4.0595
4.7032
5.3087
5.8657
6.3611
6.7791
7.1019
7.3119
7.3955
7.3465
7.1685
6.8737
6.4789
6.0021
5.4599
4.8660
4.2315
3.5649
2.8729
2.1605
1.4316
0.6893
0.1000
0.1000
0.1000
0.1000
0.1000
0.1000
0.1000
0.1000
0.1000
0.1000
0.1000
0.1000
0.1000
0.1000
0.1000
0.1000
0.1000
0.1000
0.1000
0.1000
0.1000
0.1000
0.1000
0.1000
0.1000
2.1945
2.9281
3.6447
4.3397
5.0072
5.6392
6.2251
6.7511
7.1993
7.5490
7.7786
7.8705
7.8166
7.6217
7.3014
6.8769
6.3695
5.7978
5.1767
4.5177
3.8292
3.1178
2.3883
1.6442
0.8883
0.1229
0.1000
0.1000
0.1000
0.1000
0.1000
0.1000
0.1000
0.1000
0.1000
0.1000
0.1000
0.1000
0.1000
0.1000
0.1000
0.1000
0.1000
0.1000
0.1000
0.1000
0.1000
0.1000
0.1000
0.1000
2.3552
3.1013
3.8321
4.5433
5.2292
5.8822
6.4915
7.0427
7.5167
7.8901
8.1373
8.2368
8.1784
7.9681
7.6254
7.1753
6.6423
6.0467
5.4040
4.7258
4.0206
3.2945
2.5521
1.7967
1.0309
0.2566
0.1000
0.1000
0.1000
0.1000
0.1000
0.1000
0.1000
0.1000
0.1000
0.1000
0.1000
0.1000
0.1000
0.1000
0.1000
0.1000
0.1000
0.1000
0.1000
0.1000
0.1000
0.1000
0.1000
0.1000
2.4500
3.2036
3.9431
4.6643
5.3617
6.0279
6.6522
7.2199
7.7112
8.1008
8.3603
8.4652
8.4036
8.1825
7.8243
7.3570
6.8072
6.1961
5.5398
4.8497
4.1341
3.3990
2.6488
1.8865
1.1147
0.3351
0.1000
0.1000
0.1000
0.1000
0.1000
0.1000
0.1000
0.1000
0.1000
0.1000
0.1000
0.1000
0.1000
0.1000
0.1000
0.1000
0.1000
0.1000
0.1000
0.1000
0.1000
0.1000
0.1000
0.1000
2.4770
3.2329
3.9748
4.6989
5.3997
6.0698
6.6985
7.2712
7.7677
8.1623
8.4257
8.5322
8.4696
8.2452
7.8822
7.4097
6.8548
6.2391
5.5787
4.8851
4.1665
3.4289
2.6763
1.9121
1.1386
0.3574
0.1000
0.1000
0.1000
0.1000
0.1000
0.1000
0.1000
0.1000
0.1000
0.1000
0.1000
0.1000
0.1000
0.1000
0.1000
0.1000
0.1000
0.1000
0.1000
0.1000
0.1000
0.1000
0.1000
0.1000
2.4357
3.1882
3.9263
4.6460
5.3417
6.0059
6.6278
7.1930
7.6815
8.0686
8.3262
8.4301
8.3690
8.1497
7.7939
7.3294
6.7822
6.1735
5.5193
4.8310
4.1170
3.3833
2.6342
1.8730
1.1021
0.3233
0.1000
0.1000
0.1000
0.1000
0.1000
0.1000
0.1000
0.1000
0.1000
0.1000
0.1000
0.1000
0.1000
0.1000
0.1000
0.1000
0.1000
0.1000
0.1000
0.1000
0.1000
0.1000
0.1000
0.1000
2.3269
3.0708
3.7991
4.5074
5.1900
5.8391
6.4442
6.9907
7.4599
7.8288
8.0726
8.1706
8.1131
7.9058
7.5673
7.1220
6.5938
6.0025
5.3638
4.6891
3.9869
3.2634
2.5233
1.7699
1.0058
0.2331
0.1000
0.1000
0.1000
0.1000
0.1000
0.1000
0.1000
0.1000
0.1000
0.1000
0.1000
0.1000
0.1000
0.1000
0.1000
0.1000
0.1000
0.1000
0.1000
0.1000
0.1000
0.1000
0.1000
0.1000
2.1528
2.8833
3.5963
4.2872
4.9501
5.5770
6.1572
6.6771
7.1192
7.4635
7.6890
7.7792
7.7263
7.5349
7.2198
6.8013
6.3000
5.7341
5.1183
4.4640
3.7798
3.0721
2.3458
1.6046
0.8513
0.1000
0.1000
0.1000
0.1000
0.1000
0.1000
0.1000
0.1000
0.1000
0.1000
0.1000
0.1000
0.1000
0.1000
0.1000
0.1000
0.1000
0.1000
0.1000
0.1000
0.1000
0.1000
0.1000
0.1000
0.1000
1.9164
2.6296
3.3230
3.9919
4.6301
5.2296
5.7801
6.2687
6.6802
6.9972
7.2032
7.2850
7.2370
7.0626
6.7731
6.3848
5.9148
5.3791
4.7914
4.1625
3.5010
2.8135
2.1051
1.3798
0.6407
0.1000
0.1000
0.1000
0.1000
0.1000
0.1000
0.1000
0.1000
0.1000
0.1000
0.1000
0.1000
0.1000
0.1000
0.1000
0.1000
0.1000
0.1000
0.1000
0.1000
0.1000
0.1000
0.1000
0.1000
0.1000
1.6220
2.3146
2.9852
3.6288
4.2392
4.8084
5.3268
5.7828
6.1629
6.4531
6.6402
6.7141
6.6708
6.5126
6.2483
5.8903
5.4529
4.9497
4.3927
3.7924
3.1568
2.4927
1.8055
1.0991
0.3770
0.1000
0.1000
0.1000
0.1000
0.1000
0.1000
0.1000
0.1000
0.1000
0.1000
0.1000
0.1000
0.1000
0.1000
0.1000
0.1000
0.1000
0.1000
0.1000
0.1000
0.1000
0.1000
0.1000
0.1000
0.1000
1.2739
1.9438
2.5895
3.2059
3.7868
4.3247
4.8108
5.2346
5.5848
5.8500
6.0198
6.0867
6.0475
5.9041
5.6630
5.3340
4.9283
4.4576
3.9323
3.3619
2.7542
2.1156
1.4516
0.7664
0.1000
0.1000
0.1000
0.1000
0.1000
0.1000
0.1000
0.1000
0.1000
0.1000
0.1000
0.1000
0.1000
0.1000
0.1000
0.1000
0.1000
0.1000
0.1000
0.1000
0.1000
0.1000
0.1000
0.1000
0.1000
0.1000
0.8770
1.5229
2.1424
2.7308
3.2819
3.7889
4.2436
4.6370
4.9597
5.2024
5.3569
5.4176
5.3821
5.2517
5.0315
4.7289
4.3530
3.9135
3.4194
2.8791
2.2999
1.6880
1.0486
0.3861
0.1000
0.1000
0.1000
0.1000
0.1000
0.1000
0.1000
0.1000
0.1000
0.1000
0.1000
0.1000
0.1000
0.1000
0.1000
0.1000
0.1000
0.1000
0.1000
0.1000
0.1000
0.1000
0.1000
0.1000
0.1000
0.1000
0.4361
1.0572
1.6503
2.2106
2.7326
3.2098
3.6350
4.0005
4.2983
4.5210
4.6622
4.7175
4.6851
4.5661
4.3642
4.0854
3.7369
3.3266
2.8623
2.3515
1.8006
1.2156
0.6014
0.1000
0.1000
0.1000
0.1000
0.1000
0.1000
0.1000
0.1000
0.1000
0.1000
0.1000
0.1000
0.1000
0.1000
0.1000
0.1000
0.1000
0.1000
0.1000
0.1000
0.1000
0.1000
0.1000
0.1000
0.1000
0.1000
0.1000
0.1000
0.5520
1.1189
1.6520
2.1459
2.5950
2.9929
3.3329
3.6086
3.8137
3.9433
3.9940
3.9643
3.8552
3.6694
3.4117
3.0879
2.7045
2.2683
1.7855
1.2622
0.7036
0.1147
0.1000
0.1000
0.1000
0.1000
0.1000
0.1000
0.1000
0.1000
0.1000
0.1000
0.1000
0.1000
0.1000
0.1000
0.1000
0.1000
0.1000
0.1000
0.1000
0.1000
0.1000
0.1000
0.1000
0.1000
0.1000
0.1000
0.1000
0.1000
0.1000
0.5535
1.0604
1.5278
1.9507
2.3236
2.6407
2.8965
3.0863
3.2058
3.2525
3.2252
3.1245
2.9529
2.7139
2.4123
2.0535
1.6432
1.1869
0.6899
0.1571
0.1000
0.1000
0.1000
0.1000
0.1000
0.1000
0.1000
0.1000
0.1000
0.1000
0.1000
0.1000
0.1000
0.1000
0.1000
0.1000
0.1000
0.1000
0.1000
0.1000
0.1000
0.1000
0.1000
0.1000
0.1000
0.1000
0.1000
0.1000
0.1000
0.1000
0.1000
0.1000
0.1000
0.1000
0.1000
0.1000
0.1000
0.1000
0.1000
0.1000
0.1000
0.1000
0.1000
0.1000
0.1000
0.1000
0.1000
0.1000
0.1000
0.1000
0.1000
0.1000
0.1000
0.1000
0.1000
0.1000
0.1000
0.1000
0.1000
0.1000
0.1000
0.1000
0.1000
0.1000
0.1000
0.1000
0.1000
0.1000
0.1000
0.1000
0.1000
0.1000
0.1000
0.1000
0.1000
0.1000
0.1000
0.1000
0.1000
0.1000
0.1000
0.1000
0.1000
0.1000
0.1000
0.1000
0.1000
0.1000
0.1000
0.1000
0.1000
0.1000
0.1000
0.1000
0.1000
0.1000
0.1000
0.1000
0.1000
0.1000
0.1000
0.1000
0.1000
0.1000
0.1000
0.1000
0.1000
0.1000
0.1000
0.1000
0.1000
0.1000
0.1000
0.1000
0.1000
0.1000
0.1000
0.1000
0.1000
0.1000
0.1000
0.1000
0.1000
0.1000
0.1000
0.1000
0.1000
0.1000
0.1000
0.1000
0.1000
0.1000
0.1000
0.1000
0.1000
0.1000
0.1000
0.1000
0.1000
0.1000
0.1000
0.1000
0.1000
0.1000
0.1000
0.1000
0.1000
0.1000
0.1000
0.1000
0.1000
0.1000
0.1000
0.1000
0.1000
0.1000
0.1000
0.1000
0.1000
0.1000
0.1000
0.1000
0.1000
0.1000
0.1000
0.1000
0.1000
0.1000
0.1000
0.1000
0.1000
0.1000
0.1000
0.1000
0.1000
0.1000
0.1000
0.1000
0.1000
0.1000
0.1000
0.1000
0.1000
0.1000
0.1000
0.1000
0.1000
0.1000
0.1000
0.1000
0.1000
0.1000
0.1000
0.1000
0.1000
0.1000
0.1000
0.1000
0.1000
0.1000
0.1000
0.1000
0.1000
0.1000
0.1000
0.1000
0.1000
0.1000
0.1000
0.1000
0.1000
0.1000
0.1000
0.1000
0.1000
0.1000
0.1000
0.1000
0.1000
0.1000
0.1000
0.1000
0.1000
0.1000
0.1000
0.1000
0.1000
0.1000
0.1000
0.1000
0.1000
0.1000
0.1000
0.1000
0.1000
0.1000
0.1000
0.1000
0.1000
0.1000
0.1000
0.1000
0.1000
0.1000
0.1000
0.1000
0.1000
0.1000
0.1000
0.1000
0.1000
0.1000
0.1000
0.1000
0.1000
0.1000
0.1000
0.1000
0.1000
0.1000
0.1000
0.1000
0.1000
0.1000
0.1000
0.1000
0.1000
0.1000
0.1000
0.1000
0.1000
0.1000
0.1000
0.1000
0.1000
0.1000
0.1000
0.1000
0.1000
0.1000
0.1000
0.1000
0.1000
0.1000
0.1000
0.1000
0.1000
0.1000
0.1000
0.1000
0.1000
0.1000
0.1000
0.1000
0.1000
0.1000
0.1000
0.1000
0.1000
0.1000
0.1000
0.1000
0.1000
0.1000
0.1000
0.1000
0.1000
0.1000
0.1000
0.1000
0.1000
0.1000
0.1000
0.1000
0.1000
0.1000
0.1000
0.1000
0.1000
0.1000
0.1000
0.1000
0.1000
0.1000
0.1000
0.1000
0.1000
0.1000
0.1000
0.1000
0.1000
0.1000
0.1000
0.1000
0.1000
0.1000
0.1000
0.1000
0.1000
0.1000
0.1000
0.1000
0.1000
0.1000
0.1000
0.1000
0.1000
0.1000
0.1000
0.1000
0.1000
0.1000
0.1000
0.1000
0.1000
0.1000
0.1000
0.1000
0.1000
0.1000
0.1000
0.1000
0.1000
0.1000
0.1000
0.1000
0.1000
0.1000
0.1000
0.1000
0.1000
0.1000
0.1000
0.1000
0.1000
0.1000
0.1000
0.1000
0.1000
0.1000
0.1000
0.1000
0.1000
0.1000
0.1000
0.1000
0.1000
0.1000
0.1000
0.1000
0.1000
0.1000
0.1000
0.1000
0.1000
0.1000
0.1000
0.1000
0.1000
0.1000
0.1000
0.1000
0.1000
0.1000
0.1000
0.1000
0.1000
0.1000
0.1000
0.1000
0.1000
0.1000
0.1000
0.1000
0.1000
0.1000
0.1000
0.1000
0.1000
0.1000
0.1000
0.1000
0.1000
0.1000
0.1000
0.1000
0.1000
0.1000
0.1000
0.1000
0.1000
0.1000
0.1000
0.1000
0.1000
0.1000
0.1000
0.1000
0.1000
0.1000
0.1000
0.1000
0.1000
0.1000
0.1000
0.1000
0.1000
0.1000
0.1000
0.1000
0.1000
0.1000
0.1000
0.1000
0.1000
0.1000
0.1000
0.1000
0.1000
0.1000
0.1000
0.1000
0.1000
0.1000
0.1000
0.1000
0.1000
0.1000
0.1000
0.1000
0.1000
0.1000
0.1000
0.1000
0.1000
0.1000
0.1000
0.1000
0.1000
0.1000
0.1000
0.1000
0.1000
0.1000
0.1000
0.1000
0.1000
0.1000
0.1000
0.1000
0.1000
0.1000
0.1000
0.1000
0.1000
0.1000
0.1000
0.1000
0.1000
0.1000
0.1000
0.1000
0.1000
0.1000
0.1000
0.1000
0.1000
0.1000
0.1000
0.1000
0.1000
0.1000
0.1000
0.1000
0.1000
0.1000
0.1000
0.1000
0.1000
0.1000
0.1000
0.1000
0.1000
0.1000
0.1000
0.1000
0.1000
0.1000
0.1000
0.1000
0.1000
0.1000
0.1000
0.1000
0.1000
0.1000
0.1000
0.1000
0.1000
0.1000
0.1000
0.1000
0.1000
0.1000
0.1000
0.1000
0.1000
0.1000
0.1000
0.1000
0.1000
0.1000
0.1000
0.1000
0.1000
0.1000
0.1000
0.1000
0.1000
0.1000
0.1000
0.1000
0.1000
0.1000
0.1000
0.1000
0.1000
0.1000
0.1000
0.1000
0.1000
0.1000
0.1000
0.1000
0.1000
0.1000
0.1000
0.1000
0.1000
0.1000
0.1000
0.1000
0.1000
0.1000
0.1000
0.1000
0.1000
0.1000
0.1000
0.1000
0.1000
0.1000
0.1000
0.1000
0.1000
0.1000
0.1000
0.1000
0.1000
0.1000
0.1000
0.1000
0.1000
0.1000
0.1000
0.1000
0.1000
0.1000
0.1000
0.1000
0.1000
0.1000
0.1000
0.1000
0.1000
0.1000
0.1000
0.1000
0.1000
0.1000
0.1000
0.1000
0.1000
0.1000
0.1000
0.1000
0.1000
0.1000
0.1000
0.1000
0.1000
0.1000
0.1000
0.1000
0.1000
0.1000
0.1000
0.1000
0.1000
0.1000
0.1000
0.1000
0.1000
0.1000
0.1000
0.1000
0.1000
0.1000
0.1000
0.1000
0.1000
0.1000
0.1000
0.1000
0.1000
0.1000
0.1000
0.1000
0.1000
0.1000
0.1000
0.1000
0.1000
0.1000
0.1000
0.1000
0.1000
0.1000
0.1000
0.1000
0.1000
0.1000
0.1000
0.1000
0.1000
0.1000
0.1000
0.1000
0.1000
0.1000
0.1000
0.1000
0.1000
0.1000
0.1000
0.1000
0.1000
0.1000
0.1000
0.1000
0.1000
0.1000
0.1000
0.1000
0.1000
0.1000
0.1000
0.1000
0.1000
0.1000
0.1000
0.1000
0.1000
0.1000
0.1000
0.1000
0.1000
0.1000
0.1000
0.1000
0.1000
0.1000
0.1000
0.1000
0.1000
0.1000
0.1000
0.1000
0.1000
0.1000
0.1000
0.1000
0.1000
0.1000
0.1000
0.1000
0.1000
0.1000
0.1000
0.1000
0.1000
0.1000
0.1000
0.1000
0.1000
0.1000
0.1000
0.1000
0.1000
0.1000
0.1000
0.1000
0.1000
0.1000
0.1000
0.1000
0.1000
0.1000
0.1000
0.1000
0.1000
0.1000
0.1000
0.1000
0.1000
0.1000
0.1000
0.1000
0.1000
0.1000
0.1000
0.1000
0.1000
0.1000
0.1000
0.1000
0.1000
0.1000
0.1000
0.1000
0.1000
0.1000
0.1000
0.1000
0.1000
0.1000
0.1000
0.1000
0.1000
0.1000
0.1000
0.1000
0.1000
0.1000
0.1000
0.1000
0.1000
0.1000
0.1000
0.1000
0.1000
0.1000
0.1000
0.1000
0.1000
0.1000
0.1000
0.1000
0.1000
0.1000
0.1000
0.1000
0.1000
0.1000
0.1000
0.1000
0.1000
0.1000
0.1000
0.1000
0.1000
0.1000
0.1000
0.1000
0.1000
0.1000
0.1000
0.1000
0.1000
0.1000
0.1000
0.1000
0.1000
0.1000
0.1000
0.1000
0.1000
0.1000
0.1000
0.1000
0.1000
0.1000
0.1000
0.1000
0.1000
0.1000
0.1000
0.1000
0.1000
0.1000
0.1000
0.1000
0.1000
0.1000
0.1000
0.1000
0.1000
0.1000
0.1000
0.1000
0.1000
0.1000
0.1000
0.1000
0.1000
0.1000
0.1000
0.1000
0.1000
0.1000
0.1000
0.1000
0.1000
0.1000
0.1000
0.1000
0.1000
0.1229
0.1000
0.1000
0.1000
0.1000
0.1000
0.1000
0.1000
0.1000
0.1000
0.1000
0.1000
0.1000
0.1000
0.1000
0.1000
0.1000
0.1000
0.1000
0.1000
0.1000
0.1000
0.1000
0.1000
0.1000
0.1000
0.1000
0.1000
0.1000
0.1000
0.1000
0.1000
0.1000
0.1000
0.1000
0.1000
0.1000
0.1000
0.1000
0.1000
0.1000
0.1000
0.1000
0.1000
0.1000
0.1000
0.1000
0.1000
0.1000
0.1000
0.1742
0.1000
0.1000
0.1000
0.1000
0.1000
0.1000
0.1000
0.1000
0.1000
0.1000
0.1000
0.1000
0.1000
0.1000
0.1000
0.1000
0.1000
0.1000
0.1000
0.1000
0.1000
0.1000
0.1000
0.1000
0.1000
0.1000
0.1000
0.1000
0.1000
0.1000
0.1000
0.1000
0.1000
0.1000
0.1000
0.1000
0.1000
0.1000
0.1000
0.1000
0.1000
0.1000
0.1000
0.1000
0.1000
0.1000
0.1000
0.1000
0.1000
0.1000
0.1000
0.1000
0.1000
0.1000
0.1000
0.1000
0.1000
0.1000
0.1000
0.1000
0.1000
0.1000
0.1000
0.1000
0.1000
0.1000
0.1000
0.1000
0.1000
0.1000
0.1000
0.1000
0.1000
0.1000
0.1000
0.1000
0.1000
0.1000
0.1000
0.1000
0.1000
0.1000
0.1000
0.1000
0.1000
0.1000
0.1000
0.1000
0.1000
0.1000
0.1000
0.1000
0.1000
0.1000
0.1000
0.1000
0.1000
0.1000
0.1000
0.1000
0.1000
0.1000
0.1000
0.1000
0.1000
0.1000
0.1000
0.1000
0.1000
0.1000
0.1000
0.1000
0.1000
0.1000
0.1000
0.1000
0.1000
0.1000
0.1000
0.1000
0.1000
0.1000
0.1000
0.1000
0.1000
0.1000
0.1000
0.1000
0.1000
0.1000
0.1000
0.1000
0.1000
0.1000
0.1000
0.1000
0.1000
0.1000
0.1000
0.1000
0.1000
0.1000
0.1000
0.1000
0.1000
0.1000
0.1000
0.1000
0.1000
0.1000
0.1000
0.1000
0.1000
0.1000
0.1000
0.1000
0.1000
0.1000
0.1000
0.1000
0.1000
0.1000
0.1000
0.1000
0.1000
0.1000
0.1000
0.1000
0.1000
0.1000
0.1000
0.1000
0.1000
0.1000
0.1000
0.1000
0.1000
0.1000
0.1000
0.1000
0.1000
0.1000
0.1000
0.1000
0.1000
0.1000
0.1000
0.1000
0.1000
0.1000
0.1000
0.1000
0.1000
0.1000
0.1000
0.1000
0.1000
0.1000
0.1000
0.1000
0.1000
0.1000
0.1000
0.1000
0.1000
0.1000
0.1000
0.1000
0.1000
0.1000
0.1000
0.1000
0.1000
0.1000
0.1000
0.1000
0.1000
0.1000
0.1000
0.1000
0.1000
0.1000
0.1000
0.1000
0.1000
0.1000
0.1000
0.1000
0.1000
0.1000
0.1000
0.1000
0.1000
0.1000
0.1000
0.1000
0.1000
0.1000
0.1000
0.1000
0.1000
0.1000
0.1000
0.1000
0.1000
0.1000
0.1000
0.1000
0.1000
0.1000
0.1000
0.1000
0.1000
0.1000
0.1000
0.1000
0.1000
0.1000
0.1000
0.1000
0.1000
0.1000
0.1000
0.1000
0.1000
0.1000
0.1000
0.1000
0.1000
0.1000
0.1000
0.1000
0.1000
0.1000
0.1000
0.1000
0.1000
0.1000
0.1000
0.1000
0.1000
0.1000
0.1000
0.1000
0.1000
0.1000
0.1000
0.1000
0.1000
0.1000
0.1000
0.1000
0.1000
0.1000
0.1000
0.1000
0.1000
0.1000
0.1000
0.1000
0.1000
0.1000
0.1000
0.1000
0.1000
0.1000
0.1000
0.1000
0.1000
0.1000
0.1000
0.1000
0.1000
0.1000
0.1000
0.1000
0.1000
0.1000
0.1000
0.1000
0.1000
0.1000
0.1000
0.1000
0.1000
0.1000
0.1000
0.1000
0.1000
0.1000
0.1000
0.1000
0.1000
0.1000
0.1000
0.1000
0.1000
0.1000
0.1000
0.1000
0.1000
0.1000
0.1000
0.1000
0.1000
0.1000
0.1000
0.1000
0.1000
0.1000
0.1000
0.1000
0.1000
0.1000
0.1000
0.1000
0.1000
0.1000
0.1000
0.1000
0.1000
0.1000
0.1000
0.1000
0.1000
0.1000
0.1000
0.1000
0.1917
0.3394
0.4319
0.4678
0.4468
0.3690
0.2357
0.1000
0.1000
0.1000
0.1000
0.1000
0.1000
0.1000
0.1000
0.1000
0.1000
0.1000
0.1000
0.1000
0.1000
0.1000
0.1000
0.1000
0.1000
0.1000
0.1000
0.1000
0.1000
0.1000
0.1000
0.1000
0.1000
0.1000
0.1000
0.1000
0.1000
0.1000
0.1000
0.1000
0.1000
0.1000
0.1000
0.1000
0.1000
0.1000
0.1000
0.1639
0.4815
0.7491
0.9632
1.1209
1.2197
1.2582
1.2357
1.1526
1.0101
0.8106
0.5567
0.2518
0.1000
0.1000
0.1000
0.1000
0.1000
0.1000
0.1000
0.1000
0.1000
0.1000
0.1000
0.1000
0.1000
0.1000
0.1000
0.1000
0.1000
0.1000
0.1000
0.1000
0.1000
0.1000
0.1000
0.1000
0.1000
0.1000
0.1000
0.1000
0.1000
0.1000
0.1000
0.1000
0.1000
0.1000
0.1000
0.1000
0.4892
0.8744
1.2119
1.4971
1.7260
1.8949
2.0010
2.0423
2.0181
1.9289
1.7762
1.5627
1.2919
0.9677
0.5945
0.1768
0.1000
0.1000
0.1000
0.1000
0.1000
0.1000
0.1000
0.1000
0.1000
0.1000
0.1000
0.1000
0.1000
0.1000
0.1000
0.1000
0.1000
0.1000
0.1000
0.1000
0.1000
0.1000
0.1000
0.1000
0.1000
0.1000
0.1000
0.1000
0.1000
0.1000
0.1000
0.1000
0.2140
0.7063
1.1593
1.5680
1.9274
2.2324
2.4779
2.6596
2.7740
2.8186
2.7925
2.6962
2.5319
2.3027
2.0129
1.6672
1.2709
0.8291
0.3466
0.1000
0.1000
0.1000
0.1000
0.1000
0.1000
0.1000
0.1000
0.1000
0.1000
0.1000
0.1000
0.1000
0.1000
0.1000
0.1000
0.1000
0.1000
0.1000
0.1000
0.1000
0.1000
0.1000
0.1000
0.1000
0.1000
0.1000
0.1000
0.1000
0.1000
0.2568
0.8095
1.3279
1.8070
2.2413
2.6250
2.9520
3.2164
3.4128
3.5366
3.5850
3.5567
3.4524
3.2747
3.0276
2.7164
2.3470
1.9254
1.4575
0.9489
0.4048
0.1000
0.1000
0.1000
0.1000
0.1000
0.1000
0.1000
0.1000
0.1000
0.1000
0.1000
0.1000
0.1000
0.1000
0.1000
0.1000
0.1000
0.1000
0.1000
0.1000
0.1000
0.1000
0.1000
0.1000
0.1000
0.1000
0.1000
0.1000
0.1877
0.7957
1.3749
1.9208
2.4278
2.8900
3.3005
3.6522
3.9381
4.1512
4.2861
4.3389
4.3080
4.1944
4.0012
3.7338
3.3987
3.0029
2.5536
2.0577
1.5215
0.9505
0.3496
0.1000
0.1000
0.1000
0.1000
0.1000
0.1000
0.1000
0.1000
0.1000
0.1000
0.1000
0.1000
0.1000
0.1000
0.1000
0.1000
0.1000
0.1000
0.1000
0.1000
0.1000
0.1000
0.1000
0.1000
0.1000
0.1000
0.1000
0.6652
1.2990
1.9055
2.4800
3.0167
3.5088
3.9487
4.3281
4.6382
4.8708
5.0185
5.0765
5.0425
4.9180
4.7070
4.4165
4.0544
3.6295
3.1503
2.6246
2.0594
1.4608
0.8338
0.1827
0.1000
0.1000
0.1000
0.1000
0.1000
0.1000
0.1000
0.1000
0.1000
0.1000
0.1000
0.1000
0.1000
0.1000
0.1000
0.1000
0.1000
0.1000
0.1000
0.1000
0.1000
0.1000
0.1000
0.1000
0.1000
0.1000
1.1024
1.7617
2.3958
2.9997
3.5673
4.0913
4.5631
4.9731
5.3108
5.5656
5.7283
5.7923
5.7548
5.6175
5.3860
5.0691
4.6770
4.2204
3.7092
3.1523
2.5573
1.9305
1.2774
0.6022
0.1000
0.1000
0.1000
0.1000
0.1000
0.1000
0.1000
0.1000
0.1000
0.1000
0.1000
0.1000
0.1000
0.1000
0.1000
0.1000
0.1000
0.1000
0.1000
0.1000
0.1000
0.1000
0.1000
0.1000
0.1000
0.1000
1.4943
2.1784
2.8397
3.4730
4.0721
4.6293
5.1353
5.5787
5.9471
6.2275
6.4076
6.4788
6.4371
6.2848
6.0297
5.6831
5.2581
4.7674
4.2226
3.6336
3.0086
2.3542
1.6756
0.9772
0.2622
0.1000
0.1000
0.1000
0.1000
0.1000
0.1000
0.1000
0.1000
0.1000
0.1000
0.1000
0.1000
0.1000
0.1000
0.1000
0.1000
0.1000
0.1000
0.1000
0.1000
0.1000
0.1000
0.1000
0.1000
0.1000
1.8361
2.5435
3.2305
3.8923
4.5226
5.1134
5.6546
6.1338
6.5360
6.8451
7.0453
7.1248
7.0782
6.9087
6.6267
6.2473
5.7868
5.2606
4.6817
4.0609
3.4067
2.7257
2.0233
1.3033
0.5689
0.1000
0.1000
0.1000
0.1000
0.1000
0.1000
0.1000
0.1000
0.1000
0.1000
0.1000
0.1000
0.1000
0.1000
0.1000
0.1000
0.1000
0.1000
0.1000
0.1000
0.1000
0.1000
0.1000
0.1000
0.1000
2.1227
2.8510
3.5614
4.2495
4.9091
5.5323
6.1085
6.6241
7.0620
7.4025
7.6252
7.7142
7.6620
7.4730
7.1615
6.7472
6.2502
5.6884
5.0764
4.4255
3.7442
3.0391
2.3152
1.5760
0.8246
0.1000
0.1000
0.1000
0.1000
0.1000
0.1000
0.1000
0.1000
0.1000
0.1000
0.1000
0.1000
0.1000
0.1000
0.1000
0.1000
0.1000
0.1000
0.1000
0.1000
0.1000
0.1000
0.1000
0.1000
0.1000
2.3497
3.0954
3.8257
4.5363
5.2216
5.8738
6.4823
7.0326
7.5056
7.8781
8.1247
8.2238
8.1656
7.9560
7.6141
7.1649
6.6329
6.0381
5.3962
4.7187
4.0141
3.2885
2.5465
1.7915
1.0260
0.2520
0.1000
0.1000
0.1000
0.1000
0.1000
0.1000
0.1000
0.1000
0.1000
0.1000
0.1000
0.1000
0.1000
0.1000
0.1000
0.1000
0.1000
0.1000
0.1000
0.1000
0.1000
0.1000
0.1000
0.1000
2.5129
3.2717
4.0170
4.7450
5.4503
6.1256
6.7604
7.3398
7.8436
8.2451
8.5139
8.6228
8.5588
8.3296
7.9599
7.4802
6.9184
6.2965
5.6306
4.9323
4.2097
3.4685
2.7129
1.9461
1.1702
0.3871
0.1000
0.1000
0.1000
0.1000
0.1000
0.1000
0.1000
0.1000
0.1000
0.1000
0.1000
0.1000
0.1000
0.1000
0.1000
0.1000
0.1000
0.1000
0.1000
0.1000
0.1000
0.1000
0.1000
0.1000
2.6092
3.3759
4.1304
4.8691
5.5870
6.2770
6.9287
7.5275
8.0521
8.4739
8.7589
8.8750
8.8067
8.5633
8.1739
7.6732
7.0916
6.4520
5.7709
5.0596
4.3258
3.5750
2.8112
2.0372
1.2551
0.4664
0.1000
0.1000
0.1000
0.1000
0.1000
0.1000
0.1000
0.1000
0.1000
0.1000
0.1000
0.1000
0.1000
0.1000
0.1000
0.1000
0.1000
0.1000
0.1000
0.1000
0.1000
0.1000
0.1000
0.1000
2.6366
3.4057
4.1628
4.9047
5.6262
6.3205
6.9774
7.5819
8.1129
8.5412
8.8312
8.9496
8.8799
8.6321
8.2365
7.7293
7.1416
6.4968
5.8112
5.0960
4.3590
3.6054
2.8392
2.0632
1.2793
0.4890
0.1000
0.1000
0.1000
0.1000
0.1000
0.1000
0.1000
0.1000
0.1000
0.1000
0.1000
0.1000
0.1000
0.1000
0.1000
0.1000
0.1000
0.1000
0.1000
0.1000
0.1000
0.1000
0.1000
0.1000
2.5947
3.3602
4.1133
4.8504
5.5664
6.2541
6.9032
7.4989
8.0202
8.4388
8.7211
8.8361
8.7685
8.5274
8.1412
7.6438
7.0653
6.4285
5.7497
5.0404
4.3083
3.5590
2.7964
2.0235
1.2423
0.4545
0.1000
0.1000
0.1000
0.1000
0.1000
0.1000
0.1000
0.1000
0.1000
0.1000
0.1000
0.1000
0.1000
0.1000
0.1000
0.1000
0.1000
0.1000
0.1000
0.1000
0.1000
0.1000
0.1000
0.1000
2.4842
3.2406
3.9833
4.7081
5.4099
6.0810
6.7109
7.2849
7.7828
8.1788
8.4433
8.5503
8.4874
8.2620
7.8977
7.4238
6.8675
6.2506
5.5891
4.8946
4.1752
3.4368
2.6837
1.9189
1.1449
0.3634
0.1000
0.1000
0.1000
0.1000
0.1000
0.1000
0.1000
0.1000
0.1000
0.1000
0.1000
0.1000
0.1000
0.1000
0.1000
0.1000
0.1000
0.1000
0.1000
0.1000
0.1000
0.1000
0.1000
0.1000
2.3074
3.0498
3.7762
4.4825
5.1629
5.8094
6.4115
6.9548
7.4208
7.7867
8.0283
8.1253
8.0683
7.8630
7.5274
7.0853
6.5603
5.9721
5.3360
4.6637
3.9636
3.2419
2.5033
1.7513
0.9885
0.2169
0.1000
0.1000
0.1000
0.1000
0.1000
0.1000
0.1000
0.1000
0.1000
0.1000
0.1000
0.1000
0.1000
0.1000
0.1000
0.1000
0.1000
0.1000
0.1000
0.1000
0.1000
0.1000
0.1000
0.1000
2.0676
2.7917
3.4975
4.1803
4.8341
5.4507
6.0197
6.5277
6.9581
7.2918
7.5098
7.5966
7.5457
7.3609
7.0558
6.6488
6.1594
5.6050
4.9997
4.3548
3.6790
2.9787
2.2590
1.5236
0.7755
0.1000
0.1000
0.1000
0.1000
0.1000
0.1000
0.1000
0.1000
0.1000
0.1000
0.1000
0.1000
0.1000
0.1000
0.1000
0.1000
0.1000
0.1000
0.1000
0.1000
0.1000
0.1000
0.1000
0.1000
0.1000
1.7690
2.4717
3.1535
3.8094
4.4333
5.0172
5.5510
6.0225
6.4175
6.7203
6.9161
6.9937
6.9482
6.7825
6.5064
6.1341
5.6812
5.1624
4.5906
3.9764
3.3282
2.6526
1.9550
1.2393
0.5088
0.1000
0.1000
0.1000
0.1000
0.1000
0.1000
0.1000
0.1000
0.1000
0.1000
0.1000
0.1000
0.1000
0.1000
0.1000
0.1000
0.1000
0.1000
0.1000
0.1000
0.1000
0.1000
0.1000
0.1000
0.1000
1.4163
2.0954
2.7510
3.3782
3.9707
4.5209
5.0196
5.4558
5.8176
6.0923
6.2686
6.3381
6.2974
6.1484
5.8985
5.5584
5.1405
4.6571
4.1194
3.5371
2.9184
2.2697
1.5964
0.9027
0.1920
0.1000
0.1000
0.1000
0.1000
0.1000
0.1000
0.1000
0.1000
0.1000
0.1000
0.1000
0.1000
0.1000
0.1000
0.1000
0.1000
0.1000
0.1000
0.1000
0.1000
0.1000
0.1000
0.1000
0.1000
0.1000
1.0145
1.6685
2.2969
2.8946
3.4556
3.9728
4.4378
4.8412
5.1728
5.4227
5.5821
5.6447
5.6080
5.4735
5.2466
4.9355
4.5499
4.1002
3.5958
3.0455
2.4568
1.8359
1.1882
0.5180
0.1000
0.1000
0.1000
0.1000
0.1000
0.1000
0.1000
0.1000
0.1000
0.1000
0.1000
0.1000
0.1000
0.1000
0.1000
0.1000
0.1000
0.1000
0.1000
0.1000
0.1000
0.1000
0.1000
0.1000
0.1000
0.1000
0.5686
1.1969
1.7977
2.3661
2.8965
3.3822
3.8157
4.1891
4.4939
4.7221
4.8670
4.9238
4.8905
4.7684
4.5614
4.2759
3.9198
3.5012
3.0284
2.5091
1.9501
1.3572
0.7357
0.1000
0.1000
0.1000
0.1000
0.1000
0.1000
0.1000
0.1000
0.1000
0.1000
0.1000
0.1000
0.1000
0.1000
0.1000
0.1000
0.1000
0.1000
0.1000
0.1000
0.1000
0.1000
0.1000
0.1000
0.1000
0.1000
0.1000
0.1000
0.6858
1.2594
1.7994
2.3004
2.7566
3.1613
3.5076
3.7887
3.9982
4.1307
4.1825
4.1521
4.0406
3.8508
3.5879
3.2580
2.8679
2.4246
1.9347
1.4044
0.8391
0.2437
0.1000
0.1000
0.1000
0.1000
0.1000
0.1000
0.1000
0.1000
0.1000
0.1000
0.1000
0.1000
0.1000
0.1000
0.1000
0.1000
0.1000
0.1000
0.1000
0.1000
0.1000
0.1000
0.1000
0.1000
0.1000
0.1000
0.1000
0.1000
0.1401
0.6873
1.2001
1.6736
2.1024
2.4808
2.8030
3.0632
3.2564
3.3781
3.4257
3.3978
3.2953
3.1205
2.8774
2.5709
2.2067
1.7905
1.3282
0.8253
0.2866
0.1000
0.1000
0.1000
0.1000
0.1000
0.1000
0.1000
0.1000
0.1000
0.1000
0.1000
0.1000
0.1000
0.1000
0.1000
0.1000
0.1000
0.1000
0.1000
0.1000
0.1000
0.1000
0.1000
0.1000
0.1000
0.1000
0.1000
0.1000
0.1000
0.1000
0.1000
0.1000
0.1000
0.1000
0.1000
0.1000
0.1000
0.1000
0.1000
0.1000
0.1000
0.1000
0.1000
0.1000
0.1000
0.1000
0.1000
0.1000
0.1000
0.1000
0.1000
0.1000
0.1000
0.1000
0.1000
0.1000
0.1000
0.1000
0.1000
0.1000
0.1000
0.1000
0.1000
0.1000
0.1000
0.1000
0.1000
0.1000
0.1000
0.1000
0.1000
0.1000
0.1000
0.1000
0.1000
0.1000
0.1000
0.1000
0.1000
0.1000
0.1000
0.1000
0.1000
0.1000
0.1000
0.1000
0.1000
0.1000
0.1000
0.1000
0.1000
0.1000
0.1000
0.1000
0.1000
0.1000
0.1000
0.1000
0.1000
0.1000
0.1000
0.1000
0.1000
0.1000
0.1000
0.1000
0.1000
0.1000
0.1000
0.1000
0.1000
0.1000
0.1000
0.1000
0.1000
0.1000
0.1000
0.1000
0.1000
0.1000
0.1000
0.1000
0.1000
0.1000
0.1000
0.1000
0.1000
0.1000
0.1000
0.1000
0.1000
0.1000
0.1000
0.1000
0.1000
0.1000
0.1000
0.1000
0.1000
0.1000
0.1000
0.1000
0.1000
0.1000
0.1000
0.1000
0.1000
0.1000
0.1000
0.1000
0.1000
0.1000
0.1000
0.1000
0.1000
0.1000
0.1000
0.1000
0.1000
0.1000
0.1000
0.1000
0.1000
0.1000
0.1000
0.1000
0.1000
0.1000
0.1000
0.1000
0.1000
0.1000
0.1000
0.1000
0.1000
0.1000
0.1000
0.1000
0.1000
0.1000
0.1000
0.1000
0.1000
0.1000
0.1000
0.1000
0.1000
0.1000
0.1000
0.1000
0.1000
0.1000
0.1000
0.1000
0.1000
0.1000
0.1000
0.1000
0.1000
0.1000
0.1000
0.1000
0.1000
0.1000
0.1000
0.1000
0.1000
0.1000
0.1000
0.1000
0.1000
0.1000
0.1000
0.1000
0.1000
0.1000
0.1000
0.1000
0.1000
0.1000
0.1000
0.1000
0.1000
0.1000
0.1000
0.1000
0.1000
0.1000
0.1000
0.1000
0.1000
0.1000
0.1000
0.1000
0.1000
0.1000
0.1000
0.1000
0.1000
0.1000
0.1000
0.1000
0.1000
0.1000
0.1000
0.1000
0.1000
0.1000
0.1000
0.1000
0.1000
0.1000
0.1000
0.1000
0.1000
0.1000
0.1000
0.1000
0.1000
0.1000
0.1000
0.1000
0.1000
0.1000
0.1000
0.1000
0.1000
0.1000
0.1000
0.1000
0.1000
0.1000
0.1000
0.1000
0.1000
0.1000
0.1000
0.1000
0.1000
0.1000
0.1000
0.1000
0.1000
0.1000
0.1000
0.1000
0.1000
0.1000
0.1000
0.1000
0.1000
0.1000
0.1000
0.1000
0.1000
0.1000
0.1000
0.1000
0.1000
0.1000
0.1000
0.1000
0.1000
0.1000
0.1000
0.1000
0.1000
0.1000
0.1000
0.1000
0.1000
0.1000
0.1000
0.1000
0.1000
0.1000
0.1000
0.1000
0.1000
0.1000
0.1000
0.1000
0.1000
0.1000
0.1000
0.1000
0.1000
0.1000
0.1000
0.1000
0.1000
0.1000
0.1000
0.1000
0.1000
0.1000
0.1000
0.1000
0.1000
0.1000
0.1000
0.1000
0.1000
0.1000
0.1000
0.1000
0.1000
0.1000
0.1000
0.1000
0.1000
0.1000
0.1000
0.1000
0.1000
0.1000
0.1000
0.1000
0.1000
0.1000
0.1000
0.1000
0.1000
0.1000
0.1000
0.1000
0.1000
0.1000
0.1000
0.1000
0.1000
0.1000
0.1000
0.1000
0.1000
0.1000
0.1000
0.1000
0.1000
0.1000
0.1000
0.1000
0.1000
0.1000
0.1000
0.1000
0.1000
0.1000
0.1000
0.1000
0.1000
0.1000
0.1000
0.1000
0.1000
0.1000
0.1000
0.1000
0.1000
0.1000
0.1000
0.1000
0.1000
0.1000
0.1000
0.1000
0.1000
0.1000
0.1000
0.1000
0.1000
0.1000
0.1000
0.1000
0.1000
0.1000
0.1000
0.1000
0.1000
0.1000
0.1000
0.1000
0.1000
0.1000
0.1000
0.1000
0.1000
0.1000
0.1000
0.1000
0.1000
0.1000
0.1000
0.1000
0.1000
0.1000
0.1000
0.1000
0.1000
0.1000
0.1000
0.1000
0.1000
0.1000
0.1000
0.1000
0.1000
0.1000
0.1000
0.1000
0.1000
0.1000
0.1000
0.1000
0.1000
0.1000
0.1000
0.1000
0.1000
0.1000
0.1000
0.1000
0.1000
0.1000
0.1000
0.1000
0.1000
0.1000
0.1000
0.1000
0.1000
0.1000
0.1000
0.1000
0.1000
0.1000
0.1000
0.1000
0.1000
0.1000
0.1000
0.1000
0.1000
0.1000
0.1000
0.1000
0.1000
0.1000
0.1000
0.1000
0.1000
0.1000
0.1000
0.1000
0.1000
0.1000
0.1000
0.1000
0.1000
0.1000
0.1000
0.1000
0.1000
0.1000
0.1000
0.1000
0.1000
0.1000
0.1000
0.1000
0.1000
0.1000
0.1000
0.1000
0.1000
0.1000
0.1000
0.1000
0.1000
0.1000
0.1000
0.1000
0.1000
0.1000
0.1000
0.1000
0.1000
0.1000
0.1000
0.1000
0.1000
0.1000
0.1000
0.1000
0.1000
0.1000
0.1000
0.1000
0.1000
0.1000
0.1000
0.1000
0.1000
0.1000
0.1000
0.1000
0.1000
0.1000
0.1000
0.1000
0.1000
0.1000
0.1000
0.1000
0.1000
0.1000
0.1000
0.1000
0.1000
0.1000
0.1000
0.1000
0.1000
0.1000
0.1000
0.1000
0.1000
0.1000
0.1000
0.1000
0.1000
0.1000
0.1000
0.1000
0.1000
0.1000
0.1000
0.1000
0.1000
0.1000
0.1000
0.1000
0.1000
0.1000
0.1000
0.1000
0.1000
0.1000
0.1000
0.1000
0.1000
0.1000
0.1000
0.1000
0.1000
0.1000
0.1000
0.1000
0.1000
0.1000
0.1000
0.1000
0.1000
0.1000
0.1000
0.1000
0.1000
0.1000
0.1000
0.1000
0.1000
0.1000
0.1000
0.1000
0.1000
0.1000
0.1000
0.1000
0.1000
0.1000
0.1000
0.1000
0.1000
0.1000
0.1000
0.1000
0.1000
0.1000
0.1000
0.1000
0.1000
0.1000
0.1000
0.1000
0.1000
0.1000
0.1000
0.1000
0.1000
0.1000
0.1000
0.1000
0.1000
0.1000
0.1000
0.1000
0.1000
0.1000
0.1000
0.1000
0.1000
0.1000
0.1000
0.1000
0.1000
0.1000
0.1000
0.1000
0.1000
0.1000
0.1000
0.1000
0.1000
0.1000
0.1000
0.1000
0.1000
0.1000
0.1000
0.1000
0.1000
0.1000
0.1000
0.1000
0.1000
0.1000
0.1000
0.1000
0.1000
0.1000
0.1000
0.1000
0.1000
0.1000
0.1000
0.1000
0.1000
0.1000
0.1000
0.1000
0.1000
0.1000
0.1000
0.1000
0.1000
0.1000
0.1000
0.1000
0.1000
0.1000
0.1000
0.1000
0.1000
0.1000
0.1000
0.1000
0.1000
0.1000
0.1000
0.1000
0.1000
0.1000
0.1000
0.1000
0.1000
0.1000
0.1000
0.1000
0.1000
0.1000
0.1000
0.1000
0.1000
0.1000
0.1000
0.1000
0.1000
0.1000
0.1000
0.1000
0.1000
0.1000
0.1000
0.1000
0.1000
0.1000
0.1000
0.1000
0.1000
0.1000
0.1000
0.1000
0.1000
0.1000
0.1000
0.1000
0.1000
0.1000
0.1000
0.1000
0.1000
0.1000
0.1000
0.1000
0.1000
0.1000
0.1000
0.1000
0.1000
0.1000
0.1000
0.1000
0.1000
0.1000
0.1000
0.1000
0.1000
0.1000
0.1000
0.1000
0.1000
0.1000
0.1000
0.1000
0.1000
0.1000
0.1000
0.1000
0.1000
0.1000
0.1000
0.1000
0.1000
0.1000
0.1000
0.1000
0.1000
0.1000
0.1000
0.1000
0.1000
0.1000
0.1000
0.1000
0.1000
0.1000
0.1000
0.1000
0.1000
0.1000
0.1000
0.1000
0.1000
0.1000
0.1000
0.1000
0.1000
0.1000
0.1000
0.1000
0.1000
0.1000
0.1000
0.1000
0.1000
0.1554
0.4051
0.4870
0.3963
0.1384
0.1000
0.1000
0.1000
0.1000
0.1000
0.1000
0.1000
0.1000
0.1000
0.1000
0.1000
0.1000
0.1000
0.1000
0.1000
0.1000
0.1000
0.1000
0.1000
0.1000
0.1000
0.1000
0.1000
0.1000
0.1000
0.1000
0.1000
0.1000
0.1000
0.1000
0.1000
0.1000
0.1000
0.1000
0.1000
0.1000
0.1000
0.1000
0.1000
0.1000
0.1000
0.1000
0.1000
0.1000
0.1000
0.3764
0.6329
0.7173
0.6240
0.3590
0.1000
0.1000
0.1000
0.1000
0.1000
0.1000
0.1000
0.1000
0.1000
0.1000
0.1000
0.1000
0.1000
0.1000
0.1000
0.1000
0.1000
0.1000
0.1000
0.1000
0.1000
0.1000
0.1000
0.1000
0.1000
0.1000
0.1000
0.1000
0.1000
0.1000
0.1000
0.1000
0.1000
0.1000
0.1000
0.1000
0.1000
0.1000
0.1000
0.1000
0.1000
0.1000
0.1000
0.1000
0.1000
0.4292
0.6875
0.7724
0.6784
0.4117
0.1000
0.1000
0.1000
0.1000
0.1000
0.1000
0.1000
0.1000
0.1000
0.1000
0.1000
0.1000
0.1000
0.1000
0.1000
0.1000
0.1000
0.1000
0.1000
0.1000
0.1000
0.1000
0.1000
0.1000
0.1000
0.1000
0.1000
0.1000
0.1000
0.1000
0.1000
0.1000
0.1000
0.1000
0.1000
0.1000
0.1000
0.1000
0.1000
0.1000
0.1000
0.1000
0.1000
0.1000
0.1000
0.3107
0.5651
0.6488
0.5562
0.2934
0.1000
0.1000
0.1000
0.1000
0.1000
0.1000
0.1000
0.1000
0.1000
0.1000
0.1000
0.1000
0.1000
0.1000
0.1000
0.1000
0.1000
0.1000
0.1000
0.1000
0.1000
0.1000
0.1000
0.1000
0.1000
0.1000
0.1000
0.1000
0.1000
0.1000
0.1000
0.1000
0.1000
0.1000
0.1000
0.1000
0.1000
0.1000
0.1000
0.1000
0.1000
0.1000
0.1000
0.1000
0.1000
0.1000
0.2737
0.3544
0.2651
0.1000
0.1000
0.1000
0.1000
0.1000
0.1000
0.1000
0.1000
0.1000
0.1000
0.1000
0.1000
0.1000
0.1000
0.1000
0.1000
0.1000
0.1000
0.1000
0.1000
0.1000
0.1000
0.1000
0.1000
0.1000
0.1000
0.1000
0.1000
0.1000
0.1000
0.1000
0.1000
0.1000
0.1000
0.1000
0.1000
0.1000
0.1000
0.1000
0.1000
0.1000
0.1000
0.1000
0.1000
0.1000
0.1000
0.1000
0.1000
0.1000
0.1000
0.1000
0.1000
0.1000
0.1000
0.1000
0.1000
0.1000
0.1000
0.1000
0.1000
0.1000
0.1000
0.1000
0.1000
0.1000
0.1000
0.1000
0.1000
0.1000
0.1000
0.1000
0.1000
0.1000
0.1000
0.1000
0.1000
0.1000
0.1000
0.1000
0.1000
0.1000
0.1000
0.1000
0.1000
0.1000
0.1000
0.1000
0.1000
0.1000
0.1000
0.1000
0.1000
0.1000
0.1000
0.1000
0.1000
0.1000
0.1000
0.1000
0.1000
0.1000
0.1000
0.1000
0.1000
0.1000
0.1000
0.1000
0.1000
0.1000
0.1000
0.1000
0.1000
0.1000
0.1000
0.1000
0.1000
0.1000
0.1000
0.1000
0.1000
0.1000
0.1000
0.1000
0.1000
0.1000
0.1000
0.1000
0.1000
0.1000
0.1000
0.1000
0.1000
0.1000
0.1000
0.1000
0.1000
0.1000
0.1000
0.1000
0.1000
0.1000
0.1000
0.1000
0.1000
0.1000
0.1000
0.1000
0.1000
0.1000
0.1000
0.1000
0.1000
0.1000
0.1000
0.1000
0.1000
0.1000
0.1000
0.1000
0.1000
0.1000
0.1000
0.1000
0.1000
0.1000
0.1000
0.1000
0.1000
0.1000
0.1000
0.1000
0.1000
0.1000
0.1000
0.1000
0.1000
0.1000
0.1000
0.1000
0.1000
0.1000
0.1000
0.1000
0.1000
0.1000
0.1000
0.1000
0.1000
0.1000
0.1000
0.1000
0.1000
0.1000
0.1000
0.1000
0.1000
0.1000
0.1000
0.1000
0.1000
0.1000
0.1000
0.1000
0.1000
0.1000
0.1000
0.1000
0.1000
0.1000
0.1000
0.1000
0.1000
0.1000
0.1000
0.1000
0.1000
0.1000
0.1000
0.1000
0.1000
0.1000
0.1000
0.1000
0.1000
0.1000
0.1000
0.1000
0.1000
0.1000
0.1000
0.1000
0.1000
0.1000
0.1000
0.1000
0.1000
0.1000
0.1000
0.1000
0.1000
0.1000
0.1000
0.1000
0.1000
0.1000
0.1000
0.1000
0.1000
0.1000
0.1000
0.1000
0.1000
0.1000
0.1000
0.1000
0.1000
0.1000
0.1000
0.1000
0.1000
0.1000
0.1000
0.1000
0.1000
0.1000
0.1000
0.1044
0.3073
0.4564
0.5498
0.5861
0.5648
0.4863
0.3517
0.1627
0.1000
0.1000
0.1000
0.1000
0.1000
0.1000
0.1000
0.1000
0.1000
0.1000
0.1000
0.1000
0.1000
0.1000
0.1000
0.1000
0.1000
0.1000
0.1000
0.1000
0.1000
0.1000
0.1000
0.1000
0.1000
0.1000
0.1000
0.1000
0.1000
0.1000
0.1000
0.1000
0.1000
0.1000
0.1000
0.1000
0.1000
0.1000
0.1000
0.2793
0.5999
0.8702
1.0866
1.2460
1.3459
1.3848
1.3620
1.2780
1.1340
0.9323
0.6758
0.3680
0.1000
0.1000
0.1000
0.1000
0.1000
0.1000
0.1000
0.1000
0.1000
0.1000
0.1000
0.1000
0.1000
0.1000
0.1000
0.1000
0.1000
0.1000
0.1000
0.1000
0.1000
0.1000
0.1000
0.1000
0.1000
0.1000
0.1000
0.1000
0.1000
0.1000
0.1000
0.1000
0.1000
0.1000
0.1000
0.1748
0.6076
0.9969
1.3380
1.6265
1.8581
2.0291
2.1366
2.1784
2.1539
2.0636
1.9090
1.6929
1.4189
1.0911
0.7141
0.2922
0.1000
0.1000
0.1000
0.1000
0.1000
0.1000
0.1000
0.1000
0.1000
0.1000
0.1000
0.1000
0.1000
0.1000
0.1000
0.1000
0.1000
0.1000
0.1000
0.1000
0.1000
0.1000
0.1000
0.1000
0.1000
0.1000
0.1000
0.1000
0.1000
0.1000
0.1000
0.1000
0.3298
0.8270
1.2848
1.6982
2.0621
2.3711
2.6200
2.8044
2.9204
2.9657
2.9392
2.8415
2.6748
2.4423
2.1486
1.7986
1.3977
0.9510
0.4637
0.1000
0.1000
0.1000
0.1000
0.1000
0.1000
0.1000
0.1000
0.1000
0.1000
0.1000
0.1000
0.1000
0.1000
0.1000
0.1000
0.1000
0.1000
0.1000
0.1000
0.1000
0.1000
0.1000
0.1000
0.1000
0.1000
0.1000
0.1000
0.1000
0.1000
0.3730
0.9312
1.4553
1.9401
2.3801
2.7692
3.1012
3.3699
3.5696
3.6957
3.7449
3.7161
3.6100
3.4292
3.1781
2.8621
2.4873
2.0600
1.5864
1.0721
0.5224
0.1000
0.1000
0.1000
0.1000
0.1000
0.1000
0.1000
0.1000
0.1000
0.1000
0.1000
0.1000
0.1000
0.1000
0.1000
0.1000
0.1000
0.1000
0.1000
0.1000
0.1000
0.1000
0.1000
0.1000
0.1000
0.1000
0.1000
0.1000
0.3033
0.9173
1.5029
2.0554
2.5692
3.0382
3.4554
3.8134
4.1047
4.3221
4.4599
4.5138
4.4822
4.3662
4.1691
3.8965
3.5553
3.1529
2.6968
2.1941
1.6511
1.0737
0.4667
0.1000
0.1000
0.1000
0.1000
0.1000
0.1000
0.1000
0.1000
0.1000
0.1000
0.1000
0.1000
0.1000
0.1000
0.1000
0.1000
0.1000
0.1000
0.1000
0.1000
0.1000
0.1000
0.1000
0.1000
0.1000
0.1000
0.1000
0.7855
1.4260
2.0399
2.6222
3.1669
3.6674
4.1155
4.5027
4.8199
5.0580
5.2095
5.2690
5.2342
5.1064
4.8903
4.5930
4.2233
3.7903
3.3027
2.7689
2.1958
1.5897
0.9558
0.2982
0.1000
0.1000
0.1000
0.1000
0.1000
0.1000
0.1000
0.1000
0.1000
0.1000
0.1000
0.1000
0.1000
0.1000
0.1000
0.1000
0.1000
0.1000
0.1000
0.1000
0.1000
0.1000
0.1000
0.1000
0.1000
0.1000
1.2272
1.8943
2.5367
3.1497
3.7269
4.2609
4.7430
5.1629
5.5096
5.7719
5.9397
6.0058
5.9671
5.8254
5.5870
5.2614
4.8596
4.3927
3.8714
3.3047
2.7005
2.0653
1.4042
0.7218
0.1000
0.1000
0.1000
0.1000
0.1000
0.1000
0.1000
0.1000
0.1000
0.1000
0.1000
0.1000
0.1000
0.1000
0.1000
0.1000
0.1000
0.1000
0.1000
0.1000
0.1000
0.1000
0.1000
0.1000
0.1000
0.1000
1.6236
2.3164
2.9871
3.6309
4.2414
4.8107
5.3293
5.7855
6.1658
6.4561
6.6432
6.7172
6.6739
6.5156
6.2512
5.8931
5.4555
4.9521
4.3950
3.7944
3.1587
2.4946
1.8072
1.1007
0.3785
0.1000
0.1000
0.1000
0.1000
0.1000
0.1000
0.1000
0.1000
0.1000
0.1000
0.1000
0.1000
0.1000
0.1000
0.1000
0.1000
0.1000
0.1000
0.1000
0.1000
0.1000
0.1000
0.1000
0.1000
0.1000
1.9696
2.6865
3.3843
4.0580
4.7015
5.3069
5.8637
6.3590
6.7768
7.0994
7.3094
7.3929
7.3439
7.1661
6.8713
6.4767
6.0001
5.4581
4.8643
4.2299
3.5634
2.8715
2.1592
1.4304
0.6881
0.1000
0.1000
0.1000
0.1000
0.1000
0.1000
0.1000
0.1000
0.1000
0.1000
0.1000
0.1000
0.1000
0.1000
0.1000
0.1000
0.1000
0.1000
0.1000
0.1000
0.1000
0.1000
0.1000
0.1000
0.1000
2.2600
2.9987
3.7209
4.4224
5.0973
5.7377
6.3328
6.8686
7.3269
7.6858
7.9221
8.0169
7.9612
7.7605
7.4316
6.9971
6.4797
5.8986
5.2689
4.6022
3.9071
3.1898
2.4550
1.7063
0.9465
0.1774
0.1000
0.1000
0.1000
0.1000
0.1000
0.1000
0.1000
0.1000
0.1000
0.1000
0.1000
0.1000
0.1000
0.1000
0.1000
0.1000
0.1000
0.1000
0.1000
0.1000
0.1000
0.1000
0.1000
0.1000
2.4900
3.2469
3.9901
4.7156
5.4180
6.0900
6.7209
7.2960
7.7951
8.1921
8.4575
8.5648
8.5017
8.2756
7.9102
7.4351
6.8778
6.2599
5.5975
4.9022
4.1822
3.4432
2.6896
1.9244
1.1500
0.3682
0.1000
0.1000
0.1000
0.1000
0.1000
0.1000
0.1000
0.1000
0.1000
0.1000
0.1000
0.1000
0.1000
0.1000
0.1000
0.1000
0.1000
0.1000
0.1000
0.1000
0.1000
0.1000
0.1000
0.1000
2.6555
3.4261
4.1851
4.9291
5.6532
6.3505
7.0109
7.6196
8.1551
8.5879
8.8816
9.0017
8.9310
8.6799
8.2799
7.7681
7.1762
6.5277
5.8390
5.1211
4.3818
3.6263
2.8585
2.0810
1.2959
0.5045
0.1000
0.1000
0.1000
0.1000
0.1000
0.1000
0.1000
0.1000
0.1000
0.1000
0.1000
0.1000
0.1000
0.1000
0.1000
0.1000
0.1000
0.1000
0.1000
0.1000
0.1000
0.1000
0.1000
0.1000
2.7532
3.5321
4.3009
5.0563
5.7940
6.5075
7.1871
7.8182
8.3791
8.8377
9.1528
9.2828
9.2062
8.9360
8.5107
7.9732
7.3580
6.6894
5.9837
5.2517
4.5004
3.7348
2.9583
2.1733
1.3817
0.5847
0.1000
0.1000
0.1000
0.1000
0.1000
0.1000
0.1000
0.1000
0.1000
0.1000
0.1000
0.1000
0.1000
0.1000
0.1000
0.1000
0.1000
0.1000
0.1000
0.1000
0.1000
0.1000
0.1000
0.1000
2.7811
3.5624
4.3340
5.0928
5.8344
6.5527
7.2380
7.8761
8.4447
8.9116
9.2337
9.3669
9.2884
9.0120
8.5786
8.0330
7.4106
6.7360
6.0253
5.2891
4.5343
3.7657
2.9867
2.1996
1.4061
0.6075
0.1000
0.1000
0.1000
0.1000
0.1000
0.1000
0.1000
0.1000
0.1000
0.1000
0.1000
0.1000
0.1000
0.1000
0.1000
0.1000
0.1000
0.1000
0.1000
0.1000
0.1000
0.1000
0.1000
0.1000
2.7385
3.5162
4.2834
5.0371
5.7727
6.4837
7.1603
7.7879
8.3447
8.7992
9.1108
9.2391
9.1635
8.8965
8.4753
7.9419
7.3303
6.6649
5.9618
5.2319
4.4825
3.7184
2.9432
2.1594
1.3688
0.5726
0.1000
0.1000
0.1000
0.1000
0.1000
0.1000
0.1000
0.1000
0.1000
0.1000
0.1000
0.1000
0.1000
0.1000
0.1000
0.1000
0.1000
0.1000
0.1000
0.1000
0.1000
0.1000
0.1000
0.1000
2.6264
3.3946
4.1507
4.8914
5.6116
6.3043
6.9592
7.5616
8.0902
8.5160
8.8041
8.9216
8.8525
8.6063
8.2131
7.7083
7.1229
6.4801
5.7962
5.0824
4.3466
3.5941
2.8288
2.0535
1.2703
0.4806
0.1000
0.1000
0.1000
0.1000
0.1000
0.1000
0.1000
0.1000
0.1000
0.1000
0.1000
0.1000
0.1000
0.1000
0.1000
0.1000
0.1000
0.1000
0.1000
0.1000
0.1000
0.1000
0.1000
0.1000
2.4471
3.2005
3.9397
4.6606
5.3577
6.0234
6.6473
7.2144
7.7052
8.0942
8.3534
8.4581
8.3966
8.1759
7.8181
7.3514
6.8021
6.1916
5.5356
4.8459
4.1307
3.3958
2.6458
1.8838
1.1121
0.3327
0.1000
0.1000
0.1000
0.1000
0.1000
0.1000
0.1000
0.1000
0.1000
0.1000
0.1000
0.1000
0.1000
0.1000
0.1000
0.1000
0.1000
0.1000
0.1000
0.1000
0.1000
0.1000
0.1000
0.1000
2.2041
2.9385
3.6559
4.3518
5.0204
5.6536
6.2409
6.7682
7.2179
7.5689
7.7994
7.8917
7.8375
7.6418
7.3203
6.8944
6.3856
5.8125
5.1902
4.5300
3.8406
3.1284
2.3980
1.6533
0.8969
0.1309
0.1000
0.1000
0.1000
0.1000
0.1000
0.1000
0.1000
0.1000
0.1000
0.1000
0.1000
0.1000
0.1000
0.1000
0.1000
0.1000
0.1000
0.1000
0.1000
0.1000
0.1000
0.1000
0.1000
0.1000
1.9016
2.6137
3.3060
3.9735
4.6103
5.2081
5.7569
6.2438
6.6534
6.9690
7.1739
7.2552
7.2075
7.0340
6.7460
6.3593
5.8911
5.3572
4.7711
4.1437
3.4836
2.7973
2.0900
1.3657
0.6275
0.1000
0.1000
0.1000
0.1000
0.1000
0.1000
0.1000
0.1000
0.1000
0.1000
0.1000
0.1000
0.1000
0.1000
0.1000
0.1000
0.1000
0.1000
0.1000
0.1000
0.1000
0.1000
0.1000
0.1000
0.1000
1.5447
2.2322
2.8971
3.5344
4.1379
4.6998
5.2106
5.6589
6.0318
6.3160
6.4988
6.5710
6.5287
6.3741
6.1155
5.7645
5.3347
4.8391
4.2896
3.6962
3.0671
2.4089
1.7269
1.0254
0.3076
0.1000
0.1000
0.1000
0.1000
0.1000
0.1000
0.1000
0.1000
0.1000
0.1000
0.1000
0.1000
0.1000
0.1000
0.1000
0.1000
0.1000
0.1000
0.1000
0.1000
0.1000
0.1000
0.1000
0.1000
0.1000
1.1384
1.8000
2.4365
3.0429
3.6132
4.1401
4.6149
5.0277
5.3679
5.6248
5.7889
5.8535
5.8157
5.6771
5.4437
5.1243
4.7295
4.2700
3.7559
3.1962
2.5986
1.9694
1.3140
0.6367
0.1000
0.1000
0.1000
0.1000
0.1000
0.1000
0.1000
0.1000
0.1000
0.1000
0.1000
0.1000
0.1000
0.1000
0.1000
0.1000
0.1000
0.1000
0.1000
0.1000
0.1000
0.1000
0.1000
0.1000
0.1000
0.1000
0.6878
1.3228
1.9307
2.5067
3.0448
3.5385
3.9799
4.3608
4.6722
4.9057
5.0542
5.1124
5.0783
4.9531
4.7413
4.4495
4.0860
3.6596
3.1789
2.6517
2.0850
1.4850
0.8567
0.2044
0.1000
0.1000
0.1000
0.1000
0.1000
0.1000
0.1000
0.1000
0.1000
0.1000
0.1000
0.1000
0.1000
0.1000
0.1000
0.1000
0.1000
0.1000
0.1000
0.1000
0.1000
0.1000
0.1000
0.1000
0.1000
0.1000
0.1977
0.8062
1.3860
1.9324
2.4401
2.9028
3.3139
3.6662
3.9524
4.1660
4.3011
4.3540
4.3230
4.2092
4.0157
3.7479
3.4122
3.0158
2.5660
2.0695
1.5327
0.9612
0.3598
0.1000
0.1000
0.1000
0.1000
0.1000
0.1000
0.1000
0.1000
0.1000
0.1000
0.1000
0.1000
0.1000
0.1000
0.1000
0.1000
0.1000
0.1000
0.1000
0.1000
0.1000
0.1000
0.1000
0.1000
0.1000
0.1000
0.1000
0.1000
0.2552
0.8078
1.3261
1.8051
2.2393
2.6229
2.9499
3.2142
3.4105
3.5344
3.5828
3.5544
3.4502
3.2725
3.0255
2.7144
2.3450
1.9235
1.4557
0.9472
0.4031
0.1000
0.1000
0.1000
0.1000
0.1000
0.1000
0.1000
0.1000
0.1000
0.1000
0.1000
0.1000
0.1000
0.1000
0.1000
0.1000
0.1000
0.1000
0.1000
0.1000
0.1000
0.1000
0.1000
0.1000
0.1000
0.1000
0.1000
0.1000
0.1000
0.1000
0.1000
0.1000
0.1000
0.1000
0.1000
0.1000
0.1000
0.1000
0.1000
0.1000
0.1000
0.1000
0.1000
0.1000
0.1000
0.1000
0.1000
0.1000
0.1000
0.1000
0.1000
0.1000
0.1000
0.1000
0.1000
0.1000
0.1000
0.1000
0.1000
0.1000
0.1000
0.1000
0.1000
0.1000
0.1000
0.1000
0.1000
0.1000
0.1000
0.1000
0.1000
0.1000
0.1000
0.1000
0.1000
0.1000
0.1000
0.1000
0.1000
0.1000
0.1000
0.1000
0.1000
0.1000
0.1000
0.1000
0.1000
0.1000
0.1000
0.1000
0.1000
0.1000
0.1000
0.1000
0.1000
0.1000
0.1000
0.1000
0.1000
0.1000
0.1000
0.1000
0.1000
0.1000
0.1000
0.1000
0.1000
0.1000
0.1000
0.1000
0.1000
0.1000
0.1000
0.1000
0.1000
0.1000
0.1000
0.1000
0.1000
0.1000
0.1000
0.1000
0.1000
0.1000
0.1000
0.1000
0.1000
0.1000
0.1000
0.1000
0.1000
0.1000
0.1000
0.1000
0.1000
0.1000
0.1000
0.1000
0.1000
0.1000
0.1000
0.1000
0.1000
0.1000
0.1000
0.1000
0.1000
0.1000
0.1000
0.1000
0.1000
0.1000
0.1000
0.1000
0.1000
0.1000
0.1000
0.1000
0.1000
0.1000
0.1000
0.1000
0.1000
0.1000
0.1000
0.1000
0.1000
0.1000
0.1000
0.1000
0.1000
0.1000
0.1000
0.1000
0.1000
0.1000
0.1000
0.1000
0.1000
0.1000
0.1000
0.1000
0.1000
0.1000
0.1000
0.1000
0.1000
0.1000
0.1000
0.1000
0.1000
0.1000
0.1000
0.1000
0.1000
0.1000
0.1000
0.1000
0.1000
0.1000
0.1000
0.1000
0.1000
0.1000
0.1000
0.1000
0.1000
0.1000
0.1000
0.1000
0.1000
0.1000
0.1000
0.1000
0.1000
0.1000
0.1000
0.1000
0.1000
0.1000
0.1000
0.1000
0.1000
0.1000
0.1000
0.1000
0.1000
0.1000
0.1000
0.1000
0.1000
0.1000
0.1000
0.1000
0.1000
0.1000
0.1000
0.1000
0.1000
0.1000
0.1000
0.1000
0.1000
0.1000
0.1000
0.1000
0.1000
0.1000
0.1000
0.1000
0.1000
0.1000
0.1000
0.1000
0.1000
0.1000
0.1000
0.1000
0.1000
0.1000
0.1000
0.1000
0.1000
0.1000
0.1000
0.1000
0.1000
0.1000
0.1000
0.1000
0.1000
0.1000
0.1000
0.1000
0.1000
0.1000
0.1000
0.1000
0.1000
0.1000
0.1000
0.1000
0.1000
0.1000
0.1000
0.1000
0.1000
0.1000
0.1000
0.1000
0.1000
0.1000
0.1000
0.1000
0.1000
0.1000
0.1000
0.1000
0.1000
0.1000
0.1000
0.1000
0.1000
0.1000
0.1000
0.1000
0.1000
0.1000
0.1000
0.1000
0.1000
0.1000
0.1000
0.1000
0.1000
0.1000
0.1000
0.1000
0.1000
0.1000
0.1000
0.1000
0.1000
0.1000
0.1000
0.1000
0.1000
0.1000
0.1000
0.1000
0.1000
0.1000
0.1000
0.1000
0.1000
0.1000
0.1000
0.1000
0.1000
0.1000
0.1000
0.1000
0.1000
0.1000
0.1000
0.1000
0.1000
0.1000
0.1000
0.1000
0.1000
0.1000
0.1000
0.1000
0.1000
0.1000
0.1000
0.1000
0.1000
0.1000
0.1000
0.1000
0.1000
0.1000
0.1000
0.1000
0.1000
0.1000
0.1000
0.1000
0.1000
0.1000
0.1000
0.1000
0.1000
0.1000
0.1000
0.1000
0.1000
0.1000
0.1000
0.1000
0.1000
0.1000
0.1000
0.1000
0.1000
0.1000
0.1000
0.1000
0.1000
0.1000
0.1000
0.1000
0.1000
0.1000
0.1000
0.1000
0.1000
0.1000
0.1000
0.1000
0.1000
0.1000
0.1000
0.1000
0.1000
0.1000
0.1000
0.1000
0.1000
0.1000
0.1000
0.1000
0.1000
0.1000
0.1000
0.1000
0.1000
0.1000
0.1000
0.1000
0.1000
0.1000
0.1000
0.1000
0.1000
0.1000
0.1000
0.1000
0.1000
0.1000
0.1000
0.1000
0.1000
0.1000
0.1000
0.1000
0.1000
0.1000
0.1000
0.1000
0.1000
0.1000
0.1000
0.1000
0.1000
0.1000
0.1000
0.1000
0.1000
0.1000
0.1000
0.1000
0.1000
0.1000
0.1000
0.1000
0.1000
0.1000
0.1000
0.1000
0.1000
0.1000
0.1000
0.1000
0.1000
0.1000
0.1000
0.1000
0.1000
0.1000
0.1000
0.1000
0.1000
0.1000
0.1000
0.1000
0.1000
0.1000
0.1000
0.1000
0.1000
0.1000
0.1000
0.1000
0.1000
0.1000
0.1000
0.1000
0.1000
0.1000
0.1000
0.1000
0.1000
0.1000
0.1000
0.1000
0.1000
0.1000
0.1000
0.1000
0.1000
0.1000
0.1000
0.1000
0.1000
0.1000
0.1000
0.1000
0.1000
0.1000
0.1000
0.1000
0.1000
0.1000
0.1000
0.1000
0.1000
0.1000
0.1000
0.1000
0.1000
0.1000
0.1000
0.1000
0.1000
0.1000
0.1000
0.1000
0.1000
0.1000
0.1000
0.1000
0.1000
0.1000
0.1000
0.1000
0.1000
0.1000
0.1000
0.1000
0.1000
0.1000
0.1000
0.1000
0.1000
0.1000
0.1000
0.1000
0.1000
0.1000
0.1000
0.1000
0.1000
0.1000
0.1000
0.1000
0.1000
0.1000
0.1000
0.1000
0.1000
0.1000
0.1000
0.1000
0.1000
0.1000
0.1000
0.1000
0.1000
0.1000
0.1000
0.1000
0.1000
0.1000
0.1000
0.1000
0.1000
0.1000
0.1000
0.1000
0.1000
0.1000
0.1000
0.1000
0.1000
0.1000
0.1000
0.1000
0.1000
0.1000
0.1000
0.1000
0.1000
0.1000
0.1000
0.1000
0.1000
0.1000
0.1000
0.1000
0.1000
0.1000
0.1000
0.1000
0.1000
0.1000
0.1000
0.1000
0.1000
0.1000
0.1000
0.1000
0.1000
0.1000
0.1000
0.1000
0.1000
0.1000
0.1000
0.1000
0.1000
0.1000
0.1000
0.1000
0.1000
0.1000
0.1000
0.1000
0.1000
0.1000
0.1000
0.1000
0.1000
0.1000
0.1000
0.1000
0.1000
0.1000
0.1000
0.1000
0.1000
0.1000
0.1000
0.1000
0.1000
0.1000
0.1000
0.1000
0.1000
0.1000
0.1000
0.1000
0.1000
0.1000
0.1000
0.1000
0.1000
0.1000
0.1000
0.1000
0.1000
0.1000
0.1000
0.1000
0.1000
0.1000
0.1000
0.1000
0.1000
0.1000
0.1000
0.1000
0.1000
0.1000
0.1000
0.1000
0.1000
0.1000
0.1000
0.1000
0.1000
0.1000
0.1000
0.1000
0.1000
0.1000
0.1000
0.1000
0.1000
0.1000
0.1000
0.1000
0.1000
0.1000
0.1000
0.1000
0.1000
0.1000
0.1000
0.1000
0.1000
0.1000
0.1000
0.1000
0.1000
0.1000
0.1000
0.1000
0.1000
0.1000
0.1000
0.1000
0.1000
0.1000
0.1000
0.1000
0.1000
0.1000
0.1000
0.1000
0.1000
0.1000
0.1000
0.1000
0.1000
0.1000
0.1000
0.1000
0.1000
0.1000
0.1000
0.1000
0.1000
0.1000
0.1000
0.1000
0.1000
0.1000
0.1000
0.1000
0.1000
0.1000
0.1000
0.1000
0.1000
0.1000
0.1000
0.1000
0.1000
0.1000
0.1000
0.1000
0.1000
0.1000
0.1000
0.1000
0.1000
0.1000
0.1000
0.1000
0.1000
0.1000
0.1000
0.3054
0.5597
0.6433
0.5508
0.2882
0.1000
0.1000
0.1000
0.1000
0.1000
0.1000
0.1000
0.1000
0.1000
0.1000
0.1000
0.1000
0.1000
0.1000
0.1000
0.1000
0.1000
0.1000
0.1000
0.1000
0.1000
0.1000
0.1000
0.1000
0.1000
0.1000
0.1000
0.1000
0.1000
0.1000
0.1000
0.1000
0.1000
0.1000
0.1000
0.1000
0.1000
0.1000
0.1000
0.1000
0.1000
0.1000
0.1000
0.1000
0.2771
0.7070
0.9746
1.0627
0.9652
0.6889
0.2513
0.1000
0.1000
0.1000
0.1000
0.1000
0.1000
0.1000
0.1000
0.1000
0.1000
0.1000
0.1000
0.1000
0.1000
0.1000
0.1000
0.1000
0.1000
0.1000
0.1000
0.1000
0.1000
0.1000
0.1000
0.1000
0.1000
0.1000
0.1000
0.1000
0.1000
0.1000
0.1000
0.1000
0.1000
0.1000
0.1000
0.1000
0.1000
0.1000
0.1000
0.1000
0.1000
0.1000
0.5014
0.9438
1.2199
1.3109
1.2102
0.9251
0.4749
0.1000
0.1000
0.1000
0.1000
0.1000
0.1000
0.1000
0.1000
0.1000
0.1000
0.1000
0.1000
0.1000
0.1000
0.1000
0.1000
0.1000
0.1000
0.1000
0.1000
0.1000
0.1000
0.1000
0.1000
0.1000
0.1000
0.1000
0.1000
0.1000
0.1000
0.1000
0.1000
0.1000
0.1000
0.1000
0.1000
0.1000
0.1000
0.1000
0.1000
0.1000
0.1000
0.1000
0.5550
1.0005
1.2787
1.3705
1.2690
0.9817
0.5284
0.1000
0.1000
0.1000
0.1000
0.1000
0.1000
0.1000
0.1000
0.1000
0.1000
0.1000
0.1000
0.1000
0.1000
0.1000
0.1000
0.1000
0.1000
0.1000
0.1000
0.1000
0.1000
0.1000
0.1000
0.1000
0.1000
0.1000
0.1000
0.1000
0.1000
0.1000
0.1000
0.1000
0.1000
0.1000
0.1000
0.1000
0.1000
0.1000
0.1000
0.1000
0.1000
0.1000
0.4347
0.8733
1.1468
1.2370
1.1372
0.8548
0.4084
0.1000
0.1000
0.1000
0.1000
0.1000
0.1000
0.1000
0.1000
0.1000
0.1000
0.1000
0.1000
0.1000
0.1000
0.1000
0.1000
0.1000
0.1000
0.1000
0.1000
0.1000
0.1000
0.1000
0.1000
0.1000
0.1000
0.1000
0.1000
0.1000
0.1000
0.1000
0.1000
0.1000
0.1000
0.1000
0.1000
0.1000
0.1000
0.1000
0.1000
0.1000
0.1000
0.1000
0.1477
0.5707
0.8336
0.9202
0.8244
0.5529
0.1223
0.1000
0.1000
0.1000
0.1000
0.1000
0.1000
0.1000
0.1000
0.1000
0.1000
0.1000
0.1000
0.1000
0.1000
0.1000
0.1000
0.1000
0.1000
0.1000
0.1000
0.1000
0.1000
0.1000
0.1000
0.1000
0.1000
0.1000
0.1000
0.1000
0.1000
0.1000
0.1000
0.1000
0.1000
0.1000
0.1000
0.1000
0.1000
0.1000
0.1000
0.1000
0.1000
0.1000
0.1000
0.1114
0.3598
0.4413
0.3511
0.1000
0.1000
0.1000
0.1000
0.1000
0.1000
0.1000
0.1000
0.1000
0.1000
0.1000
0.1000
0.1000
0.1000
0.1000
0.1000
0.1000
0.1000
0.1000
0.1000
0.1000
0.1000
0.1000
0.1000
0.1000
0.1000
0.1000
0.1000
0.1000
0.1000
0.1000
0.1000
0.1000
0.1000
0.1000
0.1000
0.1000
0.1000
0.1000
0.1000
0.1000
0.1000
0.1000
0.1000
0.1000
0.1000
0.1000
0.1000
0.1000
0.1000
0.1000
0.1000
0.1000
0.1000
0.1000
0.1000
0.1000
0.1000
0.1000
0.1000
0.1000
0.1000
0.1000
0.1000
0.1000
0.1000
0.1000
0.1000
0.1000
0.1000
0.1000
0.1000
0.1000
0.1000
0.1000
0.1000
0.1000
0.1000
0.1000
0.1000
0.1000
0.1000
0.1000
0.1000
0.1000
0.1000
0.1000
0.1000
0.1000
0.1000
0.1000
0.1000
0.1000
0.1000
0.1000
0.1000
0.1000
0.1000
0.1000
0.1000
0.1000
0.1000
0.1000
0.1000
0.1000
0.1000
0.1000
0.1000
0.1000
0.1000
0.1000
0.1000
0.1000
0.1000
0.1000
0.1000
0.1000
0.1000
0.1000
0.1000
0.1000
0.1000
0.1000
0.1000
0.1000
0.1000
0.1000
0.1000
0.1000
0.1000
0.1000
0.1000
0.1000
0.1000
0.1000
0.1000
0.1000
0.1000
0.1000
0.1000
0.1000
0.1000
0.1000
0.1000
0.1000
0.1000
0.1000
0.1000
0.1000
0.1000
0.1000
0.1000
0.1000
0.1000
0.1000
0.1000
0.1000
0.1000
0.1000
0.1000
0.1000
0.1000
0.1000
0.1000
0.1000
0.1000
0.1000
0.1000
0.1000
0.1000
0.1000
0.1000
0.1000
0.1000
0.1000
0.1000
0.1000
0.1000
0.1000
0.1000
0.1000
0.1000
0.1000
0.1000
0.1000
0.1000
0.1000
0.1000
0.1000
0.1000
0.1000
0.1000
0.1000
0.1000
0.1000
0.1000
0.1000
0.1000
0.1000
0.1000
0.1000
0.1000
0.1000
0.1000
0.1000
0.1000
0.1000
0.1000
0.1000
0.1000
0.1000
0.1000
0.1000
0.1000
0.1000
0.1000
0.2051
0.4096
0.5600
0.6542
0.6908
0.6694
0.5902
0.4544
0.2638
0.1000
0.1000
0.1000
0.1000
0.1000
0.1000
0.1000
0.1000
0.1000
0.1000
0.1000
0.1000
0.1000
0.1000
0.1000
0.1000
0.1000
0.1000
0.1000
0.1000
0.1000
0.1000
0.1000
0.1000
0.1000
0.1000
0.1000
0.1000
0.1000
0.1000
0.1000
0.1000
0.1000
0.1000
0.1000
0.1000
0.1000
0.1000
0.1000
0.3814
0.7048
0.9775
1.1959
1.3569
1.4578
1.4971
1.4741
1.3892
1.2438
1.0402
0.7814
0.4709
0.1126
0.1000
0.1000
0.1000
0.1000
0.1000
0.1000
0.1000
0.1000
0.1000
0.1000
0.1000
0.1000
0.1000
0.1000
0.1000
0.1000
0.1000
0.1000
0.1000
0.1000
0.1000
0.1000
0.1000
0.1000
0.1000
0.1000
0.1000
0.1000
0.1000
0.1000
0.1000
0.1000
0.1000
0.1000
0.2760
0.7126
1.1053
1.4498
1.7413
1.9754
2.1484
2.2571
2.2994
2.2746
2.1832
2.0268
1.8084
1.5315
1.2005
0.8199
0.3945
0.1000
0.1000
0.1000
0.1000
0.1000
0.1000
0.1000
0.1000
0.1000
0.1000
0.1000
0.1000
0.1000
0.1000
0.1000
0.1000
0.1000
0.1000
0.1000
0.1000
0.1000
0.1000
0.1000
0.1000
0.1000
0.1000
0.1000
0.1000
0.1000
0.1000
0.1000
0.1000
0.4324
0.9339
1.3961
1.8138
2.1817
2.4943
2.7464
2.9332
3.0508
3.0967
3.0699
2.9709
2.8019
2.5665
2.2692
1.9153
1.5101
1.0591
0.5674
0.1000
0.1000
0.1000
0.1000
0.1000
0.1000
0.1000
0.1000
0.1000
0.1000
0.1000
0.1000
0.1000
0.1000
0.1000
0.1000
0.1000
0.1000
0.1000
0.1000
0.1000
0.1000
0.1000
0.1000
0.1000
0.1000
0.1000
0.1000
0.1000
0.1000
0.4759
1.0391
1.5683
2.0583
2.5035
2.8976
3.2342
3.5068
3.7096
3.8377
3.8877
3.8584
3.7505
3.5669
3.3121
2.9917
2.6120
2.1796
1.7008
1.1813
0.6266
0.1000
0.1000
0.1000
0.1000
0.1000
0.1000
0.1000
0.1000
0.1000
0.1000
0.1000
0.1000
0.1000
0.1000
0.1000
0.1000
0.1000
0.1000
0.1000
0.1000
0.1000
0.1000
0.1000
0.1000
0.1000
0.1000
0.1000
0.1000
0.4056
1.0250
1.6164
2.1749
2.6950
3.1702
3.5936
3.9573
4.2536
4.4751
4.6155
4.6704
4.6382
4.5199
4.3192
4.0418
3.6950
3.2866
2.8242
2.3152
1.7662
1.1830
0.5704
0.1000
0.1000
0.1000
0.1000
0.1000
0.1000
0.1000
0.1000
0.1000
0.1000
0.1000
0.1000
0.1000
0.1000
0.1000
0.1000
0.1000
0.1000
0.1000
0.1000
0.1000
0.1000
0.1000
0.1000
0.1000
0.1000
0.1000
0.8920
1.5387
2.1593
2.7486
3.3008
3.8089
4.2647
4.6592
4.9828
5.2263
5.3813
5.4422
5.4065
5.2757
5.0548
4.7513
4.3744
3.9338
3.4386
2.8972
2.3170
1.7041
1.0639
0.4005
0.1000
0.1000
0.1000
0.1000
0.1000
0.1000
0.1000
0.1000
0.1000
0.1000
0.1000
0.1000
0.1000
0.1000
0.1000
0.1000
0.1000
0.1000
0.1000
0.1000
0.1000
0.1000
0.1000
0.1000
0.1000
0.1000
1.3380
2.0120
2.6621
3.2833
3.8693
4.4127
4.9043
5.3336
5.6889
5.9583
6.1309
6.1990
6.1591
6.0133
5.7683
5.4344
5.0234
4.5470
4.0163
3.4406
2.8280
2.1849
1.5167
0.8277
0.1214
0.1000
0.1000
0.1000
0.1000
0.1000
0.1000
0.1000
0.1000
0.1000
0.1000
0.1000
0.1000
0.1000
0.1000
0.1000
0.1000
0.1000
0.1000
0.1000
0.1000
0.1000
0.1000
0.1000
0.1000
0.1000
1.7384
2.4390
3.1184
3.7718
4.3928
4.9735
5.5040
5.9722
6.3640
6.6640
6.8580
6.9348
6.8897
6.7257
6.4521
6.0829
5.6333
5.1179
4.5493
3.9380
3.2925
2.6194
1.9239
1.2102
0.4815
0.1000
0.1000
0.1000
0.1000
0.1000
0.1000
0.1000
0.1000
0.1000
0.1000
0.1000
0.1000
0.1000
0.1000
0.1000
0.1000
0.1000
0.1000
0.1000
0.1000
0.1000
0.1000
0.1000
0.1000
0.1000
2.0881
2.8138
3.5213
4.2061
4.8620
5.4810
6.0527
6.5635
6.9967
7.3328
7.5525
7.6402
7.5888
7.4025
7.0950
6.6853
6.1932
5.6360
5.0282
4.3811
3.7033
3.0012
2.2799
1.5431
0.7938
0.1000
0.1000
0.1000
0.1000
0.1000
0.1000
0.1000
0.1000
0.1000
0.1000
0.1000
0.1000
0.1000
0.1000
0.1000
0.1000
0.1000
0.1000
0.1000
0.1000
0.1000
0.1000
0.1000
0.1000
0.1000
2.3819
3.1301
3.8633
4.5773
5.2665
5.9231
6.5365
7.0922
7.5709
7.9487
8.1992
8.3001
8.2408
8.0277
7.6808
7.2261
6.6885
6.0886
5.4421
4.7606
4.0526
3.3239
2.5793
1.8220
1.0545
0.2787
0.1000
0.1000
0.1000
0.1000
0.1000
0.1000
0.1000
0.1000
0.1000
0.1000
0.1000
0.1000
0.1000
0.1000
0.1000
0.1000
0.1000
0.1000
0.1000
0.1000
0.1000
0.1000
0.1000
0.1000
2.6148
3.3819
4.1370
4.8763
5.5949
6.2858
6.9386
7.5385
8.0644
8.4875
8.7734
8.8900
8.8214
8.5772
8.1866
7.6845
7.1017
6.4611
5.7791
5.0670
4.3325
3.5812
2.8169
2.0425
1.2600
0.4710
0.1000
0.1000
0.1000
0.1000
0.1000
0.1000
0.1000
0.1000
0.1000
0.1000
0.1000
0.1000
0.1000
0.1000
0.1000
0.1000
0.1000
0.1000
0.1000
0.1000
0.1000
0.1000
0.1000
0.1000
2.7824
3.5638
4.3355
5.0945
5.8363
6.5548
7.2404
7.8788
8.4478
8.9151
9.2375
9.3709
9.2922
9.0155
8.5818
8.0358
7.4131
6.7382
6.0273
5.2908
4.5359
3.7672
2.9880
2.2008
1.4073
0.6086
0.1000
0.1000
0.1000
0.1000
0.1000
0.1000
0.1000
0.1000
0.1000
0.1000
0.1000
0.1000
0.1000
0.1000
0.1000
0.1000
0.1000
0.1000
0.1000
0.1000
0.1000
0.1000
0.1000
0.1000
2.8813
3.6715
4.4534
5.2245
5.9810
6.7172
7.4244
8.0889
8.6886
9.1890
9.5404
9.6878
9.6007
9.2978
8.8312
8.2536
7.6035
6.9059
6.1763
5.4244
4.6567
3.8774
3.0892
2.2942
1.4939
0.6894
0.1000
0.1000
0.1000
0.1000
0.1000
0.1000
0.1000
0.1000
0.1000
0.1000
0.1000
0.1000
0.1000
0.1000
0.1000
0.1000
0.1000
0.1000
0.1000
0.1000
0.1000
0.1000
0.1000
0.1000
2.9096
3.7022
4.4871
5.2618
6.0226
6.7641
7.4778
8.1503
8.7596
9.2707
9.6319
9.7841
9.6942
9.3824
8.9050
8.3173
7.6588
6.9543
6.2191
5.4628
4.6913
3.9088
3.1180
2.3208
1.5186
0.7124
0.1000
0.1000
0.1000
0.1000
0.1000
0.1000
0.1000
0.1000
0.1000
0.1000
0.1000
0.1000
0.1000
0.1000
0.1000
0.1000
0.1000
0.1000
0.1000
0.1000
0.1000
0.1000
0.1000
0.1000
2.8664
3.6553
4.4356
5.2049
5.9591
6.6926
7.3964
8.0568
8.6516
9.1465
9.4931
9.6381
9.5525
9.2540
8.7928
8.2202
7.5745
6.8804
6.1537
5.4043
4.6385
3.8608
3.0739
2.2802
1.4809
0.6773
0.1000
0.1000
0.1000
0.1000
0.1000
0.1000
0.1000
0.1000
0.1000
0.1000
0.1000
0.1000
0.1000
0.1000
0.1000
0.1000
0.1000
0.1000
0.1000
0.1000
0.1000
0.1000
0.1000
0.1000
2.7529
3.5318
4.3005
5.0559
5.7936
6.5070
7.1865
7.8176
8.3783
8.8369
9.1519
9.2819
9.2053
8.9352
8.5100
7.9725
7.3574
6.6889
5.9833
5.2512
4.5000
3.7344
2.9579
2.1730
1.3814
0.5844
0.1000
0.1000
0.1000
0.1000
0.1000
0.1000
0.1000
0.1000
0.1000
0.1000
0.1000
0.1000
0.1000
0.1000
0.1000
0.1000
0.1000
0.1000
0.1000
0.1000
0.1000
0.1000
0.1000
0.1000
2.5713
3.3349
4.0857
4.8202
5.5331
6.2172
6.8621
7.4531
7.9692
8.3827
8.6610
8.7741
8.7076
8.4701
8.0888
7.5966
7.0230
6.3906
5.7156
5.0094
4.2801
3.5331
2.7726
2.0014
1.2217
0.4353
0.1000
0.1000
0.1000
0.1000
0.1000
0.1000
0.1000
0.1000
0.1000
0.1000
0.1000
0.1000
0.1000
0.1000
0.1000
0.1000
0.1000
0.1000
0.1000
0.1000
0.1000
0.1000
0.1000
0.1000
2.3253
3.0691
3.7972
4.5053
5.1878
5.8367
6.4415
6.9877
7.4567
7.8253
8.0690
8.1669
8.1094
7.9023
7.5640
7.1190
6.5910
6.0000
5.3615
4.6870
3.9850
3.2617
2.5216
1.7684
1.0044
0.2318
0.1000
0.1000
0.1000
0.1000
0.1000
0.1000
0.1000
0.1000
0.1000
0.1000
0.1000
0.1000
0.1000
0.1000
0.1000
0.1000
0.1000
0.1000
0.1000
0.1000
0.1000
0.1000
0.1000
0.1000
2.0194
2.7401
3.4419
4.1202
4.7688
5.3799
5.9428
6.4445
6.8686
7.1967
7.4106
7.4958
7.4458
7.2645
6.9646
6.5639
6.0809
5.5326
4.9331
4.2934
3.6222
2.9260
2.2100
1.4778
0.7326
0.1000
0.1000
0.1000
0.1000
0.1000
0.1000
0.1000
0.1000
0.1000
0.1000
0.1000
0.1000
0.1000
0.1000
0.1000
0.1000
0.1000
0.1000
0.1000
0.1000
0.1000
0.1000
0.1000
0.1000
0.1000
1.6587
2.3538
3.0272
3.6738
4.2875
4.8603
5.3824
5.8421
6.2259
6.5191
6.7082
6.7830
6.7392
6.5792
6.3121
5.9507
5.5095
5.0025
4.4420
3.8382
3.1995
2.5326
1.8428
1.1341
0.4100
0.1000
0.1000
0.1000
0.1000
0.1000
0.1000
0.1000
0.1000
0.1000
0.1000
0.1000
0.1000
0.1000
0.1000
0.1000
0.1000
0.1000
0.1000
0.1000
0.1000
0.1000
0.1000
0.1000
0.1000
0.1000
1.2483
1.9166
2.5605
3.1750
3.7539
4.2897
4.7735
5.1952
5.5435
5.8071
5.9758
6.0422
6.0033
5.8608
5.6213
5.2941
4.8905
4.4220
3.8989
3.3305
2.7247
2.0880
1.4256
0.7419
0.1000
0.1000
0.1000
0.1000
0.1000
0.1000
0.1000
0.1000
0.1000
0.1000
0.1000
0.1000
0.1000
0.1000
0.1000
0.1000
0.1000
0.1000
0.1000
0.1000
0.1000
0.1000
0.1000
0.1000
0.1000
0.1000
0.7935
1.4345
2.0488
2.6316
3.1770
3.6779
4.1267
4.5144
4.8320
5.0705
5.2223
5.2819
5.2470
5.1190
4.9025
4.6048
4.2346
3.8010
3.3129
2.7785
2.2049
1.5983
0.9639
0.3059
0.1000
0.1000
0.1000
0.1000
0.1000
0.1000
0.1000
0.1000
0.1000
0.1000
0.1000
0.1000
0.1000
0.1000
0.1000
0.1000
0.1000
0.1000
0.1000
0.1000
0.1000
0.1000
0.1000
0.1000
0.1000
0.1000
0.2991
0.9129
1.4983
2.0506
2.5642
3.0329
3.4499
3.8076
4.0987
4.3160
4.4537
4.5075
4.4760
4.3600
4.1631
3.8907
3.5497
3.1476
2.6917
2.1892
1.6465
1.0693
0.4626
0.1000
0.1000
0.1000
0.1000
0.1000
0.1000
0.1000
0.1000
0.1000
0.1000
0.1000
0.1000
0.1000
0.1000
0.1000
0.1000
0.1000
0.1000
0.1000
0.1000
0.1000
0.1000
0.1000
0.1000
0.1000
0.1000
0.1000
0.1000
0.3571
0.9145
1.4378
1.9218
2.3610
2.7494
3.0807
3.3488
3.5480
3.6738
3.7229
3.6941
3.5882
3.4079
3.1573
2.8420
2.4680
2.0415
1.5687
1.0552
0.5063
0.1000
0.1000
0.1000
0.1000
0.1000
0.1000
0.1000
0.1000
0.1000
0.1000
0.1000
0.1000
0.1000
0.1000
0.1000
0.1000
0.1000
0.1000
0.1000
0.1000
0.1000
0.1000
0.1000
0.1000
0.1000
0.1000
0.1000
0.1000
0.1000
0.1000
0.1000
0.1000
0.1000
0.1000
0.1000
0.1000
0.1000
0.1000
0.1000
0.1000
0.1000
0.1000
0.1000
0.1000
0.1000
0.1000
0.1000
0.1000
0.1000
0.1000
0.1000
0.1000
0.1000
0.1000
0.1000
0.1000
0.1000
0.1000
0.1000
0.1000
0.1000
0.1000
0.1000
0.1000
0.1000
0.1000
0.1000
0.1000
0.1000
0.1000
0.1000
0.1000
0.1000
0.1000
0.1000
0.1000
0.1000
0.1000
0.1000
0.1000
0.1000
0.1000
0.1000
0.1000
0.1000
0.1000
0.1000
0.1000
0.1000
0.1000
0.1000
0.1000
0.1000
0.1000
0.1000
0.1000
0.1000
0.1000
0.1000
0.1000
0.1000
0.1000
0.1000
0.1000
0.1000
0.1000
0.1000
0.1000
0.1000
0.1000
0.1000
0.1000
0.1000
0.1000
0.1000
0.1000
0.1000
0.1000
0.1000
0.1000
0.1000
0.1000
0.1000
0.1000
0.1000
0.1000
0.1000
0.1000
0.1000
0.1000
0.1000
0.1000
0.1000
0.1000
0.1000
0.1000
0.1000
0.1000
0.1000
0.1000
0.1000
0.1000
0.1000
0.1000
0.1000
0.1000
0.1000
0.1000
0.1000
0.1000
0.1000
0.1000
0.1000
0.1000
0.1000
0.1000
0.1000
0.1000
0.1000
0.1000
0.1000
0.1000
0.1000
0.1000
0.1000
0.1000
0.1000
0.1000
0.1000
0.1000
0.1000
0.1000
0.1000
0.1000
0.1000
0.1000
0.1000
0.1000
0.1000
0.1000
0.1000
0.1000
0.1000
0.1000
0.1000
0.1000
0.1000
0.1000
0.1000
0.1000
0.1000
0.1000
0.1000
0.1000
0.1000
0.1000
0.1000
0.1000
0.1000
0.1000
0.1000
0.1000
0.1000
0.1000
0.1000
0.1000
0.1000
0.1000
0.1000
0.1000
0.1000
0.1000
0.1000
0.1000
0.1000
0.1000
0.1000
0.1000
0.1000
0.1000
0.1000
0.1000
0.1000
0.1000
0.1000
0.1000
0.1000
0.1000
0.1000
0.1000
0.1000
0.1000
0.1000
0.1000
0.1000
0.1000
0.1000
0.1000
0.1000
0.1000
0.1000
0.1000
0.1000
0.1000
0.1000
0.1000
0.1000
0.1000
0.1000
0.1000
0.1000
0.1000
0.1000
0.1000
0.1000
0.1000
0.1000
0.1000
0.1000
0.1000
0.1000
0.1000
0.1000
0.1000
0.1000
0.1000
0.1000
0.1000
0.1000
0.1000
0.1000
0.1000
0.1000
0.1000
0.1000
0.1000
0.1000
0.1000
0.1000
0.1000
0.1000
0.1000
0.1000
0.1000
0.1000
0.1000
0.1000
0.1000
0.1000
0.1000
0.1000
0.1000
0.1000
0.1000
0.1000
0.1000
0.1000
0.1000
0.1000
0.1000
0.1000
0.1000
0.1000
0.1000
0.1000
0.1000
0.1000
0.1000
0.1000
0.1000
0.1000
0.1000
0.1000
0.1000
0.1000
0.1000
0.1000
0.1000
0.1000
0.1000
0.1000
0.1000
0.1000
0.1000
0.1000
0.1000
0.1000
0.1000
0.1000
0.1000
0.1000
0.1000
0.1000
0.1000
0.1000
0.1000
0.1000
0.1000
0.1000
0.1000
0.1000
0.1000
0.1000
0.1000
0.1000
0.1000
0.1000
0.1000
0.1000
0.1000
0.1000
0.1000
0.1000
0.1000
0.1000
0.1000
0.1000
0.1000
0.1000
0.1000
0.1000
0.1000
0.1000
0.1000
0.1000
0.1000
0.1000
0.1000
0.1000
0.1000
0.1000
0.1000
0.1000
0.1000
0.1000
0.1000
0.1000
0.1000
0.1000
0.1000
0.1000
0.1000
0.1000
0.1000
0.1000
0.1000
0.1000
0.1000
0.1000
0.1000
0.1000
0.1000
0.1000
0.1000
0.1000
0.1000
0.1000
0.1000
0.1000
0.1000
0.1000
0.1000
0.1000
0.1000
0.1000
0.1000
0.1000
0.1000
0.1000
0.1000
0.1000
0.1000
0.1000
0.1000
0.1000
0.1000
0.1000
0.1000
0.1000
0.1000
0.1000
0.1000
0.1000
0.1000
0.1000
0.1000
0.1000
0.1000
0.1000
0.1000
0.1000
0.1000
0.1000
0.1000
0.1000
0.1000
0.1000
0.1000
0.1000
0.1000
0.1000
0.1000
0.1000
0.1000
0.1000
0.1000
0.1000
0.1000
0.1000
0.1000
0.1000
0.1000
0.1000
0.1000
0.1000
0.1000
0.1000
0.1000
0.1000
0.1000
0.1000
0.1000
0.1000
0.1000
0.1000
0.1000
0.1000
0.1000
0.1000
0.1000
0.1000
0.1000
0.1000
0.1000
0.1000
0.1000
0.1000
0.1000
0.1000
0.1000
0.1000
0.1000
0.1000
0.1000
0.1000
0.1000
0.1000
0.1000
0.1000
0.1000
0.1000
0.1000
0.1000
0.1000
0.1000
0.1000
0.1000
0.1000
0.1000
0.1000
0.1000
0.1000
0.1000
0.1000
0.1000
0.1000
0.1000
0.1000
0.1000
0.1000
0.1000
0.1000
0.1000
0.1000
0.1000
0.1000
0.1000
0.1000
0.1000
0.1000
0.1000
0.1000
0.1000
0.1000
0.1000
0.1000
0.1000
0.1000
0.1000
0.1000
0.1000
0.1000
0.1000
0.1000
0.1000
0.1000
0.1000
0.1000
0.1000
0.1000
0.1000
0.1000
0.1000
0.1000
0.1000
0.1000
0.1000
0.1000
0.1000
0.1000
0.1000
0.1000
0.1000
0.1000
0.1000
0.1000
0.1000
0.1000
0.1000
0.1000
0.1000
0.1000
0.1000
0.1000
0.1000
0.1000
0.1000
0.1000
0.1000
0.1000
0.1000
0.1000
0.1000
0.1000
0.1000
0.1000
0.1000
0.1000
0.1000
0.1000
0.1000
0.1000
0.1000
0.1000
0.1000
0.1000
0.1000
0.1000
0.1000
0.1000
0.1000
0.1000
0.1000
0.1000
0.1000
0.1000
0.1000
0.1000
0.1000
0.1000
0.1000
0.1000
0.1000
0.1000
0.1000
0.1000
0.1000
0.1000
0.1000
0.1000
0.1000
0.1000
0.1000
0.1000
0.1000
0.1000
0.1000
0.1000
0.1000
0.1000
0.1000
0.1000
0.1000
0.1000
0.1000
0.1000
0.1000
0.1000
0.1000
0.1000
0.1000
0.1000
0.1000
0.1000
0.1000
0.1000
0.1000
0.1000
0.1000
0.1000
0.1000
0.1000
0.1000
0.1000
0.1000
0.1000
0.1000
0.1000
0.1000
0.1000
0.1000
0.1000
0.1000
0.1000
0.1000
0.1000
0.1000
0.1000
0.1000
0.1000
0.1000
0.1000
0.1000
0.1000
0.1000
0.1000
0.1000
0.1000
0.1000
0.1000
0.1000
0.1000
0.1000
0.1000
0.1000
0.1000
0.1000
0.1000
0.1000
0.1000
0.1000
0.1000
0.1000
0.1000
0.1000
0.1000
0.1000
0.1000
0.1000
0.1000
0.1000
0.1000
0.1000
0.1000
0.1000
0.1000
0.1000
0.1000
0.1000
0.1000
0.1000
0.1000
0.1000
0.1000
0.1000
0.1000
0.1000
0.1000
0.1000
0.1000
0.1000
0.1000
0.1000
0.1000
0.1000
0.2443
0.4968
0.5797
0.4879
0.2272
0.1000
0.1000
0.1000
0.1000
0.1000
0.1000
0.1000
0.1000
0.1000
0.1000
0.1000
0.1000
0.1000
0.1000
0.1000
0.1000
0.1000
0.1000
0.1000
0.1000
0.1000
0.1000
0.1000
0.1000
0.1000
0.1000
0.1000
0.1000
0.1000
0.1000
0.1000
0.1000
0.1000
0.1000
0.1000
0.1000
0.1000
0.1000
0.1000
0.1000
0.1000
0.1000
0.1000
0.1000
0.3860
0.8218
1.0935
1.1830
1.0839
0.8034
0.3598
0.1000
0.1000
0.1000
0.1000
0.1000
0.1000
0.1000
0.1000
0.1000
0.1000
0.1000
0.1000
0.1000
0.1000
0.1000
0.1000
0.1000
0.1000
0.1000
0.1000
0.1000
0.1000
0.1000
0.1000
0.1000
0.1000
0.1000
0.1000
0.1000
0.1000
0.1000
0.1000
0.1000
0.1000
0.1000
0.1000
0.1000
0.1000
0.1000
0.1000
0.1000
0.1000
0.1882
0.7916
1.2513
1.5393
1.6345
1.5292
1.2319
0.7642
0.1542
0.1000
0.1000
0.1000
0.1000
0.1000
0.1000
0.1000
0.1000
0.1000
0.1000
0.1000
0.1000
0.1000
0.1000
0.1000
0.1000
0.1000
0.1000
0.1000
0.1000
0.1000
0.1000
0.1000
0.1000
0.1000
0.1000
0.1000
0.1000
0.1000
0.1000
0.1000
0.1000
0.1000
0.1000
0.1000
0.1000
0.1000
0.1000
0.1000
0.1000
0.1000
0.4100
1.0310
1.5061
1.8048
1.9038
1.7943
1.4860
1.0027
0.3751
0.1000
0.1000
0.1000
0.1000
0.1000
0.1000
0.1000
0.1000
0.1000
0.1000
0.1000
0.1000
0.1000
0.1000
0.1000
0.1000
0.1000
0.1000
0.1000
0.1000
0.1000
0.1000
0.1000
0.1000
0.1000
0.1000
0.1000
0.1000
0.1000
0.1000
0.1000
0.1000
0.1000
0.1000
0.1000
0.1000
0.1000
0.1000
0.1000
0.1000
0.1000
0.4631
1.0884
1.5673
1.8688
1.9687
1.8582
1.5470
1.0599
0.4280
0.1000
0.1000
0.1000
0.1000
0.1000
0.1000
0.1000
0.1000
0.1000
0.1000
0.1000
0.1000
0.1000
0.1000
0.1000
0.1000
0.1000
0.1000
0.1000
0.1000
0.1000
0.1000
0.1000
0.1000
0.1000
0.1000
0.1000
0.1000
0.1000
0.1000
0.1000
0.1000
0.1000
0.1000
0.1000
0.1000
0.1000
0.1000
0.1000
0.1000
0.1000
0.3441
0.9597
1.4301
1.7256
1.8234
1.7152
1.4102
0.9317
0.3094
0.1000
0.1000
0.1000
0.1000
0.1000
0.1000
0.1000
0.1000
0.1000
0.1000
0.1000
0.1000
0.1000
0.1000
0.1000
0.1000
0.1000
0.1000
0.1000
0.1000
0.1000
0.1000
0.1000
0.1000
0.1000
0.1000
0.1000
0.1000
0.1000
0.1000
0.1000
0.1000
0.1000
0.1000
0.1000
0.1000
0.1000
0.1000
0.1000
0.1000
0.1000
0.1000
0.6539
1.1052
1.3874
1.4806
1.3775
1.0861
0.6269
0.1000
0.1000
0.1000
0.1000
0.1000
0.1000
0.1000
0.1000
0.1000
0.1000
0.1000
0.1000
0.1000
0.1000
0.1000
0.1000
0.1000
0.1000
0.1000
0.1000
0.1000
0.1000
0.1000
0.1000
0.1000
0.1000
0.1000
0.1000
0.1000
0.1000
0.1000
0.1000
0.1000
0.1000
0.1000
0.1000
0.1000
0.1000
0.1000
0.1000
0.1000
0.1000
0.1000
0.1901
0.6154
0.8798
0.9668
0.8705
0.5974
0.1646
0.1000
0.1000
0.1000
0.1000
0.1000
0.1000
0.1000
0.1000
0.1000
0.1000
0.1000
0.1000
0.1000
0.1000
0.1000
0.1000
0.1000
0.1000
0.1000
0.1000
0.1000
0.1000
0.1000
0.1000
0.1000
0.1000
0.1000
0.1000
0.1000
0.1000
0.1000
0.1000
0.1000
0.1000
0.1000
0.1000
0.1000
0.1000
0.1000
0.1000
0.1000
0.1000
0.1000
0.1000
0.1000
0.2332
0.3135
0.2247
0.1000
0.1000
0.1000
0.1000
0.1000
0.1000
0.1000
0.1000
0.1000
0.1000
0.1000
0.1000
0.1000
0.1000
0.1000
0.1000
0.1000
0.1000
0.1000
0.1000
0.1000
0.1000
0.1000
0.1000
0.1000
0.1000
0.1000
0.1000
0.1000
0.1000
0.1000
0.1000
0.1000
0.1000
0.1000
0.1000
0.1000
0.1000
0.1000
0.1000
0.1000
0.1000
0.1000
0.1000
0.1000
0.1000
0.1000
0.1000
0.1000
0.1000
0.1000
0.1000
0.1000
0.1000
0.1000
0.1000
0.1000
0.1000
0.1000
0.1000
0.1000
0.1000
0.1000
0.1000
0.1000
0.1000
0.1000
0.1000
0.1000
0.1000
0.1000
0.1000
0.1000
0.1000
0.1000
0.1000
0.1000
0.1000
0.1000
0.1000
0.1000
0.1000
0.1000
0.1000
0.1000
0.1000
0.1000
0.1000
0.1000
0.1000
0.1000
0.1000
0.1000
0.1000
0.1000
0.1000
0.1000
0.1000
0.1000
0.1000
0.1000
0.1000
0.1000
0.1000
0.1000
0.1000
0.1000
0.1000
0.1000
0.1000
0.1000
0.1000
0.1000
0.1000
0.1000
0.1000
0.1000
0.1000
0.1000
0.1000
0.1000
0.1000
0.1000
0.1000
0.1000
0.1000
0.1000
0.1000
0.1000
0.1000
0.1000
0.1000
0.1000
0.1000
0.1000
0.1000
0.1000
0.1000
0.1000
0.1000
0.1000
0.1000
0.1000
0.1000
0.1000
0.1000
0.1000
0.1000
0.1000
0.1000
0.1000
0.1000
0.1000
0.1000
0.1000
0.1000
0.1000
0.1000
0.1000
0.1000
0.1000
0.1000
0.1000
0.1000
0.1000
0.1000
0.2924
0.4984
0.6499
0.7448
0.7817
0.7601
0.6803
0.5435
0.3515
0.1070
0.1000
0.1000
0.1000
0.1000
0.1000
0.1000
0.1000
0.1000
0.1000
0.1000
0.1000
0.1000
0.1000
0.1000
0.1000
0.1000
0.1000
0.1000
0.1000
0.1000
0.1000
0.1000
0.1000
0.1000
0.1000
0.1000
0.1000
0.1000
0.1000
0.1000
0.1000
0.1000
0.1000
0.1000
0.1000
0.1000
0.1000
0.1000
0.4699
0.7958
1.0707
1.2909
1.4532
1.5550
1.5946
1.5715
1.4858
1.3392
1.1338
0.8729
0.5601
0.1992
0.1000
0.1000
0.1000
0.1000
0.1000
0.1000
0.1000
0.1000
0.1000
0.1000
0.1000
0.1000
0.1000
0.1000
0.1000
0.1000
0.1000
0.1000
0.1000
0.1000
0.1000
0.1000
0.1000
0.1000
0.1000
0.1000
0.1000
0.1000
0.1000
0.1000
0.1000
0.1000
0.1000
0.1000
0.3638
0.8036
1.1995
1.5469
1.8410
2.0774
2.2521
2.3619
2.4046
2.3796
2.2872
2.1293
1.9088
1.6294
1.2955
0.9118
0.4831
0.1000
0.1000
0.1000
0.1000
0.1000
0.1000
0.1000
0.1000
0.1000
0.1000
0.1000
0.1000
0.1000
0.1000
0.1000
0.1000
0.1000
0.1000
0.1000
0.1000
0.1000
0.1000
0.1000
0.1000
0.1000
0.1000
0.1000
0.1000
0.1000
0.1000
0.1000
0.1000
0.5213
1.0267
1.4927
1.9143
2.2857
2.6016
2.8565
3.0454
3.1645
3.2109
3.1837
3.0835
2.9126
2.6746
2.3742
2.0167
1.6078
1.1529
0.6573
0.1259
0.1000
0.1000
0.1000
0.1000
0.1000
0.1000
0.1000
0.1000
0.1000
0.1000
0.1000
0.1000
0.1000
0.1000
0.1000
0.1000
0.1000
0.1000
0.1000
0.1000
0.1000
0.1000
0.1000
0.1000
0.1000
0.1000
0.1000
0.1000
0.1000
0.5652
1.1328
1.6665
2.1611
2.6109
3.0094
3.3501
3.6262
3.8318
3.9617
4.0125
3.9827
3.8733
3.6872
3.4290
3.1046
2.7206
2.2836
1.8002
1.2762
0.7170
0.1274
0.1000
0.1000
0.1000
0.1000
0.1000
0.1000
0.1000
0.1000
0.1000
0.1000
0.1000
0.1000
0.1000
0.1000
0.1000
0.1000
0.1000
0.1000
0.1000
0.1000
0.1000
0.1000
0.1000
0.1000
0.1000
0.1000
0.1000
0.4943
1.1185
1.7150
2.2789
2.8045
3.2854
3.7142
4.0831
4.3839
4.6090
4.7518
4.8078
4.7750
4.6546
4.4505
4.1688
3.8170
3.4031
2.9352
2.4206
1.8662
1.2778
0.6604
0.1000
0.1000
0.1000
0.1000
0.1000
0.1000
0.1000
0.1000
0.1000
0.1000
0.1000
0.1000
0.1000
0.1000
0.1000
0.1000
0.1000
0.1000
0.1000
0.1000
0.1000
0.1000
0.1000
0.1000
0.1000
0.1000
0.1000
0.9845
1.6367
2.2631
2.8587
3.4175
3.9325
4.3952
4.7963
5.1259
5.3742
5.5325
5.5947
5.5582
5.4247
5.1992
4.8900
4.5067
4.0592
3.5571
3.0090
2.4224
1.8036
1.1577
0.4892
0.1000
0.1000
0.1000
0.1000
0.1000
0.1000
0.1000
0.1000
0.1000
0.1000
0.1000
0.1000
0.1000
0.1000
0.1000
0.1000
0.1000
0.1000
0.1000
0.1000
0.1000
0.1000
0.1000
0.1000
0.1000
0.1000
1.4341
2.1143
2.7712
3.3998
3.9938
4.5456
5.0459
5.4838
5.8470
6.1230
6.3001
6.3700
6.3291
6.1794
5.9283
5.5867
5.1672
4.6822
4.1429
3.5591
2.9390
2.2890
1.6145
0.9197
0.2081
0.1000
0.1000
0.1000
0.1000
0.1000
0.1000
0.1000
0.1000
0.1000
0.1000
0.1000
0.1000
0.1000
0.1000
0.1000
0.1000
0.1000
0.1000
0.1000
0.1000
0.1000
0.1000
0.1000
0.1000
0.1000
1.8381
2.5457
3.2329
3.8949
4.5254
5.1164
5.6579
6.1373
6.5397
6.8490
7.0494
7.1289
7.0823
6.9126
6.6305
6.2509
5.7901
5.2636
4.6845
4.0635
3.4091
2.7280
2.0254
1.3052
0.5707
0.1000
0.1000
0.1000
0.1000
0.1000
0.1000
0.1000
0.1000
0.1000
0.1000
0.1000
0.1000
0.1000
0.1000
0.1000
0.1000
0.1000
0.1000
0.1000
0.1000
0.1000
0.1000
0.1000
0.1000
0.1000
2.1912
2.9247
3.6410
4.3356
5.0028
5.6344
6.2199
6.7453
7.1930
7.5423
7.7716
7.8633
7.8095
7.6149
7.2950
6.8710
6.3641
5.7928
5.1722
4.5135
3.8254
3.1143
2.3850
1.6411
0.8855
0.1202
0.1000
0.1000
0.1000
0.1000
0.1000
0.1000
0.1000
0.1000
0.1000
0.1000
0.1000
0.1000
0.1000
0.1000
0.1000
0.1000
0.1000
0.1000
0.1000
0.1000
0.1000
0.1000
0.1000
0.1000
2.4880
3.2447
3.9877
4.7130
5.4152
6.0869
6.7174
7.2921
7.7908
8.1875
8.4525
8.5598
8.4967
8.2709
7.9059
7.4312
6.8742
6.2567
5.5946
4.8996
4.1797
3.4410
2.6875
1.9225
1.1483
0.3665
0.1000
0.1000
0.1000
0.1000
0.1000
0.1000
0.1000
0.1000
0.1000
0.1000
0.1000
0.1000
0.1000
0.1000
0.1000
0.1000
0.1000
0.1000
0.1000
0.1000
0.1000
0.1000
0.1000
0.1000
2.7234
3.4997
4.2655
5.0174
5.7508
6.4593
7.1328
7.7569
8.3096
8.7599
9.0680
9.1947
9.1201
8.8562
8.4391
7.9098
7.3020
6.6397
5.9393
5.2117
4.4641
3.7016
2.9278
2.1451
1.3555
0.5602
0.1000
0.1000
0.1000
0.1000
0.1000
0.1000
0.1000
0.1000
0.1000
0.1000
0.1000
0.1000
0.1000
0.1000
0.1000
0.1000
0.1000
0.1000
0.1000
0.1000
0.1000
0.1000
0.1000
0.1000
2.8929
3.6840
4.4671
5.2397
5.9979
6.7363
7.4461
8.1138
8.7175
9.2221
9.5774
9.7267
9.6385
9.3321
8.8611
8.2794
7.6260
6.9256
6.1937
5.4401
4.6708
3.8902
3.1009
2.3051
1.5040
0.6988
0.1000
0.1000
0.1000
0.1000
0.1000
0.1000
0.1000
0.1000
0.1000
0.1000
0.1000
0.1000
0.1000
0.1000
0.1000
0.1000
0.1000
0.1000
0.1000
0.1000
0.1000
0.1000
0.1000
0.1000
2.9930
3.7931
4.5870
5.3724
6.1463
6.9039
7.6378
8.3356
8.9763
9.5235
9.9188
10.0886
9.9880
9.6447
9.1307
8.5103
7.8249
7.0990
6.3467
5.5765
4.7938
4.0019
3.2033
2.3994
1.5915
0.7803
0.1000
0.1000
0.1000
0.1000
0.1000
0.1000
0.1000
0.1000
0.1000
0.1000
0.1000
0.1000
0.1000
0.1000
0.1000
0.1000
0.1000
0.1000
0.1000
0.1000
0.1000
0.1000
0.1000
0.1000
3.0215
3.8243
4.6213
5.4104
6.1889
6.9523
7.6935
8.4006
9.0531
9.6145
10.0239
10.2012
10.0960
9.7396
9.2111
8.5781
7.8828
7.1492
6.3908
5.6157
4.8290
4.0339
3.2325
2.4263
1.6164
0.8035
0.1000
0.1000
0.1000
0.1000
0.1000
0.1000
0.1000
0.1000
0.1000
0.1000
0.1000
0.1000
0.1000
0.1000
0.1000
0.1000
0.1000
0.1000
0.1000
0.1000
0.1000
0.1000
0.1000
0.1000
2.9779
3.7767
4.5689
5.3523
6.1238
6.8785
7.6086
8.3017
8.9363
9.4765
9.8649
10.0311
9.9327
9.5958
9.0890
8.4748
7.7946
7.0727
6.3235
5.5559
4.7753
3.9851
3.1879
2.3852
1.5783
0.7680
0.1000
0.1000
0.1000
0.1000
0.1000
0.1000
0.1000
0.1000
0.1000
0.1000
0.1000
0.1000
0.1000
0.1000
0.1000
0.1000
0.1000
0.1000
0.1000
0.1000
0.1000
0.1000
0.1000
0.1000
2.8630
3.6516
4.4316
5.2004
5.9541
6.6870
7.3901
8.0495
8.6432
9.1369
9.4824
9.6269
9.5416
9.2441
8.7840
8.2126
7.5679
6.8746
6.1486
5.3997
4.6343
3.8570
3.0705
2.2770
1.4779
0.6745
0.1000
0.1000
0.1000
0.1000
0.1000
0.1000
0.1000
0.1000
0.1000
0.1000
0.1000
0.1000
0.1000
0.1000
0.1000
0.1000
0.1000
0.1000
0.1000
0.1000
0.1000
0.1000
0.1000
0.1000
2.6794
3.4521
4.2134
4.9602
5.6876
6.3888
7.0537
7.6677
8.2091
8.6479
8.9464
9.0687
8.9967
8.7413
8.3355
7.8177
7.2204
6.5671
5.8743
5.1530
4.4108
3.6529
2.8829
2.1036
1.3169
0.5242
0.1000
0.1000
0.1000
0.1000
0.1000
0.1000
0.1000
0.1000
0.1000
0.1000
0.1000
0.1000
0.1000
0.1000
0.1000
0.1000
0.1000
0.1000
0.1000
0.1000
0.1000
0.1000
0.1000
0.1000
2.4308
3.1830
3.9206
4.6398
5.3349
5.9983
6.6195
7.1838
7.6714
8.0576
8.3145
8.4182
8.3573
8.1386
7.7836
7.3200
6.7737
6.1658
5.5123
4.8246
4.1112
3.3779
2.6292
1.8684
1.0978
0.3192
0.1000
0.1000
0.1000
0.1000
0.1000
0.1000
0.1000
0.1000
0.1000
0.1000
0.1000
0.1000
0.1000
0.1000
0.1000
0.1000
0.1000
0.1000
0.1000
0.1000
0.1000
0.1000
0.1000
0.1000
2.1219
2.8501
3.5604
4.2484
4.9079
5.5310
6.1071
6.6226
7.0604
7.4007
7.6234
7.7123
7.6601
7.4712
7.1599
6.7456
6.2488
5.6871
5.0752
4.4243
3.7432
3.0382
2.3143
1.5752
0.8238
0.1000
0.1000
0.1000
0.1000
0.1000
0.1000
0.1000
0.1000
0.1000
0.1000
0.1000
0.1000
0.1000
0.1000
0.1000
0.1000
0.1000
0.1000
0.1000
0.1000
0.1000
0.1000
0.1000
0.1000
0.1000
1.7577
2.4596
3.1405
3.7955
4.4183
5.0010
5.5336
6.0039
6.3977
6.6994
6.8946
6.9719
6.9266
6.7615
6.4863
6.1152
5.6635
5.1459
4.5753
3.9622
3.3150
2.6403
1.9435
1.2286
0.4987
0.1000
0.1000
0.1000
0.1000
0.1000
0.1000
0.1000
0.1000
0.1000
0.1000
0.1000
0.1000
0.1000
0.1000
0.1000
0.1000
0.1000
0.1000
0.1000
0.1000
0.1000
0.1000
0.1000
0.1000
0.1000
1.3437
2.0180
2.6686
3.2902
3.8767
4.4206
4.9127
5.3425
5.6982
5.9680
6.1409
6.2091
6.1691
6.0231
5.7778
5.4434
5.0319
4.5550
4.0238
3.4476
2.8345
2.1911
1.5225
0.8332
0.1265
0.1000
0.1000
0.1000
0.1000
0.1000
0.1000
0.1000
0.1000
0.1000
0.1000
0.1000
0.1000
0.1000
0.1000
0.1000
0.1000
0.1000
0.1000
0.1000
0.1000
0.1000
0.1000
0.1000
0.1000
0.1000
0.8851
1.5315
2.1515
2.7404
3.2921
3.7997
4.2550
4.6490
4.9722
5.2153
5.3701
5.4309
5.3953
5.2647
5.0441
4.7410
4.3646
3.9245
3.4298
2.8889
2.3092
1.6968
1.0569
0.3939
0.1000
0.1000
0.1000
0.1000
0.1000
0.1000
0.1000
0.1000
0.1000
0.1000
0.1000
0.1000
0.1000
0.1000
0.1000
0.1000
0.1000
0.1000
0.1000
0.1000
0.1000
0.1000
0.1000
0.1000
0.1000
0.1000
0.3871
1.0056
1.5959
2.1533
2.6723
3.1464
3.5686
3.9312
4.2266
4.4473
4.5872
4.6420
4.6100
4.4920
4.2920
4.0155
3.6697
3.2624
2.8012
2.2933
1.7454
1.1632
0.5517
0.1000
0.1000
0.1000
0.1000
0.1000
0.1000
0.1000
0.1000
0.1000
0.1000
0.1000
0.1000
0.1000
0.1000
0.1000
0.1000
0.1000
0.1000
0.1000
0.1000
0.1000
0.1000
0.1000
0.1000
0.1000
0.1000
0.1000
0.1000
0.4454
1.0071
1.5348
2.0233
2.4669
2.8595
3.1947
3.4661
3.6680
3.7955
3.8453
3.8161
3.7088
3.5260
3.2723
2.9532
2.5750
2.1441
1.6669
1.1490
0.5957
0.1000
0.1000
0.1000
0.1000
0.1000
0.1000
0.1000
0.1000
0.1000
0.1000
0.1000
0.1000
0.1000
0.1000
0.1000
0.1000
0.1000
0.1000
0.1000
0.1000
0.1000
0.1000
0.1000
0.1000
0.1000
0.1000
0.1000
0.1000
0.1000
0.1000
0.1000
0.1000
0.1000
0.1000
0.1000
0.1000
0.1000
0.1000
0.1000
0.1000
0.1000
0.1000
0.1000
0.1000
0.1000
0.1000
0.1000
0.1000
0.1000
0.1000
0.1000
0.1000
0.1000
0.1000
0.1000
0.1000
0.1000
0.1000
0.1000
0.1000
0.1000
0.1000
0.1000
0.1000
0.1000
0.1000
0.1000
0.1000
0.1000
0.1000
0.1000
0.1000
0.1000
0.1000
0.1000
0.1000
0.1000
0.1000
0.1000
0.1000
0.1000
0.1000
0.1000
0.1000
0.1000
0.1000
0.1000
0.1000
0.1000
0.1000
0.1000
0.1000
0.1000
0.1000
0.1000
0.1000
0.1000
0.1000
0.1000
0.1000
0.1000
0.1000
0.1000
0.1000
0.1000
0.1000
0.1000
0.1000
0.1000
0.1000
0.1000
0.1000
0.1000
0.1000
0.1000
0.1000
0.1000
0.1000
0.1000
0.1000
0.1000
0.1000
0.1000
0.1000
0.1000
0.1000
0.1000
0.1000
0.1000
0.1000
0.1000
0.1000
0.1000
0.1000
0.1000
0.1000
0.1000
0.1000
0.1000
0.1000
0.1000
0.1000
0.1000
0.1000
0.1000
0.1000
0.1000
0.1000
0.1000
0.1000
0.1000
0.1000
0.1000
0.1000
0.1000
0.1000
0.1000
0.1000
0.1000
0.1000
0.1000
0.1000
0.1000
0.1000
0.1000
0.1000
0.1000
0.1000
0.1000
0.1000
0.1000
0.1000
0.1000
0.1000
0.1000
0.1000
0.1000
0.1000
0.1000
0.1000
0.1000
0.1000
0.1000
0.1000
0.1000
0.1000
0.1000
0.1000
0.1000
0.1000
0.1000
0.1000
0.1000
0.1000
0.1000
0.1000
0.1000
0.1000
0.1000
0.1000
0.1000
0.1000
0.1000
0.1000
0.1000
0.1000
0.1000
0.1000
0.1000
0.1000
0.1000
0.1000
0.1000
0.1000
0.1000
0.1000
0.1000
0.1000
0.1000
0.1000
0.1000
0.1000
0.1000
0.1000
0.1000
0.1000
0.1000
0.1000
0.1000
0.1000
0.1000
0.1000
0.1000
0.1000
0.1000
0.1000
0.1000
0.1000
0.1000
0.1000
0.1000
0.1000
0.1000
0.1000
0.1000
0.1000
0.1000
0.1000
0.1000
0.1000
0.1000
0.1000
0.1000
0.1000
0.1000
0.1000
0.1000
0.1000
0.1000
0.1000
0.1000
0.1000
0.1000
0.1000
0.1000
0.1000
0.1000
0.1000
0.1000
0.1000
0.1000
0.1000
0.1000
0.1000
0.1000
0.1000
0.1000
0.1000
0.1000
0.1000
0.1000
0.1000
0.1000
0.1000
0.1000
0.1000
0.1000
0.1000
0.1000
0.1000
0.1000
0.1000
0.1000
0.1000
0.1000
0.1000
0.1000
0.1000
0.1000
0.1000
0.1000
0.1000
0.1000
0.1000
0.1000
0.1000
0.1000
0.1000
0.1000
0.1000
0.1000
0.1000
0.1000
0.1000
0.1000
0.1000
0.1000
0.1000
0.1000
0.1000
0.1000
0.1000
0.1000
0.1000
0.1000
0.1000
0.1000
0.1000
0.1000
0.1000
0.1000
0.1000
0.1000
0.1000
0.1000
0.1000
0.1000
0.1000
0.1000
0.1000
0.1000
0.1000
0.1000
0.1000
0.1000
0.1000
0.1000
0.1000
0.1000
0.1000
0.1000
0.1000
0.1000
0.1000
0.1000
0.1000
0.1000
0.1000
0.1000
0.1000
0.1000
0.1000
0.1000
0.1000
0.1000
0.1000
0.1000
0.1000
0.1000
0.1000
0.1000
0.1000
0.1000
0.1000
0.1000
0.1000
0.1000
0.1000
0.1000
0.1000
0.1000
0.1000
0.1000
0.1000
0.1000
0.1000
0.1000
0.1000
0.1000
0.1000
0.1000
0.1000
0.1000
0.1000
0.1000
0.1000
0.1000
0.1000
0.1000
0.1000
0.1000
0.1000
0.1000
0.1000
0.1000
0.1000
0.1000
0.1000
0.1000
0.1000
0.1000
0.1000
0.1000
0.1000
0.1000
0.1000
0.1000
0.1000
0.1000
0.1000
0.1000
0.1000
0.1000
0.1000
0.1000
0.1000
0.1000
0.1000
0.1000
0.1000
0.1000
0.1000
0.1000
0.1000
0.1000
0.1000
0.1000
0.1000
0.1000
0.1000
0.1000
0.1000
0.1000
0.1000
0.1000
0.1000
0.1000
0.1000
0.1000
0.1000
0.1000
0.1000
0.1000
0.1000
0.1000
0.1000
0.1000
0.1000
0.1000
0.1000
0.1000
0.1000
0.1000
0.1000
0.1000
0.1000
0.1000
0.1000
0.1000
0.1000
0.1000
0.1000
0.1000
0.1000
0.1000
0.1000
0.1000
0.1000
0.1000
0.1000
0.1000
0.1000
0.1000
0.1000
0.1000
0.1000
0.1000
0.1000
0.1000
0.1000
0.1000
0.1000
0.1000
0.1000
0.1000
0.1000
0.1000
0.1000
0.1000
0.1000
0.1000
0.1000
0.1000
0.1000
0.1000
0.1000
0.1000
0.1000
0.1000
0.1000
0.1000
0.1000
0.1000
0.1000
0.1000
0.1000
0.1000
0.1000
0.1000
0.1000
0.1000
0.1000
0.1000
0.1000
0.1000
0.1000
0.1000
0.1000
0.1000
0.1000
0.1000
0.1000
0.1000
0.1000
0.1000
0.1000
0.1000
0.1000
0.1000
0.1000
0.1000
0.1000
0.1000
0.1000
0.1000
0.1000
0.1000
0.1000
0.1000
0.1000
0.1000
0.1000
0.1000
0.1000
0.1000
0.1000
0.1000
0.1000
0.1000
0.1000
0.1000
0.1000
0.1000
0.1000
0.1000
0.1000
0.1000
0.1000
0.1000
0.1000
0.1000
0.1000
0.1000
0.1000
0.1000
0.1000
0.1000
0.1000
0.1000
0.1000
0.1000
0.1000
0.1000
0.1000
0.1000
0.1000
0.1000
0.1000
0.1000
0.1000
0.1000
0.1000
0.1000
0.1000
0.1000
0.1000
0.1000
0.1000
0.1000
0.1000
0.1000
0.1000
0.1000
0.1000
0.1000
0.1000
0.1000
0.1000
0.1000
0.1000
0.1000
0.1000
0.1000
0.1000
0.1000
0.1000
0.1000
0.1000
0.1000
0.1000
0.1000
0.1000
0.1000
0.1000
0.1000
0.1000
0.1000
0.1000
0.1000
0.1000
0.1000
0.1000
0.1000
0.1000
0.1000
0.1000
0.1000
0.1000
0.1000
0.1000
0.1000
0.1000
0.1000
0.1000
0.1000
0.1000
0.1000
0.1000
0.1000
0.1000
0.1000
0.1000
0.1000
0.1000
0.1000
0.1000
0.1000
0.1000
0.1000
0.1000
0.1000
0.1000
0.1000
0.1000
0.1000
0.1000
0.2210
0.3011
0.2124
0.1000
0.1000
0.1000
0.1000
0.1000
0.1000
0.1000
0.1000
0.1000
0.1000
0.1000
0.1000
0.1000
0.1000
0.1000
0.1000
0.1000
0.1000
0.1000
0.1000
0.1000
0.1000
0.1000
0.1000
0.1000
0.1000
0.1000
0.1000
0.1000
0.1000
0.1000
0.1000
0.1000
0.1000
0.1000
0.1000
0.1000
0.1000
0.1000
0.1000
0.1000
0.1000
0.1000
0.1000
0.1000
0.2814
0.7115
0.9793
1.0675
0.9699
0.6934
0.2556
0.1000
0.1000
0.1000
0.1000
0.1000
0.1000
0.1000
0.1000
0.1000
0.1000
0.1000
0.1000
0.1000
0.1000
0.1000
0.1000
0.1000
0.1000
0.1000
0.1000
0.1000
0.1000
0.1000
0.1000
0.1000
0.1000
0.1000
0.1000
0.1000
0.1000
0.1000
0.1000
0.1000
0.1000
0.1000
0.1000
0.1000
0.1000
0.1000
0.1000
0.1000
0.1000
0.2531
0.8616
1.3257
1.6168
1.7130
1.6065
1.3061
0.8339
0.2189
0.1000
0.1000
0.1000
0.1000
0.1000
0.1000
0.1000
0.1000
0.1000
0.1000
0.1000
0.1000
0.1000
0.1000
0.1000
0.1000
0.1000
0.1000
0.1000
0.1000
0.1000
0.1000
0.1000
0.1000
0.1000
0.1000
0.1000
0.1000
0.1000
0.1000
0.1000
0.1000
0.1000
0.1000
0.1000
0.1000
0.1000
0.1000
0.1000
0.1000
0.1000
0.6521
1.2934
1.7866
2.0981
2.2016
2.0871
1.7657
1.2641
0.6161
0.1000
0.1000
0.1000
0.1000
0.1000
0.1000
0.1000
0.1000
0.1000
0.1000
0.1000
0.1000
0.1000
0.1000
0.1000
0.1000
0.1000
0.1000
0.1000
0.1000
0.1000
0.1000
0.1000
0.1000
0.1000
0.1000
0.1000
0.1000
0.1000
0.1000
0.1000
0.1000
0.1000
0.1000
0.1000
0.1000
0.1000
0.1000
0.1000
0.1000
0.1093
0.8872
1.5497
2.0621
2.3872
2.4955
2.3757
2.0402
1.5194
0.8501
0.1000
0.1000
0.1000
0.1000
0.1000
0.1000
0.1000
0.1000
0.1000
0.1000
0.1000
0.1000
0.1000
0.1000
0.1000
0.1000
0.1000
0.1000
0.1000
0.1000
0.1000
0.1000
0.1000
0.1000
0.1000
0.1000
0.1000
0.1000
0.1000
0.1000
0.1000
0.1000
0.1000
0.1000
0.1000
0.1000
0.1000
0.1000
0.1000
0.1000
0.1604
0.9435
1.6114
2.1285
2.4572
2.5667
2.4456
2.1065
1.5807
0.9062
0.1181
0.1000
0.1000
0.1000
0.1000
0.1000
0.1000
0.1000
0.1000
0.1000
0.1000
0.1000
0.1000
0.1000
0.1000
0.1000
0.1000
0.1000
0.1000
0.1000
0.1000
0.1000
0.1000
0.1000
0.1000
0.1000
0.1000
0.1000
0.1000
0.1000
0.1000
0.1000
0.1000
0.1000
0.1000
0.1000
0.1000
0.1000
0.1000
0.1000
0.1000
0.8172
1.4733
1.9797
2.3007
2.4075
2.2894
1.9582
1.4432
0.7805
0.1000
0.1000
0.1000
0.1000
0.1000
0.1000
0.1000
0.1000
0.1000
0.1000
0.1000
0.1000
0.1000
0.1000
0.1000
0.1000
0.1000
0.1000
0.1000
0.1000
0.1000
0.1000
0.1000
0.1000
0.1000
0.1000
0.1000
0.1000
0.1000
0.1000
0.1000
0.1000
0.1000
0.1000
0.1000
0.1000
0.1000
0.1000
0.1000
0.1000
0.1000
0.5167
1.1465
1.6294
1.9336
2.0345
1.9229
1.6089
1.1178
0.4814
0.1000
0.1000
0.1000
0.1000
0.1000
0.1000
0.1000
0.1000
0.1000
0.1000
0.1000
0.1000
0.1000
0.1000
0.1000
0.1000
0.1000
0.1000
0.1000
0.1000
0.1000
0.1000
0.1000
0.1000
0.1000
0.1000
0.1000
0.1000
0.1000
0.1000
0.1000
0.1000
0.1000
0.1000
0.1000
0.1000
0.1000
0.1000
0.1000
0.1000
0.1000
0.1000
0.6541
1.1055
1.3877
1.4809
1.3778
1.0864
0.6272
0.1000
0.1000
0.1000
0.1000
0.1000
0.1000
0.1000
0.1000
0.1000
0.1000
0.1000
0.1000
0.1000
0.1000
0.1000
0.1000
0.1000
0.1000
0.1000
0.1000
0.1000
0.1000
0.1000
0.1000
0.1000
0.1000
0.1000
0.1000
0.1000
0.1000
0.1000
0.1000
0.1000
0.1000
0.1000
0.1000
0.1000
0.1000
0.1000
0.1000
0.1000
0.1000
0.1000
0.1000
0.4411
0.6997
0.7848
0.6907
0.4236
0.1000
0.1000
0.1000
0.1000
0.1000
0.1000
0.1000
0.1000
0.1000
0.1000
0.1000
0.1000
0.1000
0.1000
0.1000
0.1000
0.1000
0.1000
0.1000
0.1000
0.1000
0.1000
0.1000
0.1000
0.1000
0.1000
0.1000
0.1000
0.1000
0.1000
0.1000
0.1000
0.1000
0.1000
0.1000
0.1000
0.1000
0.1000
0.1000
0.1000
0.1000
0.1000
0.1000
0.1000
0.1000
0.1000
0.1000
0.1000
0.1000
0.1000
0.1000
0.1000
0.1000
0.1000
0.1000
0.1000
0.1000
0.1000
0.1000
0.1000
0.1000
0.1000
0.1000
0.1000
0.1000
0.1000
0.1000
0.1000
0.1000
0.1000
0.1000
0.1000
0.1000
0.1000
0.1000
0.1000
0.1000
0.1000
0.1000
0.1000
0.1000
0.1000
0.1000
0.1000
0.1000
0.1000
0.1000
0.1000
0.1000
0.1000
0.1000
0.1000
0.1000
0.1000
0.1000
0.1000
0.1000
0.1000
0.1000
0.1000
0.1000
0.1000
0.1000
0.1000
0.1000
0.1000
0.1000
0.1000
0.1000
0.1000
0.1000
0.1000
0.1000
0.1000
0.1000
0.1000
0.1000
0.1000
0.1000
0.1000
0.1000
0.1000
0.1000
0.1000
0.1000
0.1000
0.1000
0.1000
0.1000
0.1000
0.1000
0.1000
0.1000
0.1000
0.1000
0.1000
0.1000
0.1000
0.1000
0.1000
0.1000
0.1000
0.1000
0.1000
0.1000
0.1000
0.1000
0.1000
0.1000
0.1000
0.1000
0.1000
0.1000
0.1000
0.1000
0.1000
0.1000
0.1000
0.1000
0.1000
0.1000
0.1000
0.1000
0.1000
0.1066
0.3660
0.5732
0.7257
0.8212
0.8584
0.8366
0.7563
0.6186
0.4255
0.1795
0.1000
0.1000
0.1000
0.1000
0.1000
0.1000
0.1000
0.1000
0.1000
0.1000
0.1000
0.1000
0.1000
0.1000
0.1000
0.1000
0.1000
0.1000
0.1000
0.1000
0.1000
0.1000
0.1000
0.1000
0.1000
0.1000
0.1000
0.1000
0.1000
0.1000
0.1000
0.1000
0.1000
0.1000
0.1000
0.1000
0.1000
0.1696
0.5446
0.8725
1.1493
1.3710
1.5345
1.6371
1.6770
1.6537
1.5674
1.4197
1.2129
0.9502
0.6353
0.2722
0.1000
0.1000
0.1000
0.1000
0.1000
0.1000
0.1000
0.1000
0.1000
0.1000
0.1000
0.1000
0.1000
0.1000
0.1000
0.1000
0.1000
0.1000
0.1000
0.1000
0.1000
0.1000
0.1000
0.1000
0.1000
0.1000
0.1000
0.1000
0.1000
0.1000
0.1000
0.1000
0.1000
0.1000
0.4379
0.8804
1.2790
1.6290
1.9253
2.1636
2.3398
2.4505
2.4937
2.4684
2.3752
2.2160
1.9936
1.7120
1.3757
0.9894
0.5579
0.1000
0.1000
0.1000
0.1000
0.1000
0.1000
0.1000
0.1000
0.1000
0.1000
0.1000
0.1000
0.1000
0.1000
0.1000
0.1000
0.1000
0.1000
0.1000
0.1000
0.1000
0.1000
0.1000
0.1000
0.1000
0.1000
0.1000
0.1000
0.1000
0.1000
0.1000
0.1000
0.5963
1.1050
1.5744
1.9991
2.3737
2.6924
2.9497
3.1405
3.2607
3.3077
3.2802
3.1790
3.0063
2.7660
2.4629
2.1024
1.6903
1.2321
0.7332
0.1985
0.1000
0.1000
0.1000
0.1000
0.1000
0.1000
0.1000
0.1000
0.1000
0.1000
0.1000
0.1000
0.1000
0.1000
0.1000
0.1000
0.1000
0.1000
0.1000
0.1000
0.1000
0.1000
0.1000
0.1000
0.1000
0.1000
0.1000
0.1000
0.1596
0.6405
1.2118
1.7494
2.2480
2.7018
3.1041
3.4483
3.7275
3.9355
4.0670
4.1184
4.0883
3.9775
3.7892
3.5280
3.2002
2.8125
2.3716
1.8841
1.3562
0.7932
0.2000
0.1000
0.1000
0.1000
0.1000
0.1000
0.1000
0.1000
0.1000
0.1000
0.1000
0.1000
0.1000
0.1000
0.1000
0.1000
0.1000
0.1000
0.1000
0.1000
0.1000
0.1000
0.1000
0.1000
0.1000
0.1000
0.1000
0.1000
0.6238
1.1975
1.7983
2.3668
2.8972
3.3829
3.8165
4.1899
4.4947
4.7230
4.8679
4.9247
4.8914
4.7693
4.5623
4.2768
3.9205
3.5019
3.0291
2.5098
1.9507
1.3578
0.7363
0.1000
0.1000
0.1000
0.1000
0.1000
0.1000
0.1000
0.1000
0.1000
0.1000
0.1000
0.1000
0.1000
0.1000
0.1000
0.1000
0.1000
0.1000
0.1000
0.1000
0.1000
0.1000
0.1000
0.1000
0.1000
0.1000
0.1000
1.0625
1.7194
2.3509
2.9519
3.5165
4.0374
4.5061
4.9131
5.2479
5.5005
5.6617
5.7250
5.6879
5.5519
5.3225
5.0082
4.6192
4.1657
3.6576
3.1037
2.5116
1.8876
1.2369
0.5640
0.1000
0.1000
0.1000
0.1000
0.1000
0.1000
0.1000
0.1000
0.1000
0.1000
0.1000
0.1000
0.1000
0.1000
0.1000
0.1000
0.1000
0.1000
0.1000
0.1000
0.1000
0.1000
0.1000
0.1000
0.1000
0.1000
1.5153
2.2008
2.8636
3.4986
4.0995
4.6587
5.1666
5.6121
5.9824
6.2642
6.4455
6.5171
6.4751
6.3219
6.0653
5.7169
5.2899
4.7972
4.2505
3.6597
3.0330
2.3770
1.6970
0.9973
0.2812
0.1000
0.1000
0.1000
0.1000
0.1000
0.1000
0.1000
0.1000
0.1000
0.1000
0.1000
0.1000
0.1000
0.1000
0.1000
0.1000
0.1000
0.1000
0.1000
0.1000
0.1000
0.1000
0.1000
0.1000
0.1000
1.9224
2.6360
3.3299
3.9993
4.6381
5.2383
5.7895
6.2789
6.6910
7.0087
7.2151
7.2971
7.2490
7.0742
6.7841
6.3951
5.9243
5.3880
4.7996
4.1701
3.5080
2.8200
2.1112
1.3855
0.6461
0.1000
0.1000
0.1000
0.1000
0.1000
0.1000
0.1000
0.1000
0.1000
0.1000
0.1000
0.1000
0.1000
0.1000
0.1000
0.1000
0.1000
0.1000
0.1000
0.1000
0.1000
0.1000
0.1000
0.1000
0.1000
2.2784
3.0185
3.7424
4.4458
5.1228
5.7655
6.3633
6.9020
7.3633
7.7248
7.9632
8.0588
8.0026
7.8001
7.4687
7.0313
6.5110
5.9271
5.2950
4.6261
3.9290
3.2100
2.4738
1.7238
0.9628
0.1928
0.1000
0.1000
0.1000
0.1000
0.1000
0.1000
0.1000
0.1000
0.1000
0.1000
0.1000
0.1000
0.1000
0.1000
0.1000
0.1000
0.1000
0.1000
0.1000
0.1000
0.1000
0.1000
0.1000
0.1000
2.5777
3.3418
4.0933
4.8285
5.5422
6.2273
6.8734
7.4657
7.9832
8.3981
8.6774
8.7911
8.7242
8.4858
8.1032
7.6096
7.0346
6.4010
5.7250
5.0179
4.2878
3.5402
2.7791
2.0075
1.2274
0.4406
0.1000
0.1000
0.1000
0.1000
0.1000
0.1000
0.1000
0.1000
0.1000
0.1000
0.1000
0.1000
0.1000
0.1000
0.1000
0.1000
0.1000
0.1000
0.1000
0.1000
0.1000
0.1000
0.1000
0.1000
2.8153
3.5996
4.3747
5.1376
5.8843
6.6085
7.3011
7.9478
8.5266
9.0041
9.3354
9.4730
9.3919
9.1072
8.6632
8.1073
7.4758
6.7936
6.0766
5.3351
4.5760
3.8038
3.0217
2.2319
1.4361
0.6355
0.1000
0.1000
0.1000
0.1000
0.1000
0.1000
0.1000
0.1000
0.1000
0.1000
0.1000
0.1000
0.1000
0.1233
0.1000
0.1000
0.1000
0.1000
0.1000
0.1000
0.1000
0.1000
0.1000
0.1000
2.9864
3.7860
4.5791
5.3636
6.1365
6.8928
7.6251
8.3208
8.9588
9.5029
9.8952
10.0634
9.9637
9.6233
9.1125
8.4948
7.8117
7.0875
6.3366
5.5676
4.7857
3.9946
3.1966
2.3932
1.5857
0.7749
0.1000
0.1000
0.1000
0.1000
0.1000
0.1000
0.1000
0.1000
0.1000
0.1000
0.1000
0.1000
0.1000
0.1000
0.1000
0.1000
0.1000
0.1000
0.1000
0.1000
0.1000
0.1000
0.1000
0.1000
3.0875
3.8964
4.7006
5.4987
6.2881
7.0652
7.8240
8.5540
9.2363
9.8350
10.2836
10.4828
10.3642
9.9708
9.4034
8.7385
8.0187
7.2662
6.4932
5.7066
4.9105
4.1077
3.3000
2.4884
1.6738
0.8569
0.1000
0.1000
0.1000
0.1000
0.1000
0.1000
0.1000
0.1000
0.1000
0.1000
0.1000
0.1000
0.1000
0.1000
0.1000
0.1000
0.1000
0.1000
0.1000
0.1000
0.1000
0.1000
0.1000
0.1000
3.1164
3.9279
4.7354
5.5374
6.3317
7.1150
7.8818
8.6226
9.3192
9.9368
10.4063
10.6180
10.4916
10.0780
9.4908
8.8105
8.0791
7.3180
6.5383
5.7465
4.9463
4.1401
3.3295
2.5155
1.6989
0.8803
0.1000
0.1000
0.1000
0.1000
0.1000
0.1000
0.1000
0.1000
0.1000
0.1000
0.1000
0.1000
0.1000
0.1000
0.1000
0.1000
0.1000
0.1000
0.1000
0.1000
0.1000
0.1000
0.1000
0.1000
3.0723
3.8798
4.6823
5.4783
6.2651
7.0390
7.7936
8.5182
9.1933
9.7827
10.2213
10.4147
10.2996
9.9158
9.3581
8.7010
7.9871
7.2390
6.4695
5.6856
4.8917
4.0907
3.2844
2.4740
1.6606
0.8446
0.1000
0.1000
0.1000
0.1000
0.1000
0.1000
0.1000
0.1000
0.1000
0.1000
0.1000
0.1000
0.1000
0.1000
0.1000
0.1000
0.1000
0.1000
0.1000
0.1000
0.1000
0.1000
0.1000
0.1000
2.9563
3.7531
4.5430
5.3237
6.0917
6.8422
7.5670
8.2533
8.8797
9.4101
9.7893
9.9507
9.8552
9.5269
9.0299
8.4245
7.7513
7.0351
6.2904
5.5264
4.7487
3.9610
3.1658
2.3649
1.5594
0.7505
0.1000
0.1000
0.1000
0.1000
0.1000
0.1000
0.1000
0.1000
0.1000
0.1000
0.1000
0.1000
0.1000
0.1000
0.1000
0.1000
0.1000
0.1000
0.1000
0.1000
0.1000
0.1000
0.1000
0.1000
2.7710
3.5514
4.3220
5.0795
5.8198
6.5363
7.2195
7.8550
8.4208
8.8846
9.2041
9.3362
9.2583
8.9842
8.5539
8.0112
7.3915
6.7191
6.0102
5.2755
4.5220
3.7545
2.9764
2.1901
1.3972
0.5992
0.1000
0.1000
0.1000
0.1000
0.1000
0.1000
0.1000
0.1000
0.1000
0.1000
0.1000
0.1000
0.1000
0.1000
0.1000
0.1000
0.1000
0.1000
0.1000
0.1000
0.1000
0.1000
0.1000
0.1000
2.5201
3.2794
4.0254
4.7542
5.4605
6.1369
6.7729
7.3537
7.8589
8.2618
8.5317
8.6412
8.5768
8.3467
7.9757
7.4944
6.9312
6.3080
5.6411
4.9418
4.2183
3.4764
2.7203
1.9529
1.1766
0.3930
0.1000
0.1000
0.1000
0.1000
0.1000
0.1000
0.1000
0.1000
0.1000
0.1000
0.1000
0.1000
0.1000
0.1000
0.1000
0.1000
0.1000
0.1000
0.1000
0.1000
0.1000
0.1000
0.1000
0.1000
2.2084
2.9432
3.6610
4.3574
5.0264
5.6602
6.2480
6.7760
7.2264
7.5780
7.8090
7.9014
7.8472
7.6511
7.3290
6.9024
6.3929
5.8192
5.1964
4.5357
3.8458
3.1332
2.4025
1.6574
0.9008
0.1346
0.1000
0.1000
0.1000
0.1000
0.1000
0.1000
0.1000
0.1000
0.1000
0.1000
0.1000
0.1000
0.1000
0.1000
0.1000
0.1000
0.1000
0.1000
0.1000
0.1000
0.1000
0.1000
0.1000
0.1000
1.8413
2.5491
3.2366
3.8988
4.5296
5.1210
5.6628
6.1426
6.5454
6.8550
7.0556
7.1352
7.0885
6.9187
6.6362
6.2563
5.7952
5.2683
4.6888
4.0675
3.4128
2.7315
2.0286
1.3083
0.5736
0.1000
0.1000
0.1000
0.1000
0.1000
0.1000
0.1000
0.1000
0.1000
0.1000
0.1000
0.1000
0.1000
0.1000
0.1000
0.1000
0.1000
0.1000
0.1000
0.1000
0.1000
0.1000
0.1000
0.1000
0.1000
1.4242
2.1038
2.7600
3.3878
3.9810
4.5319
5.0313
5.4682
5.8306
6.1059
6.2826
6.3523
6.3114
6.1621
5.9117
5.5710
5.1523
4.6682
4.1298
3.5469
2.9275
2.2782
1.6044
0.9102
0.1991
0.1000
0.1000
0.1000
0.1000
0.1000
0.1000
0.1000
0.1000
0.1000
0.1000
0.1000
0.1000
0.1000
0.1000
0.1000
0.1000
0.1000
0.1000
0.1000
0.1000
0.1000
0.1000
0.1000
0.1000
0.1000
0.9625
1.6134
2.2384
2.8325
3.3898
3.9030
4.3641
4.7636
5.0918
5.3388
5.4964
5.5582
5.5220
5.3891
5.1648
4.8569
4.4751
4.0293
3.5289
2.9824
2.3974
1.7799
1.1354
0.4681
0.1000
0.1000
0.1000
0.1000
0.1000
0.1000
0.1000
0.1000
0.1000
0.1000
0.1000
0.1000
0.1000
0.1000
0.1000
0.1000
0.1000
0.1000
0.1000
0.1000
0.1000
0.1000
0.1000
0.1000
0.1000
0.1000
0.4613
1.0837
1.6783
2.2402
2.7637
3.2425
3.6692
4.0362
4.3353
4.5590
4.7009
4.7565
4.7239
4.6044
4.4015
4.1215
3.7715
3.3597
2.8938
2.3814
1.8290
1.2425
0.6269
0.1000
0.1000
0.1000
0.1000
0.1000
0.1000
0.1000
0.1000
0.1000
0.1000
0.1000
0.1000
0.1000
0.1000
0.1000
0.1000
0.1000
0.1000
0.1000
0.1000
0.1000
0.1000
0.1000
0.1000
0.1000
0.1000
0.1000
0.1000
0.5200
1.0853
1.6167
2.1090
2.5564
2.9527
3.2913
3.5656
3.7698
3.8987
3.9492
3.9197
3.8110
3.6262
3.3697
3.0473
2.6655
2.2309
1.7498
1.2281
0.6712
0.1000
0.1000
0.1000
0.1000
0.1000
0.1000
0.1000
0.1000
0.1000
0.1000
0.1000
0.1000
0.1000
0.1000
0.1000
0.1000
0.1000
0.1000
0.1000
0.1000
0.1000
0.1000
0.1000
0.1000
0.1000
0.1000
0.1000
0.1000
0.1000
0.1000
0.1000
0.1000
0.1000
0.1000
0.1000
0.1000
0.1000
0.1000
0.1000
0.1000
0.1000
0.1000
0.1000
0.1000
0.1000
0.1000
0.1000
0.1000
0.1000
0.1000
0.1000
0.1000
0.1000
0.1000
0.1000
0.1000
0.1000
0.1000
0.1000
0.1000
0.1000
0.1000
0.1000
0.1000
0.1000
0.1000
0.1000
0.1000
0.1000
0.1000
0.1000
0.1000
0.1000
0.1000
0.1000
0.1000
0.1000
0.1000
0.1000
0.1000
0.1000
0.1000
0.1000
0.1000
0.1000
0.1000
0.1000
0.1000
0.1000
0.1000
0.1000
0.1000
0.1000
0.1000
0.1000
0.1000
0.1000
0.1000
0.1000
0.1000
0.1000
0.1000
0.1000
0.1000
0.1000
0.1000
0.1000
0.1000
0.1000
0.1000
0.1000
0.1000
0.1000
0.1000
0.1000
0.1000
0.1000
0.1000
0.1000
0.1000
0.1000
0.1000
0.1000
0.1000
0.1000
0.1000
0.1000
0.1000
0.1000
0.1000
0.1000
0.1000
0.1000
0.1000
0.1000
0.1000
0.1000
0.1000
0.1000
0.1000
0.1000
0.1000
0.1000
0.1000
0.1000
0.1000
0.1000
0.1000
0.1000
0.1000
0.1000
0.1000
0.1000
0.1000
0.1000
0.1000
0.1000
0.1000
0.1000
0.1000
0.1000
0.1000
0.1000
0.1000
0.1000
0.1000
0.1000
0.1000
0.1000
0.1000
0.1000
0.1000
0.1000
0.1000
0.1000
0.1000
0.1000
0.1000
0.1000
0.1000
0.1000
0.1000
0.1000
0.1000
0.1000
0.1000
0.1000
0.1000
0.1000
0.1000
0.1000
0.1000
0.1000
0.1000
0.1000
0.1000
0.1000
0.1000
0.1000
0.1000
0.1000
0.1000
0.1000
0.1000
0.1000
0.1000
0.1000
0.1000
0.1000
0.1000
0.1000
0.1000
0.1000
0.1000
0.1000
0.1000
0.1000
0.1000
0.1000
0.1000
0.1000
0.1000
0.1000
0.1000
0.1000
0.1000
0.1000
0.1000
0.1000
0.1000
0.1000
0.1000
0.1000
0.1000
0.1000
0.1000
0.1000
0.1000
0.1000
0.1000
0.1000
0.1000
0.1000
0.1000
0.1000
0.1000
0.1000
0.1000
0.1000
0.1000
0.1000
0.1000
0.1000
0.1000
0.1000
0.1000
0.1000
0.1000
0.1000
0.1000
0.1000
0.1000
0.1000
0.1000
0.1000
0.1000
0.1000
0.1000
0.1000
0.1000
0.1000
0.1000
0.1000
0.1000
0.1000
0.1000
0.1000
0.1000
0.1000
0.1000
0.1000
0.1000
0.1000
0.1000
0.1000
0.1000
0.1000
0.1000
0.1000
0.1000
0.1000
0.1000
0.1000
0.1000
0.1000
0.1000
0.1000
0.1000
0.1000
0.1000
0.1000
0.1000
0.1000
0.1000
0.1000
0.1000
0.1000
0.1000
0.1000
0.1000
0.1000
0.1000
0.1000
0.1000
0.1000
0.1000
0.1000
0.1000
0.1000
0.1000
0.1000
0.1000
0.1000
0.1000
0.1000
0.1000
0.1000
0.1000
0.1000
0.1000
0.1000
0.1000
0.1000
0.1000
0.1000
0.1000
0.1000
0.1000
0.1000
0.1000
0.1000
0.1000
0.1000
0.1000
0.1000
0.1000
0.1000
0.1000
0.1000
0.1000
0.1000
0.1000
0.1000
0.1000
0.1000
0.1000
0.1000
0.1000
0.1000
0.1000
0.1000
0.1000
0.1000
0.1000
0.1000
0.1000
0.1000
0.1000
0.1000
0.1000
0.1000
0.1000
0.1000
0.1000
0.1000
0.1000
0.1000
0.1000
0.1000
0.1000
0.1000
0.1000
0.1000
0.1000
0.1000
0.1000
0.1000
0.1000
0.1000
0.1000
0.1000
0.1000
0.1000
0.1000
0.1000
0.1000
0.1000
0.1000
0.1000
0.1000
0.1000
0.1000
0.1000
0.1000
0.1000
0.1000
0.1000
0.1000
0.1000
0.1000
0.1000
0.1000
0.1000
0.1000
0.1000
0.1000
0.1000
0.1000
0.1000
0.1000
0.1000
0.1000
0.1000
0.1000
0.1000
0.1000
0.1000
0.1000
0.1000
0.1000
0.1000
0.1000
0.1000
0.1000
0.1000
0.1000
0.1000
0.1000
0.1000
0.1000
0.1000
0.1000
0.1000
0.1000
0.1000
0.1000
0.1000
0.1000
0.1000
0.1000
0.1000
0.1000
0.1000
0.1000
0.1000
0.1000
0.1000
0.1000
0.1000
0.1000
0.1000
0.1000
0.1000
0.1000
0.1000
0.1000
0.1000
0.1000
0.1000
0.1000
0.1000
0.1000
0.1000
0.1000
0.1000
0.1000
0.1000
0.1000
0.1000
0.1000
0.1000
0.1000
0.1000
0.1000
0.1000
0.1000
0.1000
0.1000
0.1000
0.1000
0.1000
0.1000
0.1000
0.1000
0.1000
0.1000
0.1000
0.1000
0.1000
0.1000
0.1000
0.1000
0.1000
0.1000
0.1000
0.1000
0.1000
0.1000
0.1000
0.1000
0.1000
0.1000
0.1000
0.1000
0.1000
0.1000
0.1000
0.1000
0.1000
0.1000
0.1000
0.1000
0.1000
0.1000
0.1000
0.1000
0.1000
0.1000
0.1000
0.1000
0.1000
0.1000
0.1000
0.1000
0.1000
0.1000
0.1000
0.1000
0.1000
0.1000
0.1000
0.1000
0.1000
0.1000
0.1000
0.1000
0.1000
0.1000
0.1000
0.1000
0.1000
0.1000
0.1000
0.1000
0.1000
0.1000
0.1000
0.1000
0.1000
0.1000
0.1000
0.1000
0.1000
0.1000
0.1000
0.1000
0.1000
0.1000
0.1000
0.1000
0.1000
0.1000
0.1000
0.1000
0.1000
0.1000
0.1000
0.1000
0.1000
0.1000
0.1000
0.1000
0.1000
0.1000
0.1000
0.1000
0.1000
0.1000
0.1000
0.1000
0.1000
0.1000
0.1000
0.1000
0.1000
0.1000
0.1000
0.1000
0.1000
0.1000
0.1000
0.1000
0.1000
0.1000
0.1000
0.1000
0.1000
0.1000
0.1000
0.1000
0.1000
0.1000
0.1000
0.1000
0.1000
0.1000
0.1000
0.1000
0.1000
0.1000
0.1000
0.1000
0.1000
0.1000
0.1000
0.1000
0.1000
0.1000
0.1000
0.1000
0.1000
0.1000
0.1000
0.1000
0.1000
0.1000
0.1000
0.1000
0.1000
0.1000
0.1000
0.1000
0.1000
0.1000
0.1000
0.1000
0.1000
0.1000
0.1000
0.1000
0.1000
0.1000
0.1000
0.1000
0.1000
0.1000
0.1000
0.1000
0.1000
0.1000
0.1000
0.1000
0.1000
0.1000
0.1000
0.3851
0.6419
0.7264
0.6330
0.3677
0.1000
0.1000
0.1000
0.1000
0.1000
0.1000
0.1000
0.1000
0.1000
0.1000
0.1000
0.1000
0.1000
0.1000
0.1000
0.1000
0.1000
0.1000
0.1000
0.1000
0.1000
0.1000
0.1000
0.1000
0.1000
0.1000
0.1000
0.1000
0.1000
0.1000
0.1000
0.1000
0.1000
0.1000
0.1000
0.1000
0.1000
0.1000
0.1000
0.1000
0.1000
0.1000
0.1000
0.1082
0.7056
1.1600
1.4444
1.5383
1.4344
1.1408
0.6784
0.1000
0.1000
0.1000
0.1000
0.1000
0.1000
0.1000
0.1000
0.1000
0.1000
0.1000
0.1000
0.1000
0.1000
0.1000
0.1000
0.1000
0.1000
0.1000
0.1000
0.1000
0.1000
0.1000
0.1000
0.1000
0.1000
0.1000
0.1000
0.1000
0.1000
0.1000
0.1000
0.1000
0.1000
0.1000
0.1000
0.1000
0.1000
0.1000
0.1000
0.1000
0.1000
0.6758
1.3193
1.8143
2.1272
2.2311
2.1161
1.7933
1.2899
0.6398
0.1000
0.1000
0.1000
0.1000
0.1000
0.1000
0.1000
0.1000
0.1000
0.1000
0.1000
0.1000
0.1000
0.1000
0.1000
0.1000
0.1000
0.1000
0.1000
0.1000
0.1000
0.1000
0.1000
0.1000
0.1000
0.1000
0.1000
0.1000
0.1000
0.1000
0.1000
0.1000
0.1000
0.1000
0.1000
0.1000
0.1000
0.1000
0.1000
0.1000
0.2996
1.0970
1.7798
2.3107
2.6493
2.7624
2.6373
2.2880
1.7484
1.0590
0.2565
0.1000
0.1000
0.1000
0.1000
0.1000
0.1000
0.1000
0.1000
0.1000
0.1000
0.1000
0.1000
0.1000
0.1000
0.1000
0.1000
0.1000
0.1000
0.1000
0.1000
0.1000
0.1000
0.1000
0.1000
0.1000
0.1000
0.1000
0.1000
0.1000
0.1000
0.1000
0.1000
0.1000
0.1000
0.1000
0.1000
0.1000
0.1000
0.1000
0.5245
1.3465
2.0549
2.6099
2.9663
3.0859
2.9537
2.5861
2.0222
1.3071
0.4803
0.1000
0.1000
0.1000
0.1000
0.1000
0.1000
0.1000
0.1000
0.1000
0.1000
0.1000
0.1000
0.1000
0.1000
0.1000
0.1000
0.1000
0.1000
0.1000
0.1000
0.1000
0.1000
0.1000
0.1000
0.1000
0.1000
0.1000
0.1000
0.1000
0.1000
0.1000
0.1000
0.1000
0.1000
0.1000
0.1000
0.1000
0.1000
0.1000
0.5783
1.4063
2.1213
2.6825
3.0435
3.1647
3.0306
2.6584
2.0883
1.3667
0.5338
0.1000
0.1000
0.1000
0.1000
0.1000
0.1000
0.1000
0.1000
0.1000
0.1000
0.1000
0.1000
0.1000
0.1000
0.1000
0.1000
0.1000
0.1000
0.1000
0.1000
0.1000
0.1000
0.1000
0.1000
0.1000
0.1000
0.1000
0.1000
0.1000
0.1000
0.1000
0.1000
0.1000
0.1000
0.1000
0.1000
0.1000
0.1000
0.1000
0.4576
1.2721
1.9727
2.5202
2.8711
2.9886
2.8587
2.4968
1.9404
1.2331
0.4137
0.1000
0.1000
0.1000
0.1000
0.1000
0.1000
0.1000
0.1000
0.1000
0.1000
0.1000
0.1000
0.1000
0.1000
0.1000
0.1000
0.1000
0.1000
0.1000
0.1000
0.1000
0.1000
0.1000
0.1000
0.1000
0.1000
0.1000
0.1000
0.1000
0.1000
0.1000
0.1000
0.1000
0.1000
0.1000
0.1000
0.1000
0.1000
0.1000
0.1698
0.9539
1.6227
2.1408
2.4701
2.5798
2.4584
2.1187
1.5920
0.9165
0.1275
0.1000
0.1000
0.1000
0.1000
0.1000
0.1000
0.1000
0.1000
0.1000
0.1000
0.1000
0.1000
0.1000
0.1000
0.1000
0.1000
0.1000
0.1000
0.1000
0.1000
0.1000
0.1000
0.1000
0.1000
0.1000
0.1000
0.1000
0.1000
0.1000
0.1000
0.1000
0.1000
0.1000
0.1000
0.1000
0.1000
0.1000
0.1000
0.1000
0.1000
0.4731
1.0992
1.5789
1.8808
1.9809
1.8702
1.5585
1.0707
0.4379
0.1000
0.1000
0.1000
0.1000
0.1000
0.1000
0.1000
0.1000
0.1000
0.1000
0.1000
0.1000
0.1000
0.1000
0.1000
0.1000
0.1000
0.1000
0.1000
0.1000
0.1000
0.1000
0.1000
0.1000
0.1000
0.1000
0.1000
0.1000
0.1000
0.1000
0.1000
0.1000
0.1000
0.1000
0.1000
0.1000
0.1000
0.1000
0.1000
0.1000
0.1000
0.1000
0.4354
0.8740
1.1475
1.2377
1.1379
0.8555
0.4091
0.1000
0.1000
0.1000
0.1000
0.1000
0.1000
0.1000
0.1000
0.1000
0.1000
0.1000
0.1000
0.1000
0.1000
0.1000
0.1000
0.1000
0.1000
0.1000
0.1000
0.1000
0.1000
0.1000
0.1000
0.1000
0.1000
0.1000
0.1000
0.1000
0.1000
0.1000
0.1000
0.1000
0.1000
0.1000
0.1000
0.1000
0.1000
0.1000
0.1000
0.1000
0.1000
0.1000
0.1000
0.1000
0.3081
0.3891
0.2995
0.1000
0.1076
0.1668
0.1000
0.1000
0.1000
0.1000
0.1000
0.1000
0.1000
0.1000
0.1000
0.1000
0.1000
0.1000
0.1000
0.1000
0.1000
0.1000
0.1000
0.1000
0.1000
0.1000
0.1000
0.1000
0.1000
0.1000
0.1000
0.1000
0.1000
0.1000
0.1000
0.1000
0.1000
0.1000
0.1000
0.1000
0.1000
0.1000
0.1000
0.1000
0.1000
0.1000
0.1000
0.1000
0.1000
0.1000
0.1000
0.1000
0.1000
0.1000
0.1000
0.1050
0.1000
0.1000
0.1000
0.1000
0.1000
0.1000
0.1000
0.1000
0.1000
0.1000
0.1000
0.1000
0.1000
0.1000
0.1000
0.1000
0.1000
0.1000
0.1000
0.1000
0.1000
0.1000
0.1000
0.1000
0.1000
0.1000
0.1000
0.1000
0.1000
0.1000
0.1000
0.1000
0.1000
0.1000
0.1000
0.1000
0.1000
0.1000
0.1000
0.1000
0.1000
0.1000
0.1000
0.1000
0.1000
0.1000
0.1000
0.1000
0.1000
0.1000
0.1000
0.1000
0.1000
0.1000
0.1000
0.1000
0.1000
0.1000
0.1000
0.1000
0.1000
0.1000
0.1650
0.4256
0.6340
0.7872
0.8832
0.9206
0.8987
0.8180
0.6796
0.4854
0.2382
0.1000
0.1000
0.1000
0.1000
0.1000
0.1000
0.1000
0.1000
0.1000
0.1000
0.1000
0.1000
0.1000
0.1000
0.1000
0.1000
0.1000
0.1000
0.1000
0.1000
0.1000
0.1000
0.1000
0.1000
0.1000
0.1000
0.1000
0.1000
0.1000
0.1000
0.1000
0.1000
0.1000
0.1000
0.1000
0.1000
0.1000
0.2283
0.6052
0.9348
1.2131
1.4361
1.6006
1.7038
1.7439
1.7204
1.6336
1.4850
1.2770
1.0129
0.6963
0.3314
0.1000
0.1000
0.1000
0.1000
0.1000
0.1000
0.1000
0.1000
0.1000
0.1000
0.1000
0.1000
0.1000
0.1000
0.1000
0.1000
0.1000
0.1000
0.1000
0.1000
0.1000
0.1000
0.1000
0.1000
0.1000
0.1000
0.1000
0.1000
0.1000
0.1000
0.1000
0.1000
0.1000
0.1000
0.4979
0.9427
1.3436
1.6956
1.9938
2.2337
2.4110
2.5225
2.5660
2.5406
2.4467
2.2864
2.0625
1.7791
1.4408
1.0523
0.6185
0.1442
0.1000
0.1000
0.1000
0.1000
0.1000
0.1000
0.1000
0.1000
0.1000
0.1000
0.1000
0.1000
0.1000
0.1000
0.1000
0.1000
0.1000
0.1000
0.1000
0.1000
0.1000
0.1000
0.1000
0.1000
0.1000
0.1000
0.1000
0.1000
0.1000
0.1000
0.3431
0.6571
1.1686
1.6406
2.0681
2.4452
2.7663
3.0255
3.2179
3.3391
3.3865
3.3588
3.2567
3.0826
2.8404
2.5351
2.1721
1.7572
1.2963
0.7947
0.2574
0.1000
0.1000
0.1000
0.1000
0.1000
0.1000
0.1000
0.1000
0.1000
0.1000
0.1000
0.1000
0.1000
0.1000
0.1000
0.1000
0.1000
0.1000
0.1000
0.1000
0.1000
0.1000
0.1000
0.1000
0.1000
0.1000
0.1000
0.1000
0.4997
0.8771
1.2759
1.8168
2.3187
2.7757
3.1812
3.5283
3.8101
4.0200
4.1528
4.2048
4.1744
4.0625
3.8723
3.6088
3.2781
2.8872
2.4431
1.9523
1.4212
0.8551
0.2589
0.1000
0.1000
0.1000
0.1000
0.1000
0.1000
0.1000
0.1000
0.1000
0.1000
0.1000
0.1000
0.1000
0.1000
0.1000
0.1000
0.1000
0.1000
0.1000
0.1000
0.1000
0.1000
0.1000
0.1000
0.1000
0.1000
0.1000
0.9757
1.3668
1.8660
2.4382
2.9726
3.4623
3.8999
4.2770
4.5852
4.8161
4.9628
5.0203
4.9866
4.8630
4.6535
4.3648
4.0049
3.5824
3.1056
2.5823
2.0193
1.4228
0.7978
0.1486
0.1000
0.1000
0.1000
0.1000
0.1000
0.1000
0.1000
0.1000
0.1000
0.1000
0.1000
0.1000
0.1000
0.1000
0.1000
0.1000
0.1000
0.1000
0.1000
0.1000
0.1000
0.1000
0.1000
0.1000
0.1000
0.1000
1.4028
1.8072
2.4222
3.0278
3.5971
4.1230
4.5967
5.0085
5.3478
5.6040
5.7676
5.8320
5.7943
5.6562
5.4234
5.1049
4.7111
4.2526
3.7395
3.1808
2.5841
1.9558
1.3012
0.6246
0.1000
0.1000
0.1000
0.1000
0.1000
0.1000
0.1000
0.1000
0.1000
0.1000
0.1000
0.1000
0.1000
0.1000
0.1000
0.1000
0.1000
0.1000
0.1000
0.1000
0.1000
0.1000
0.1000
0.1000
0.1000
0.1000
1.7761
2.2711
2.9387
3.5790
4.1857
4.7510
5.2654
5.7173
6.0936
6.3805
6.5653
6.6383
6.5955
6.4393
6.1780
5.8238
5.3904
4.8913
4.3383
3.7416
3.1095
2.4485
1.7640
1.0602
0.3404
0.1000
0.1000
0.1000
0.1000
0.1000
0.1000
0.1000
0.1000
0.1000
0.1000
0.1000
0.1000
0.1000
0.1000
0.1000
0.1000
0.1000
0.1000
0.1000
0.1000
0.1000
0.1000
0.1000
0.1000
0.1000
2.0907
2.7094
3.4089
4.0845
4.7303
5.3380
5.8975
6.3954
6.8159
7.1409
7.3525
7.4367
7.3873
7.2080
6.9111
6.5138
6.0346
5.4899
4.8936
4.2570
3.5885
2.8948
2.1809
1.4507
0.7071
0.1000
0.1000
0.1000
0.1000
0.1000
0.1000
0.1000
0.1000
0.1000
0.1000
0.1000
0.1000
0.1000
0.1000
0.1000
0.1000
0.1000
0.1000
0.1000
0.1000
0.1000
0.1000
0.1000
0.1000
0.1000
2.3492
3.0949
3.8251
4.5357
5.2210
5.8731
6.4815
7.0317
7.5047
7.8771
8.1236
8.2227
8.1645
7.9549
7.6131
7.1640
6.6321
6.0374
5.3955
4.7181
4.0135
3.2880
2.5460
1.7910
1.0256
0.2516
0.1000
0.1000
0.1000
0.1000
0.1000
0.1000
0.1000
0.1000
0.1000
0.1000
0.1000
0.1000
0.3197
0.4166
0.3557
0.1396
0.1000
0.1000
0.1000
0.1000
0.1000
0.1000
0.1000
0.1000
2.6507
3.4209
4.1795
4.9229
5.6464
6.3429
7.0024
7.6100
8.1444
8.5760
8.8687
8.9884
8.9180
8.6677
8.2689
7.7582
7.1674
6.5199
5.8319
5.1147
4.3760
3.6210
2.8536
2.0765
1.2916
0.5006
0.1000
0.1000
0.1000
0.1000
0.1000
0.1000
0.1000
0.1000
0.1000
0.1000
0.1000
0.3118
0.5683
0.6676
0.6051
0.3838
0.1000
0.1000
0.1000
0.1000
0.1000
0.1000
0.1000
0.1000
2.8900
3.6809
4.4638
5.2360
5.9938
6.7316
7.4408
8.1078
8.7104
9.2140
9.5683
9.7172
9.6292
9.3237
8.8538
8.2731
7.6205
6.9208
6.1895
5.4362
4.6674
3.8871
3.0981
2.3024
1.5015
0.6965
0.1000
0.1000
0.1000
0.1000
0.1000
0.1000
0.1000
0.1000
0.1000
0.1000
0.1000
0.4006
0.6594
0.7597
0.6966
0.4733
0.1000
0.1000
0.1000
0.1000
0.1000
0.1000
0.1000
0.1000
3.0625
3.8691
4.6705
5.4652
6.2504
7.0222
7.7742
8.4953
9.1659
9.7496
10.1821
10.3721
10.2591
9.8810
9.3293
8.6771
7.9668
7.2216
6.4543
5.6721
4.8796
4.0797
3.2744
2.4648
1.6521
0.8367
0.1000
0.1000
0.1000
0.1000
0.1000
0.1000
0.1000
0.1000
0.1000
0.1000
0.1000
0.3318
0.5888
0.6884
0.6258
0.4040
0.1000
0.1000
0.1000
0.1000
0.1000
0.1000
0.1000
0.1000
3.1644
3.9806
4.7935
5.6021
6.4048
7.1988
7.9796
8.7391
9.4618
10.1149
10.6269
10.8658
10.7224
10.2670
9.6417
8.9330
8.1812
7.4050
6.6139
5.8132
5.0060
4.1940
3.3787
2.5607
1.7407
0.9191
0.1000
0.1000
0.1000
0.1000
0.1000
0.1000
0.1000
0.1000
0.1000
0.1000
0.1000
0.1085
0.3599
0.4572
0.3960
0.1791
0.1000
0.1000
0.1000
0.1000
0.1000
0.1000
0.1000
0.1000
3.1935
4.0124
4.8287
5.6415
6.4493
7.2499
8.0394
8.8111
9.5509
10.2287
10.7729
11.0343
10.8766
10.3888
9.7365
9.0089
8.2439
7.4581
6.6600
5.8538
5.0422
4.2267
3.4084
2.5880
1.7660
0.9426
0.1182
0.1000
0.1000
0.1000
0.1000
0.1000
0.1000
0.1000
0.1000
0.1000
0.1000
0.1000
0.1000
0.1000
0.1000
0.1000
0.1000
0.1000
0.1000
0.1000
0.1000
0.1000
0.1000
0.1000
3.1491
3.9638
4.7750
5.5814
6.3814
7.1719
7.9482
8.7016
9.4157
10.0567
10.5540
10.7831
10.6459
10.2052
9.5928
8.8935
8.1484
7.3771
6.5897
5.7919
4.9869
4.1768
3.3630
2.5463
1.7274
0.9067
0.1000
0.1000
0.1000
0.1000
0.1000
0.1000
0.1000
0.1000
0.1000
0.1000
0.1000
0.1000
0.1000
0.1000
0.1000
0.1000
0.1000
0.1000
0.1000
0.1000
0.1000
0.1000
0.1000
0.1000
3.0322
3.8359
4.6340
5.4246
6.2049
6.9704
7.7143
8.4250
9.0820
9.6490
10.0640
10.2444
10.1373
9.7757
9.2414
8.6036
7.9045
7.1679
6.4072
5.6303
4.8421
4.0458
3.2434
2.4363
1.6256
0.8121
0.1000
0.1000
0.1000
0.1000
0.1000
0.1000
0.1000
0.1000
0.1000
0.1000
0.1000
0.1000
0.1000
0.1000
0.1000
0.1000
0.1000
0.1000
0.1000
0.1000
0.1000
0.1000
0.1000
0.1000
2.8454
3.6323
4.4105
5.1771
5.9282
6.6579
7.3570
8.0117
8.5997
9.0873
9.4273
9.5692
9.4854
9.1929
8.7390
8.1734
7.5337
6.8446
6.1219
5.3758
4.6127
3.8373
3.0524
2.2603
1.4625
0.6601
0.1000
0.1000
0.1000
0.1000
0.1000
0.1000
0.1000
0.1000
0.1000
0.1000
0.1000
0.1000
0.1000
0.1000
0.1000
0.1000
0.1000
0.1000
0.1000
0.1000
0.1000
0.1000
0.1000
0.1000
2.5926
3.3580
4.1109
4.8477
5.5634
6.2508
6.8996
7.4949
8.0157
8.4339
8.7158
8.8306
8.7631
8.5224
8.1366
7.6396
7.0615
6.4251
5.7467
5.0376
4.3058
3.5567
2.7943
2.0216
1.2405
0.4528
0.1000
0.1000
0.1000
0.1000
0.1000
0.1000
0.1000
0.1000
0.1000
0.1000
0.1000
0.1000
0.1000
0.1000
0.1000
0.1000
0.1000
0.1000
0.1000
0.1000
0.1000
0.1000
0.1000
0.1000
2.2788
3.0190
3.7429
4.4463
5.1233
5.7661
6.3640
6.9028
7.3641
7.7257
7.9641
8.0597
8.0036
7.8010
7.4695
7.0321
6.5117
5.9277
5.2955
4.6266
3.9295
3.2105
2.4742
1.7242
0.9632
0.1931
0.1000
0.1000
0.1000
0.1000
0.1000
0.1000
0.1000
0.1000
0.1000
0.1000
0.1000
0.1000
0.1000
0.1000
0.1000
0.1000
0.1000
0.1000
0.1000
0.1000
0.1000
0.1000
0.1000
0.1000
1.9093
2.6219
3.3147
3.9830
4.6205
5.2192
5.7688
6.2566
6.6672
6.9835
7.1889
7.2705
7.2227
7.0487
6.7599
6.3724
5.9033
5.3685
4.7816
4.1534
3.4925
2.8056
2.0978
1.3730
0.6343
0.1000
0.1000
0.1000
0.1000
0.1000
0.1000
0.1000
0.1000
0.1000
0.1000
0.1000
0.1000
0.1000
0.1000
0.1000
0.1000
0.1000
0.1000
0.1000
0.1000
0.1000
0.1000
0.1000
0.1000
0.1000
1.4896
2.1734
2.8343
3.4672
4.0660
4.6228
5.1283
5.5713
5.9393
6.2193
6.3992
6.4702
6.4286
6.2765
6.0217
5.6755
5.2509
4.7607
4.2163
3.6278
3.0032
2.3491
1.6708
0.9727
0.2580
0.1000
0.1000
0.1000
0.1000
0.1000
0.1000
0.1000
0.1000
0.1000
0.1000
0.1000
0.1000
0.1000
0.1000
0.1000
0.1000
0.1000
0.1000
0.1000
0.1000
0.1000
0.1000
0.1000
0.1000
0.1000
1.0253
1.6799
2.3089
2.9074
3.4692
3.9873
4.4531
4.8572
5.1895
5.4400
5.5998
5.6626
5.6258
5.4910
5.2635
4.9517
4.5654
4.1148
3.6096
3.0585
2.4690
1.8475
1.1991
0.5283
0.1000
0.1000
0.1000
0.1000
0.1000
0.1000
0.1000
0.1000
0.1000
0.1000
0.1000
0.1000
0.1000
0.1000
0.1000
0.1000
0.1000
0.1000
0.1000
0.1000
0.1000
0.1000
0.1000
0.1000
0.1000
0.1000
0.5214
1.1472
1.7452
2.3107
2.8381
3.3207
3.7512
4.1217
4.4240
4.6502
4.7938
4.8500
4.8171
4.6961
4.4909
4.2079
3.8545
3.4389
2.9692
2.4529
1.8968
1.3068
0.6879
0.1000
0.1000
0.1000
0.1000
0.1000
0.1000
0.1000
0.1000
0.1000
0.1000
0.1000
0.1000
0.1000
0.1000
0.1000
0.1000
0.1000
0.1000
0.1000
0.1000
0.1000
0.1000
0.1000
0.1000
0.1000
0.1000
0.1000
0.1000
0.5804
1.1488
1.6833
2.1787
2.6293
3.0285
3.3699
3.6467
3.8527
3.9829
4.0338
4.0040
3.8944
3.7078
3.4490
3.1239
2.7392
2.3014
1.8172
1.2924
0.7324
0.1421
0.1000
0.1000
0.1000
0.1000
0.1000
0.1000
0.1000
0.1000
0.1000
0.1000
0.1000
0.1000
0.1000
0.1000
0.1000
0.1000
0.1000
0.1000
0.1000
0.1000
0.1000
0.1000
0.1000
0.1000
0.1000
0.1000
0.1000
0.1000
0.1000
0.1000
0.1000
0.1000
0.1000
0.1000
0.1000
0.1000
0.1000
0.1000
0.1000
0.1000
0.1000
0.1000
0.1000
0.1000
0.1000
0.1000
0.1000
0.1000
0.1000
0.1000
0.1000
0.1000
0.1000
0.1000
0.1000
0.1000
0.1000
0.1000
0.1000
0.1000
0.1000
0.1000
0.1000
0.1000
0.1000
0.1000
0.1000
0.1000
0.1000
0.1000
0.1000
0.1000
0.1000
0.1000
0.1000
0.1000
0.1000
0.1000
0.1000
0.1000
0.1000
0.1000
0.1000
0.1000
0.1000
0.1000
0.1000
0.1000
0.1000
0.1000
0.1000
0.1000
0.1000
0.1000
0.1000
0.1000
0.1000
0.1000
0.1000
0.1000
0.1000
0.1000
0.1000
0.1000
0.1000
0.1000
0.1000
0.1000
0.1000
0.1000
0.1000
0.1000
0.1000
0.1000
0.1000
0.1000
0.1000
0.1000
0.1000
0.1000
0.1000
0.1000
0.1000
0.1000
0.1000
0.1000
0.1000
0.1000
0.1000
0.1000
0.1000
0.1000
0.1000
0.1000
0.1000
0.1000
0.1000
0.1000
0.1000
0.1000
0.1000
0.1000
0.1000
0.1000
0.1000
0.1000
0.1000
0.1000
0.1000
0.1000
0.1000
0.1000
0.1000
0.1000
0.1000
0.1000
0.1000
0.1000
0.1000
0.1000
0.1000
0.1000
0.1000
0.1000
0.1000
0.1000
0.1000
0.1000
0.1000
0.1000
0.1000
0.1000
0.1000
0.1000
0.1000
0.1000
0.1000
0.1000
0.1000
0.1000
0.1000
0.1000
0.1000
0.1000
0.1000
0.1000
0.1000
0.1000
0.1000
0.1000
0.1000
0.1000
0.1000
0.1000
0.1000
0.1000
0.1000
0.1000
0.1000
0.1000
0.1000
0.1000
0.1000
0.1000
0.1000
0.1000
0.1000
0.1000
0.1000
0.1000
0.1000
0.1000
0.1000
0.1000
0.1000
0.1000
0.1000
0.1000
0.1000
0.1000
0.1000
0.1000
0.1000
0.1000
0.1000
0.1000
0.1000
0.1000
0.1000
0.1000
0.1000
0.1000
0.1000
0.1000
0.1000
0.1000
0.1000
0.1000
0.1000
0.1000
0.1000
0.1000
0.1000
0.1000
0.1000
0.1000
0.1000
0.1000
0.1000
0.1000
0.1000
0.1000
0.1000
0.1000
0.1000
0.1000
0.1000
0.1000
0.1000
0.1000
0.1000
0.1000
0.1000
0.1000
0.1000
0.1000
0.1000
0.1000
0.1000
0.1000
0.1000
0.1000
0.1000
0.1000
0.1000
0.1000
0.1000
0.1000
0.1000
0.1000
0.1000
0.1000
0.1000
0.1000
0.1000
0.1000
0.1000
0.1000
0.1000
0.1000
0.1000
0.1000
0.1000
0.1000
0.1000
0.1000
0.1000
0.1000
0.1000
0.1000
0.1000
0.1000
0.1000
0.1000
0.1000
0.1000
0.1000
0.1000
0.1000
0.1000
0.1000
0.1000
0.1000
0.1000
0.1000
0.1000
0.1000
0.1000
0.1000
0.1000
0.1000
0.1000
0.1000
0.1000
0.1000
0.1000
0.1000
0.1000
0.1000
0.1000
0.1000
0.1000
0.1000
0.1000
0.1000
0.1000
0.1000
0.1000
0.1000
0.1000
0.1000
0.1000
0.1000
0.1000
0.1000
0.1000
0.1000
0.1000
0.1000
0.1000
0.1000
0.1000
0.1000
0.1000
0.1000
0.1000
0.1000
0.1000
0.1000
0.1000
0.1000
0.1000
0.1000
0.1000
0.1000
0.1000
0.1000
0.1000
0.1000
0.1000
0.1000
0.1000
0.1000
0.1000
0.1000
0.1000
0.1000
0.1000
0.1000
0.1000
0.1000
0.1000
0.1000
0.1000
0.1000
0.1000
0.1000
0.1000
0.1000
0.1000
0.1000
0.1000
0.1000
0.1000
0.1000
0.1000
0.1000
0.1000
0.1000
0.1000
0.1000
0.1000
0.1000
0.1000
0.1000
0.1000
0.1000
0.1000
0.1000
0.1000
0.1000
0.1000
0.1000
0.1000
0.1000
0.1000
0.1000
0.1000
0.1000
0.1000
0.1000
0.1000
0.1000
0.1000
0.1000
0.1000
0.1000
0.1000
0.1000
0.1000
0.1000
0.1000
0.1000
0.1000
0.1000
0.1000
0.1000
0.1000
0.1000
0.1000
0.1000
0.1000
0.1000
0.1000
0.1000
0.1000
0.1000
0.1000
0.1000
0.1000
0.1000
0.1000
0.1000
0.1000
0.1000
0.1000
0.1000
0.1000
0.1000
0.1000
0.1000
0.1000
0.1000
0.1000
0.1000
0.1000
0.1000
0.1000
0.1000
0.1000
0.1000
0.1000
0.1000
0.1000
0.1000
0.1000
0.1000
0.1000
0.1000
0.1000
0.1000
0.1000
0.1000
0.1000
0.1000
0.1000
0.1000
0.1000
0.1000
0.1000
0.1000
0.1000
0.1000
0.1000
0.1000
0.1000
0.1000
0.1000
0.1000
0.1000
0.1000
0.1000
0.1000
0.1000
0.1000
0.1000
0.1000
0.1000
0.1000
0.1000
0.1000
0.1000
0.1000
0.1000
0.1000
0.1000
0.1000
0.1000
0.1000
0.1000
0.1000
0.1000
0.1000
0.1000
0.1000
0.1000
0.1000
0.1000
0.1000
0.1000
0.1000
0.1000
0.1000
0.1000
0.1000
0.1000
0.1000
0.1000
0.1000
0.1000
0.1000
0.1000
0.1000
0.1000
0.1000
0.1000
0.1000
0.1000
0.1000
0.1000
0.1000
0.1000
0.1000
0.1000
0.1000
0.1000
0.1000
0.1000
0.1000
0.1000
0.1000
0.1000
0.1000
0.1000
0.1000
0.1000
0.1000
0.1000
0.1000
0.1000
0.1000
0.1000
0.1000
0.1000
0.1000
0.1000
0.1000
0.1000
0.1000
0.1000
0.1000
0.1000
0.1000
0.1000
0.1000
0.1000
0.1000
0.1000
0.1000
0.1000
0.1000
0.1000
0.1000
0.1000
0.1000
0.1000
0.1000
0.1000
0.1000
0.1000
0.1000
0.1000
0.1000
0.1000
0.1000
0.1000
0.1000
0.1000
0.1000
0.1000
0.1000
0.1000
0.1000
0.1000
0.1000
0.1079
0.1870
0.1000
0.1000
0.1000
0.1000
0.1000
0.1000
0.1000
0.1000
0.1000
0.1000
0.1000
0.1000
0.1000
0.1000
0.1000
0.1000
0.1000
0.1000
0.1000
0.1000
0.1000
0.1000
0.1000
0.1000
0.1000
0.1000
0.1000
0.1000
0.1000
0.1000
0.1000
0.1000
0.1000
0.1000
0.1000
0.1000
0.1000
0.1000
0.1000
0.1000
0.1000
0.1000
0.1000
0.1000
0.1000
0.1000
0.3363
0.7694
1.0392
1.1280
1.0297
0.7511
0.3103
0.1000
0.1000
0.1000
0.1000
0.1000
0.1000
0.1000
0.1000
0.1000
0.1000
0.1000
0.1000
0.1000
0.1000
0.1000
0.1000
0.1000
0.1000
0.1000
0.1000
0.1000
0.1000
0.1000
0.1000
0.1000
0.1000
0.1000
0.1000
0.1000
0.1000
0.1000
0.1000
0.1000
0.1000
0.1000
0.1000
0.1000
0.1000
0.1000
0.1000
0.1000
0.1000
0.4795
1.1062
1.5863
1.8885
1.9887
1.8779
1.5659
1.0776
0.4443
0.1000
0.1000
0.1000
0.1000
0.1000
0.1000
0.1000
0.1000
0.1000
0.1000
0.1000
0.1000
0.1000
0.1000
0.1000
0.1000
0.1000
0.1000
0.1000
0.1000
0.1000
0.1000
0.1000
0.1000
0.1000
0.1000
0.1000
0.1000
0.1000
0.1000
0.1000
0.1000
0.1000
0.1000
0.1000
0.1000
0.1000
0.1000
0.1000
0.1000
0.2795
1.0748
1.7554
2.2842
2.6213
2.7339
2.6094
2.2616
1.7241
1.0369
0.2365
0.1000
0.1000
0.1000
0.1000
0.1000
0.1000
0.1000
0.1000
0.1000
0.1000
0.1000
0.1000
0.1000
0.1000
0.1000
0.1000
0.1000
0.1000
0.1000
0.1000
0.1000
0.1000
0.1000
0.1000
0.1000
0.1000
0.1000
0.1000
0.1000
0.1000
0.1000
0.1000
0.1000
0.1000
0.1000
0.1000
0.1000
0.1000
0.1000
0.6797
1.5195
2.2471
2.8203
3.1904
3.3150
3.1773
2.7957
2.2135
1.4792
0.6346
0.1000
0.1000
0.1000
0.1000
0.1000
0.1000
0.1000
0.1000
0.1000
0.1000
0.1000
0.1000
0.1000
0.1000
0.1000
0.1000
0.1000
0.1000
0.1000
0.1000
0.1000
0.1000
0.1000
0.1000
0.1000
0.1000
0.1000
0.1000
0.1000
0.1000
0.1000
0.1000
0.1000
0.1000
0.1000
0.1000
0.1000
0.1000
0.1000
0.9157
1.7843
2.5433
3.1472
3.5409
3.6742
3.5269
3.1211
2.5080
1.7424
0.8692
0.1000
0.1000
0.1000
0.1000
0.1000
0.1000
0.1000
0.1000
0.1000
0.1000
0.1000
0.1000
0.1000
0.1000
0.1000
0.1000
0.1000
0.1000
0.1000
0.1000
0.1000
0.1000
0.1000
0.1000
0.1000
0.1000
0.1000
0.1000
0.1000
0.1000
0.1000
0.1000
0.1000
0.1000
0.1000
0.1000
0.1000
0.1000
0.1000
0.9722
1.8480
2.6150
3.2270
3.6269
3.7625
3.6126
3.2005
2.5793
1.8058
0.9254
0.1000
0.1000
0.1000
0.1000
0.1000
0.1000
0.1000
0.1000
0.1000
0.1000
0.1000
0.1000
0.1000
0.1000
0.1000
0.1000
0.1000
0.1000
0.1000
0.1000
0.1000
0.1000
0.1000
0.1000
0.1000
0.1000
0.1000
0.1000
0.1000
0.1000
0.1000
0.1000
0.1000
0.1000
0.1000
0.1000
0.1000
0.1000
0.1000
0.8454
1.7052
2.4546
3.0490
3.4352
3.5658
3.4214
3.0233
2.4198
1.6639
0.7994
0.1000
0.1000
0.1000
0.1000
0.1000
0.1000
0.1000
0.1000
0.1000
0.1000
0.1000
0.1000
0.1000
0.1000
0.1000
0.1000
0.1000
0.1000
0.1000
0.1000
0.1000
0.1000
0.1000
0.1000
0.1000
0.1000
0.1000
0.1000
0.1000
0.1000
0.1000
0.1000
0.1000
0.1000
0.1000
0.1000
0.1000
0.1000
0.1000
0.5439
1.3681
2.0789
2.6361
2.9941
3.1142
2.9814
2.6122
2.0461
1.3286
0.4996
0.1000
0.1000
0.1000
0.1000
0.1000
0.1000
0.1000
0.1000
0.1000
0.1000
0.1000
0.1000
0.1000
0.1000
0.1000
0.1000
0.1000
0.1000
0.1000
0.1000
0.1000
0.1000
0.1000
0.1000
0.1000
0.1000
0.1000
0.1000
0.1000
0.1000
0.1000
0.1000
0.1000
0.1000
0.1000
0.1000
0.1000
0.1000
0.1000
0.1000
0.8617
1.5219
2.0320
2.3556
2.4634
2.3442
2.0103
1.4916
0.8248
0.3990
0.1000
0.1000
0.1000
0.1000
0.1000
0.1000
0.1000
0.1000
0.1000
0.1000
0.1000
0.1000
0.1000
0.1000
0.1000
0.1000
0.1000
0.1000
0.1000
0.1000
0.1000
0.1000
0.1000
0.1000
0.1000
0.1000
0.1000
0.1000
0.1000
0.1000
0.1000
0.1000
0.1000
0.1000
0.1000
0.1000
0.1000
0.1000
0.1000
0.1000
0.2165
0.8221
1.2837
1.5730
1.6687
1.5629
1.2642
0.7945
0.8500
0.7176
0.3963
0.1000
0.1000
0.1000
0.1000
0.1000
0.1000
0.1000
0.1000
0.1000
0.1000
0.1000
0.1000
0.1000
0.1000
0.1000
0.1000
0.1000
0.1000
0.1000
0.1000
0.1000
0.1000
0.1000
0.1000
0.1000
0.1000
0.1000
0.1000
0.1000
0.1000
0.1000
0.1000
0.1000
0.1000
0.1000
0.1000
0.1000
0.1000
0.1000
0.1000
0.1000
0.4304
0.6887
0.7736
0.6796
0.6618
0.9182
0.9809
0.8472
0.5229
0.1000
0.1000
0.1000
0.1000
0.1000
0.1000
0.1000
0.1000
0.1000
0.1000
0.1000
0.1000
0.1000
0.1000
0.1000
0.1000
0.1000
0.1000
0.1000
0.1000
0.1000
0.1000
0.1000
0.1000
0.1000
0.1000
0.1000
0.1000
0.1000
0.1000
0.1000
0.1000
0.1000
0.1000
0.1000
0.1000
0.1000
0.1000
0.1000
0.1000
0.1000
0.1000
0.1000
0.1000
0.1603
0.5978
0.8530
0.9154
0.7824
0.4595
0.1000
0.1000
0.1000
0.1000
0.1000
0.1000
0.1000
0.1000
0.1000
0.1000
0.1000
0.1000
0.1000
0.1000
0.1055
0.1405
0.1200
0.1000
0.1000
0.1000
0.1000
0.1000
0.1000
0.1000
0.1000
0.1000
0.1000
0.1000
0.1000
0.1000
0.1000
0.1000
0.1000
0.1000
0.1000
0.1000
0.1000
0.1000
0.1000
0.1000
0.1000
0.1000
0.1000
0.1000
0.1000
0.3446
0.5951
0.6563
0.5258
0.2088
0.1000
0.1000
0.1000
0.1000
0.1000
0.1000
0.1000
0.1000
0.1000
0.1000
0.2096
0.4712
0.6803
0.8342
0.9306
0.9681
0.9461
0.8651
0.7261
0.5312
0.2831
0.1000
0.1000
0.1000
0.1000
0.1000
0.1000
0.1000
0.1000
0.1000
0.1000
0.1000
0.1000
0.1000
0.1000
0.1000
0.1000
0.1000
0.1000
0.1000
0.1000
0.1000
0.1000
0.1000
0.1000
0.1000
0.1550
0.2143
0.1000
0.1000
0.1000
0.1000
0.1000
0.1000
0.1000
0.1000
0.1000
0.1000
0.2731
0.6514
0.9824
1.2618
1.4858
1.6510
1.7547
1.7951
1.7714
1.6842
1.5349
1.3260
1.0608
0.7429
0.3766
0.1000
0.1000
0.1000
0.1000
0.1000
0.1000
0.1000
0.1000
0.1000
0.1000
0.1000
0.1000
0.1000
0.1000
0.1000
0.1000
0.1000
0.1000
0.1000
0.1000
0.1000
0.1000
0.1000
0.1000
0.1000
0.1000
0.1000
0.1000
0.1000
0.1000
0.1000
0.1000
0.1000
0.3900
0.6388
0.9903
1.3929
1.7464
2.0461
2.2872
2.4655
2.5776
2.6214
2.5958
2.5014
2.3402
2.1152
1.8304
1.4905
1.1003
0.6648
0.1887
0.1000
0.1000
0.1000
0.1000
0.1000
0.1000
0.1000
0.1000
0.1000
0.1000
0.1000
0.1000
0.1000
0.1000
0.1000
0.1000
0.1000
0.1000
0.1000
0.1000
0.1000
0.1000
0.1000
0.1000
0.1000
0.1000
0.1000
0.1000
0.1000
0.3000
0.6719
0.9899
1.2500
1.6913
2.1208
2.4999
2.8227
3.0835
3.2771
3.3991
3.4468
3.4189
3.3161
3.1410
2.8973
2.5902
2.2253
1.8084
1.3454
0.8417
0.3023
0.1000
0.1000
0.1000
0.1000
0.1000
0.1000
0.1000
0.1000
0.1000
0.1000
0.1000
0.1000
0.1000
0.1000
0.1000
0.1000
0.1000
0.1000
0.1000
0.1000
0.1000
0.1000
0.1000
0.1000
0.1000
0.1000
0.1000
0.1000
0.8323
1.2192
1.5507
1.8682
2.3727
2.8322
3.2402
3.5896
3.8733
4.0849
4.2187
4.2710
4.2404
4.1276
3.9360
3.6706
3.3377
2.9444
2.4977
2.0045
1.4708
0.9023
0.3038
0.1000
0.1000
0.1000
0.1000
0.1000
0.1000
0.1000
0.1000
0.1000
0.1000
0.1000
0.1000
0.1000
0.1000
0.1000
0.1000
0.1000
0.1000
0.1000
0.1000
0.1000
0.1000
0.1000
0.1000
0.1000
0.1000
0.1000
1.3203
1.7222
2.0672
2.4929
3.0303
3.5231
3.9638
4.3439
4.6546
4.8876
5.0357
5.0938
5.0598
4.9349
4.7235
4.4324
4.0696
3.6440
3.1641
2.6377
2.0718
1.4725
0.8448
0.1932
0.1000
0.1000
0.1000
0.1000
0.1000
0.1000
0.1000
0.1000
0.1000
0.1000
0.1000
0.1000
0.1000
0.1000
0.1000
0.1000
0.1000
0.1000
0.1000
0.1000
0.1000
0.1000
0.1000
0.1000
0.1000
0.1000
1.7591
2.1754
2.5336
3.0858
3.6589
4.1886
4.6663
5.0819
5.4247
5.6837
5.8493
5.9144
5.8763
5.7365
5.5011
5.1792
4.7816
4.3192
3.8023
3.2398
2.6395
2.0079
1.3503
0.6709
0.1000
0.1000
0.1000
0.1000
0.1000
0.1000
0.1000
0.1000
0.1000
0.1000
0.1000
0.1000
0.1000
0.1000
0.1000
0.1000
0.1000
0.1000
0.1000
0.1000
0.1000
0.1000
0.1000
0.1000
0.1000
0.1000
2.1433
2.5731
2.9962
3.6406
4.2518
4.8220
5.3414
5.7983
6.1794
6.4704
6.6579
6.7321
6.6886
6.5300
6.2649
5.9061
5.4677
4.9635
4.4056
3.8043
3.1680
2.5032
1.8152
1.1083
0.3856
0.1000
0.1000
0.1000
0.1000
0.1000
0.1000
0.1000
0.1000
0.1000
0.1000
0.1000
0.1000
0.1000
0.1000
0.1000
0.1000
0.1000
0.1000
0.1000
0.1000
0.1000
0.1000
0.1000
0.1000
0.1000
2.4676
2.9095
3.4693
4.1498
4.8010
5.4148
5.9807
6.4855
6.9126
7.2435
7.4594
7.5454
7.4949
7.3119
7.0095
6.6057
6.1196
5.5683
4.9659
4.3237
3.6502
2.9520
2.2342
1.5004
0.7538
0.1000
0.1000
0.1000
0.1000
0.1000
0.1000
0.1000
0.1000
0.1000
0.1000
0.1000
0.1000
0.2530
0.5080
0.6068
0.5447
0.3246
0.1000
0.1000
0.1000
0.1000
0.1000
0.1000
0.1000
0.1000
2.7270
3.1791
3.8885
4.6047
5.2965
5.9561
6.5729
7.1323
7.6149
7.9963
8.2495
8.3516
8.2917
8.0761
7.7257
7.2671
6.7258
6.1224
5.4729
4.7887
4.0783
3.3476
2.6012
1.8424
1.0735
0.2965
0.1000
0.1000
0.1000
0.1000
0.1000
0.1000
0.1000
0.1000
0.1000
0.1000
0.2452
0.6611
0.9269
1.0300
0.9651
0.7356
0.3527
0.1000
0.1000
0.1000
0.1000
0.1000
0.1000
0.1000
2.9171
3.4815
4.2455
4.9954
5.7266
6.4322
7.1024
7.7226
8.2709
8.7167
9.0210
9.1460
9.0724
8.8118
8.3992
7.8744
7.2706
6.6118
5.9144
5.1892
4.4437
3.6829
2.9106
2.1292
1.3407
0.5464
0.1000
0.1000
0.1000
0.1000
0.1000
0.1000
0.1000
0.1000
0.1000
0.1000
0.4919
0.9184
1.1916
1.2976
1.2309
0.9950
0.6020
0.1000
0.1000
0.1000
0.1000
0.1000
0.1000
0.1000
3.0344
3.7433
4.5322
5.3117
6.0783
6.8270
7.5496
8.2332
8.8562
9.3827
9.7582
9.9177
9.8233
9.4984
9.0054
8.4036
7.7333
7.0194
6.2766
5.5141
4.7376
3.9509
3.1565
2.3563
1.5515
0.7431
0.1000
0.1000
0.1000
0.1000
0.1000
0.1000
0.1000
0.1000
0.1000
0.1000
0.5823
1.0129
1.2888
1.3960
1.3286
1.0903
0.6935
0.1564
0.1000
0.1000
0.1000
0.1000
0.1000
0.1000
3.1208
3.9328
4.7407
5.5433
6.3384
7.1226
7.8907
8.6331
9.3320
9.9526
10.4256
10.6394
10.5117
10.0948
9.5044
8.8216
8.0884
7.3259
6.5452
5.7526
4.9517
4.1450
3.3340
2.5196
1.7027
0.8838
0.1000
0.1000
0.1000
0.1000
0.1000
0.1000
0.1000
0.1000
0.1000
0.1000
0.5123
0.9398
1.2135
1.3198
1.2529
1.0165
0.6227
0.1000
0.1000
0.1000
0.1000
0.1000
0.1000
0.1000
3.2233
4.0451
4.8648
5.6818
6.4950
7.3025
8.1014
8.8860
9.6447
10.3510
10.9353
11.2280
11.0500
10.5206
9.8367
9.0881
8.3088
7.5130
6.7073
5.8954
5.0793
4.2602
3.4389
2.6160
1.7918
0.9666
0.1406
0.1000
0.1000
0.1000
0.1000
0.1000
0.1000
0.1000
0.1000
0.1000
0.2850
0.7026
0.9696
1.0732
1.0080
0.7775
0.3930
0.1000
0.1000
0.1000
0.1000
0.1000
0.1000
0.1000
3.2526
4.0772
4.9004
5.7216
6.5401
7.3546
8.1630
8.9609
9.7396
10.4776
11.1118
11.4496
11.2417
10.6584
9.9384
9.1674
8.3734
7.5673
6.7541
5.9365
5.1159
4.2931
3.4689
2.6435
1.8172
0.9902
0.1626
0.1000
0.1000
0.1000
0.1000
0.1000
0.1000
0.1000
0.1000
0.1000
0.1000
0.3130
0.5695
0.6689
0.6064
0.3850
0.1000
0.1000
0.1000
0.1000
0.1000
0.1000
0.1000
0.1000
3.2079
4.0282
4.8461
5.6609
6.4713
7.2752
8.0692
8.8470
9.5958
10.2868
10.8493
11.1244
10.9579
10.4513
9.7843
9.0469
8.2751
7.4845
6.6828
5.8738
5.0601
4.2428
3.4231
2.6015
1.7784
0.9542
0.1290
0.1000
0.1000
0.1000
0.1000
0.1000
0.1000
0.1000
0.1000
0.1000
0.1000
0.1000
0.1000
0.1252
0.1000
0.1000
0.1000
0.1000
0.1000
0.1000
0.1000
0.1000
0.1000
0.1000
3.0902
3.8994
4.7039
5.5023
6.2922
7.0699
7.8294
8.5604
9.2440
9.8445
10.2949
10.4952
10.3759
9.9807
9.4116
8.7453
8.0244
7.2711
6.4974
5.7103
4.9139
4.1108
3.3027
2.4909
1.6762
0.8591
0.1000
0.1000
0.1000
0.1000
0.1000
0.1000
0.1000
0.1000
0.1000
0.1000
0.1000
0.1000
0.1000
0.1000
0.1000
0.1000
0.1000
0.1000
0.1000
0.1000
0.1000
0.1000
0.1000
0.1000
2.9023
3.6943
4.4784
5.2522
6.0119
6.7520
7.4640
8.1344
8.7413
9.2496
9.6081
9.7591
9.6699
9.3604
8.8859
8.3008
7.6445
6.9418
6.2081
5.4529
4.6824
3.9007
3.1106
2.3140
1.5123
0.7065
0.1000
0.1000
0.1000
0.1000
0.1000
0.1000
0.1000
0.1000
0.1000
0.1000
0.1000
0.1000
0.1000
0.1000
0.1000
0.1000
0.1000
0.1000
0.1000
0.1000
0.1000
0.1000
0.1000
0.1000
2.6481
3.4181
4.1764
4.9195
5.6427
6.3388
6.9978
7.6048
8.1386
8.5695
8.8618
8.9812
8.9109
8.6611
8.2629
7.7529
7.1627
6.5156
5.8281
5.1113
4.3729
3.6181
2.8510
2.0740
1.2894
0.4985
0.1000
0.1000
0.1000
0.1000
0.1000
0.1000
0.1000
0.1000
0.1000
0.1000
0.1000
0.1000
0.1000
0.1000
0.1000
0.1000
0.1000
0.1000
0.1000
0.1000
0.1000
0.1000
0.1000
0.1000
2.3326
3.0769
3.8057
4.5145
5.1978
5.8477
6.4536
7.0010
7.4712
7.8410
8.0855
8.1838
8.1261
7.9182
7.5789
7.1327
6.6035
6.0114
5.3718
4.6964
3.9936
3.2696
2.5290
1.7753
1.0108
0.2378
0.1000
0.1000
0.1000
0.1000
0.1000
0.1000
0.1000
0.1000
0.1000
0.1000
0.1000
0.1000
0.1000
0.1000
0.1000
0.1000
0.1000
0.1000
0.1000
0.1000
0.1000
0.1000
0.1000
0.1000
1.9612
2.6775
3.3746
4.0475
4.6902
5.2946
5.8505
6.3447
6.7615
7.0832
7.2925
7.3758
7.3269
7.1496
6.8557
6.4621
5.9866
5.4455
4.8528
4.2192
3.5536
2.8623
2.1506
1.4224
0.6806
0.1000
0.1000
0.1000
0.1000
0.1000
0.1000
0.1000
0.1000
0.1000
0.1000
0.1000
0.1000
0.1000
0.1000
0.1000
0.1000
0.1000
0.1000
0.1000
0.1000
0.1000
0.1000
0.1000
0.1000
0.1000
1.5395
2.2267
2.8912
3.5281
4.1311
4.6925
5.2028
5.6506
6.0231
6.3068
6.4893
6.5614
6.5192
6.3649
6.1066
5.7561
5.3267
4.8317
4.2827
3.6897
3.0610
2.4032
1.7216
1.0204
0.3029
0.1000
0.1000
0.1000
0.1000
0.1000
0.1000
0.1000
0.1000
0.1000
0.1000
0.1000
0.1000
0.1000
0.1000
0.1000
0.1000
0.1000
0.1000
0.1000
0.1000
0.1000
0.1000
0.1000
0.1000
0.1000
1.0732
1.7307
2.3629
2.9647
3.5301
4.0518
4.5214
4.9291
5.2647
5.5179
5.6795
5.7430
5.7058
5.5694
5.3395
5.0245
4.6347
4.1803
3.6714
3.1167
2.5238
1.8991
1.2478
0.5742
0.1000
0.1000
0.1000
0.1000
0.1000
0.1000
0.1000
0.1000
0.1000
0.1000
0.1000
0.1000
0.1000
0.1000
0.1000
0.1000
0.1000
0.1000
0.1000
0.1000
0.1000
0.1000
0.1000
0.1000
0.1000
0.1000
0.5673
1.1956
1.7963
2.3647
2.8950
3.3806
3.8140
4.1873
4.4920
4.7202
4.8651
4.9219
4.8886
4.7665
4.5596
4.2742
3.9181
3.4996
3.0269
2.5076
1.9487
1.3559
0.7345
0.1000
0.1000
0.1000
0.1000
0.1000
0.1000
0.1000
0.1000
0.1000
0.1000
0.1000
0.1000
0.1000
0.1000
0.1000
0.1000
0.1000
0.1000
0.1000
0.1000
0.1000
0.1000
0.1000
0.1000
0.1000
0.1000
0.1000
0.1000
0.6266
1.1972
1.7341
2.2320
2.6849
3.0866
3.4301
3.7088
3.9163
4.0475
4.0988
4.0687
3.9582
3.7703
3.5097
3.1825
2.7955
2.3553
1.8686
1.3414
0.7792
0.1866
0.1000
0.1000
0.1000
0.1000
0.1000
0.1000
0.1000
0.1000
0.1000
0.1000
0.1000
0.1000
0.1000
0.1000
0.1000
0.1000
0.1000
0.1000
0.1000
0.1000
0.1000
0.1000
0.1000
0.1000
0.1000
0.1000
0.1000
0.1000
0.1000
0.1000
0.1000
0.1000
0.1000
0.1000
0.1000
0.1000
0.1000
0.1000
0.1000
0.1000
0.1000
0.1000
0.1000
0.1000
0.1000
0.1000
0.1000
0.1000
0.1000
0.1000
0.1000
0.1000
0.1000
0.1000
0.1000
0.1000
0.1000
0.1000
0.1000
0.1000
0.1000
0.1000
0.1000
0.1000
0.1000
0.1000
0.1000
0.1000
0.1000
0.1000
0.1000
0.1000
0.1000
0.1000
0.1000
0.1000
0.1000
0.1000
0.1000
0.1000
0.1000
0.1000
0.1000
0.1000
0.1000
0.1000
0.1000
0.1000
0.1000
0.1000
0.1000
0.1000
0.1000
0.1000
0.1000
0.1000
0.1000
0.1000
0.1000
0.1000
0.1000
0.1000
0.1000
0.1000
0.1000
0.1000
0.1000
0.1000
0.1000
0.1000
0.1000
0.1000
0.1000
0.1000
0.1000
0.1000
0.1000
0.1000
0.1000
0.1000
0.1000
0.1000
0.1000
0.1000
0.1000
0.1000
0.1000
0.1000
0.1000
0.1000
0.1000
0.1000
0.1000
0.1000
0.1000
0.1000
0.1000
0.1000
0.1000
0.1000
0.1000
0.1000
0.1000
0.1000
0.1000
0.1000
0.1000
0.1000
0.1000
0.1000
0.1000
0.1000
0.1000
0.1000
0.1000
0.1000
0.1000
0.1000
0.1000
0.1000
0.1000
0.1000
0.1000
0.1000
0.1000
0.1000
0.1000
0.1000
0.1000
0.1000
0.1000
0.1000
0.1000
0.1000
0.1000
0.1000
0.1000
0.1000
0.1000
0.1000
0.1000
0.1000
0.1000
0.1000
0.1000
0.1000
0.1000
0.1000
0.1000
0.1000
0.1000
0.1000
0.1000
0.1000
0.1000
0.1000
0.1000
0.1000
0.1000
0.1000
0.1000
0.1000
0.1000
0.1000
0.1000
0.1000
0.1000
0.1000
0.1000
0.1000
0.1000
0.1000
0.1000
0.1000
0.1000
0.1000
0.1000
0.1000
0.1000
0.1000
0.1000
0.1000
0.1000
0.1000
0.1000
0.1000
0.1000
0.1000
0.1000
0.1000
0.1000
0.1000
0.1000
0.1000
0.1000
0.1000
0.1000
0.1000
0.1000
0.1000
0.1000
0.1000
0.1000
0.1000
0.1000
0.1000
0.1000
0.1000
0.1000
0.1000
0.1000
0.1000
0.1000
0.1000
0.1000
0.1000
0.1000
0.1000
0.1000
0.1000
0.1000
0.1000
0.1000
0.1000
0.1000
0.1000
0.1000
0.1000
0.1000
0.1000
0.1000
0.1000
0.1000
0.1000
0.1000
0.1000
0.1000
0.1000
0.1000
0.1000
0.1000
0.1000
0.1000
0.1000
0.1000
0.1000
0.1000
0.1000
0.1000
0.1000
0.1000
0.1000
0.1000
0.1000
0.1000
0.1000
0.1000
0.1000
0.1000
0.1000
0.1000
0.1000
0.1000
0.1000
0.1000
0.1000
0.1000
0.1000
0.1000
0.1000
0.1000
0.1000
0.1000
0.1000
0.1000
0.1000
0.1000
0.1000
0.1000
0.1000
0.1000
0.1000
0.1000
0.1000
0.1000
0.1000
0.1000
0.1000
0.1000
0.1000
0.1000
0.1000
0.1000
0.1000
0.1000
0.1000
0.1000
0.1000
0.1000
0.1000
0.1000
0.1000
0.1000
0.1000
0.1000
0.1000
0.1000
0.1000
0.1000
0.1000
0.1000
0.1000
0.1000
0.1000
0.1000
0.1000
0.1000
0.1000
0.1000
0.1000
0.1000
0.1000
0.1000
0.1000
0.1000
0.1000
0.1000
0.1000
0.1000
0.1000
0.1000
0.1000
0.1000
0.1000
0.1000
0.1000
0.1000
0.1000
0.1000
0.1000
0.1000
0.1000
0.1000
0.1000
0.1000
0.1000
0.1000
0.1000
0.1000
0.1000
0.1000
0.1000
0.1000
0.1000
0.1000
0.1000
0.1000
0.1000
0.1000
0.1000
0.1000
0.1000
0.1000
0.1000
0.1000
0.1000
0.1000
0.1000
0.1000
0.1000
0.1000
0.1000
0.1000
0.1000
0.1000
0.1000
0.1000
0.1000
0.1000
0.1000
0.1000
0.1000
0.1000
0.1000
0.1000
0.1000
0.1000
0.1000
0.1000
0.1000
0.1000
0.1000
0.1000
0.1000
0.1000
0.1000
0.1000
0.1000
0.1000
0.1000
0.1000
0.1000
0.1000
0.1000
0.1000
0.1000
0.1000
0.1000
0.1000
0.1000
0.1000
0.1000
0.1000
0.1000
0.1000
0.1000
0.1000
0.1000
0.1000
0.1000
0.1000
0.1000
0.1000
0.1000
0.1000
0.1000
0.1000
0.1000
0.1000
0.1000
0.1000
0.1000
0.1000
0.1000
0.1000
0.1000
0.1000
0.1000
0.1000
0.1000
0.1000
0.1000
0.1000
0.1000
0.1000
0.1000
0.1000
0.1000
0.1000
0.1000
0.1000
0.1000
0.1000
0.1000
0.1000
0.1000
0.1000
0.1000
0.1000
0.1000
0.1000
0.1000
0.1000
0.1000
0.1000
0.1000
0.1000
0.1000
0.1000
0.1000
0.1000
0.1000
0.1000
0.1000
0.1000
0.1000
0.1000
0.1000
0.1000
0.1000
0.1000
0.1000
0.1000
0.1000
0.1000
0.1000
0.1000
0.1000
0.1000
0.1000
0.1000
0.1000
0.1000
0.1000
0.1000
0.1000
0.1000
0.1000
0.1000
0.1000
0.1000
0.1000
0.1000
0.1000
0.1000
0.1000
0.1000
0.1000
0.1000
0.1000
0.1000
0.1000
0.1000
0.1000
0.1000
0.1000
0.1000
0.1000
0.1000
0.1000
0.1000
0.1000
0.1000
0.1000
0.1000
0.1000
0.1000
0.1000
0.1000
0.1000
0.1000
0.1000
0.1000
0.1000
0.1000
0.1000
0.1000
0.1000
0.1000
0.1000
0.1000
0.1000
0.1000
0.1000
0.1000
0.1000
0.1000
0.1000
0.1000
0.1000
0.1000
0.1000
0.1000
0.1000
0.1000
0.1000
0.1000
0.1000
0.1000
0.1000
0.1000
0.1000
0.1000
0.1000
0.1000
0.1000
0.1000
0.1000
0.1000
0.1000
0.1000
0.1000
0.1000
0.1000
0.1848
0.4354
0.5177
0.4266
0.1678
0.1000
0.1000
0.1000
0.1000
0.1000
0.1000
0.1000
0.1000
0.1000
0.1000
0.1000
0.1000
0.1000
0.1000
0.1000
0.1000
0.1000
0.1000
0.1000
0.1000
0.1000
0.1000
0.1000
0.1000
0.1000
0.1000
0.1000
0.1000
0.1000
0.1000
0.1000
0.1000
0.1000
0.1000
0.1000
0.1000
0.1000
0.1000
0.1000
0.1000
0.1000
0.1000
0.1000
0.1000
0.6732
1.1256
1.4087
1.5021
1.3987
1.1065
0.6461
0.1000
0.1000
0.1000
0.1000
0.1000
0.1000
0.1000
0.1000
0.1000
0.1000
0.1000
0.1000
0.1000
0.1000
0.1000
0.1000
0.1000
0.1000
0.1000
0.1000
0.1000
0.1000
0.1000
0.1000
0.1000
0.1000
0.1000
0.1000
0.1000
0.1000
0.1000
0.1000
0.1000
0.1000
0.1000
0.1000
0.1000
0.1000
0.1000
0.1000
0.1000
0.1000
0.8225
1.4791
1.9860
2.3073
2.4142
2.2960
1.9644
1.4490
0.7858
0.1000
0.1000
0.1000
0.1000
0.1000
0.1000
0.1000
0.1000
0.1000
0.1000
0.1000
0.1000
0.1000
0.1000
0.1000
0.1000
0.1000
0.1000
0.1000
0.1000
0.1000
0.1000
0.1000
0.1000
0.1000
0.1000
0.1000
0.1000
0.1000
0.1000
0.1000
0.1000
0.1000
0.1000
0.1000
0.1000
0.1000
0.1000
0.1000
0.1000
0.6140
1.4462
2.1655
2.7309
3.0950
3.2174
3.0820
2.7066
2.1323
1.4063
0.5693
0.1000
0.1000
0.1000
0.1000
0.1000
0.1000
0.1000
0.1000
0.1000
0.1000
0.1000
0.1000
0.1000
0.1000
0.1000
0.1000
0.1000
0.1000
0.1000
0.1000
0.1000
0.1000
0.1000
0.1000
0.1000
0.1000
0.1000
0.1000
0.1000
0.1000
0.1000
0.1000
0.1000
0.1000
0.1000
0.1000
0.1000
0.1000
0.1000
1.0318
1.9153
2.6910
3.3116
3.7184
3.8566
3.7038
3.2847
2.6548
1.8727
0.9846
0.1000
0.1000
0.1000
0.1000
0.1000
0.1000
0.1000
0.1000
0.1000
0.1000
0.1000
0.1000
0.1000
0.1000
0.1000
0.1000
0.1000
0.1000
0.1000
0.1000
0.1000
0.1000
0.1000
0.1000
0.1000
0.1000
0.1000
0.1000
0.1000
0.1000
0.1000
0.1000
0.1000
0.1000
0.1000
0.1000
0.1000
0.1000
0.2925
1.2790
2.1963
3.0104
3.6706
4.1094
4.2599
4.0936
3.6418
2.9722
2.1518
1.2303
0.2409
0.1000
0.1000
0.1000
0.1000
0.1000
0.1000
0.1000
0.1000
0.1000
0.1000
0.1000
0.1000
0.1000
0.1000
0.1000
0.1000
0.1000
0.1000
0.1000
0.1000
0.1000
0.1000
0.1000
0.1000
0.1000
0.1000
0.1000
0.1000
0.1000
0.1000
0.1000
0.1000
0.1000
0.1000
0.1000
0.1000
0.1000
0.3448
1.3383
2.2641
3.0882
3.7588
4.2063
4.3602
4.1901
3.7295
3.0494
2.2191
1.2892
0.2929
0.1000
0.1000
0.1000
0.1000
0.1000
0.1000
0.1000
0.1000
0.1000
0.1000
0.1000
0.1000
0.1000
0.1000
0.1000
0.1000
0.1000
0.1000
0.1000
0.1000
0.1000
0.1000
0.1000
0.1000
0.1000
0.1000
0.1000
0.1000
0.1000
0.1000
0.1000
0.1000
0.1000
0.1000
0.1000
0.1000
0.1000
0.2274
1.2053
2.1122
2.9145
3.5622
3.9908
4.1374
3.9754
3.5340
2.8769
2.0683
1.1571
0.1762
0.1000
0.1000
0.1000
0.1000
0.1000
0.1000
0.1000
0.1000
0.1000
0.1000
0.1000
0.1000
0.1000
0.1000
0.1000
0.1000
0.1000
0.1000
0.1000
0.1000
0.1000
0.1000
0.1000
0.1000
0.1000
0.1000
0.1000
0.1000
0.1000
0.1000
0.1000
0.1000
0.1000
0.1000
0.1000
0.1000
0.1000
0.1000
0.8898
1.7552
2.5106
3.1110
3.5019
3.6342
3.4879
3.0850
2.4755
1.7135
0.8435
0.3337
0.1000
0.1000
0.1000
0.1000
0.1000
0.1000
0.1000
0.1000
0.1000
0.1000
0.1000
0.1000
0.1000
0.1000
0.1000
0.1000
0.1000
0.1000
0.1000
0.1000
0.1000
0.1000
0.1000
0.1000
0.1000
0.1000
0.1000
0.1000
0.1000
0.1000
0.1000
0.1000
0.1000
0.1000
0.1000
0.1000
0.1000
0.1000
0.4128
1.2224
1.9178
2.4605
2.8078
2.9240
2.7954
2.4372
1.8858
1.3141
1.1770
0.8446
0.3310
0.1000
0.1000
0.1000
0.1000
0.1000
0.1000
0.1000
0.1000
0.1000
0.1000
0.1000
0.1000
0.1000
0.1000
0.1000
0.1000
0.1000
0.1000
0.1000
0.1000
0.1000
0.1000
0.1000
0.1000
0.1000
0.1000
0.1000
0.1000
0.1000
0.1000
0.1000
0.1000
0.1000
0.1000
0.1000
0.1000
0.1000
0.1000
0.5484
1.1809
1.6661
1.9720
2.0735
1.9612
1.6455
1.5897
1.6557
1.5150
1.1741
0.6481
0.1000
0.1000
0.1000
0.1000
0.1000
0.1000
0.1000
0.1000
0.1000
0.1000
0.1000
0.1000
0.1000
0.1000
0.1000
0.1000
0.1000
0.1000
0.1000
0.1000
0.1000
0.1000
0.1000
0.1000
0.1000
0.1000
0.1000
0.1000
0.1000
0.1000
0.1000
0.1000
0.1000
0.1000
0.1000
0.1000
0.1000
0.1000
0.1000
0.3381
0.7713
1.0411
1.1301
1.0317
1.4557
1.7283
1.7951
1.6528
1.3083
0.7770
0.1000
0.1000
0.1000
0.1000
0.1000
0.1000
0.1000
0.1000
0.1000
0.1000
0.1000
0.1000
0.1000
0.1000
0.1000
0.1000
0.1000
0.1000
0.1000
0.1000
0.1000
0.1000
0.1000
0.1000
0.1000
0.1000
0.1000
0.1000
0.1000
0.1000
0.1000
0.1000
0.1000
0.1000
0.1000
0.1000
0.1000
0.1000
0.1000
0.1000
0.1000
0.1000
0.2878
0.9244
1.3878
1.6589
1.7253
1.5838
1.2411
0.7125
0.1000
0.1000
0.1000
0.1000
0.1000
0.1000
0.1000
0.1000
0.1000
0.1000
0.1000
0.1000
0.1000
0.1358
0.1709
0.1504
0.1000
0.1000
0.1000
0.1000
0.1000
0.1000
0.1000
0.1000
0.1000
0.1000
0.1000
0.1000
0.1000
0.1000
0.1000
0.1000
0.1000
0.1000
0.1000
0.1000
0.1000
0.1000
0.1000
0.1000
0.1000
0.1000
0.1000
0.6651
1.1194
1.3849
1.4499
1.3114
0.9757
0.4572
0.1000
0.1000
0.1000
0.1000
0.1000
0.1000
0.1000
0.1000
0.1000
0.2402
0.5024
0.7121
0.8664
0.9630
1.0007
0.9787
0.8974
0.7580
0.5626
0.3139
0.1000
0.1000
0.1000
0.1000
0.1000
0.1000
0.1000
0.1000
0.1000
0.1000
0.1000
0.1000
0.1000
0.1000
0.1000
0.1000
0.1000
0.1000
0.1000
0.1000
0.1000
0.1000
0.1000
0.2228
0.6623
0.9188
0.9815
0.8478
0.5234
0.1000
0.1000
0.1000
0.1000
0.1000
0.1000
0.1000
0.2990
0.4841
0.6831
1.0150
1.2952
1.5199
1.6856
1.7897
1.8302
1.8065
1.7190
1.5692
1.3597
1.0936
0.7749
0.4076
0.1000
0.1000
0.1000
0.1000
0.1000
0.1000
0.1000
0.1000
0.1000
0.1000
0.1000
0.1000
0.1000
0.1000
0.1000
0.1000
0.1000
0.1000
0.1000
0.1000
0.1000
0.1000
0.1000
0.2797
0.3396
0.2120
0.1000
0.1000
0.1000
0.1000
0.1000
0.1000
0.3926
0.7041
0.9586
1.1530
1.4267
1.7814
2.0821
2.3240
2.5030
2.6155
2.6594
2.6337
2.5390
2.3772
2.1514
1.8657
1.5246
1.1333
0.6966
0.2193
0.1000
0.1000
0.1000
0.1000
0.1000
0.1000
0.1000
0.1000
0.1000
0.1000
0.1000
0.1000
0.1000
0.1000
0.1000
0.1000
0.1000
0.1000
0.1000
0.1000
0.1000
0.1000
0.1000
0.1000
0.1000
0.1000
0.1000
0.1000
0.1000
0.6120
0.9926
1.3183
1.5851
1.7891
2.1570
2.5375
2.8616
3.1234
3.3178
3.4404
3.4883
3.4602
3.3570
3.1811
2.9365
2.6281
2.2619
1.8436
1.3791
0.8739
0.3331
0.1000
0.1000
0.1000
0.1000
0.1000
0.1000
0.1000
0.1000
0.1000
0.1000
0.1000
0.1000
0.1000
0.1000
0.1000
0.1000
0.1000
0.1000
0.1000
0.1000
0.1000
0.1000
0.1000
0.1000
0.1000
0.1000
0.1000
0.1000
1.1568
1.5535
1.8939
2.1732
2.4098
2.8710
3.2807
3.6317
3.9168
4.1295
4.2640
4.3167
4.2859
4.1725
3.9799
3.7131
3.3787
2.9837
2.5353
2.0403
1.5049
0.9347
0.3346
0.1000
0.1000
0.1000
0.1000
0.1000
0.1000
0.1000
0.1000
0.1000
0.1000
0.1000
0.1000
0.1000
0.1000
0.1000
0.1000
0.1000
0.1000
0.1000
0.1000
0.1000
0.1000
0.1000
0.1000
0.1000
0.1000
0.1000
1.6573
2.0701
2.4252
2.7172
3.0700
3.5650
4.0078
4.3899
4.7025
4.9370
5.0860
5.1445
5.1102
4.9845
4.7718
4.4789
4.1142
3.6865
3.2043
2.6758
2.1078
1.5066
0.8771
0.2237
0.1000
0.1000
0.1000
0.1000
0.1000
0.1000
0.1000
0.1000
0.1000
0.1000
0.1000
0.1000
0.1000
0.1000
0.1000
0.1000
0.1000
0.1000
0.1000
0.1000
0.1000
0.1000
0.1000
0.1000
0.1000
0.1000
2.1081
2.5366
2.9061
3.2107
3.7013
4.2338
4.7142
5.1325
5.4777
5.7387
5.9057
5.9714
5.9329
5.7920
5.5547
5.2305
4.8303
4.3651
3.8454
3.2803
2.6776
2.0438
1.3840
0.7027
0.1000
0.1000
0.1000
0.1000
0.1000
0.1000
0.1000
0.1000
0.1000
0.1000
0.1000
0.1000
0.1000
0.1000
0.1000
0.1000
0.1000
0.1000
0.1000
0.1000
0.1000
0.1000
0.1000
0.1000
0.1000
0.1000
2.5036
2.9469
3.3301
3.6830
4.2973
4.8709
5.3938
5.8543
6.2387
6.5326
6.7221
6.7972
6.7532
6.5929
6.3251
5.9630
5.5211
5.0133
4.4520
3.8475
3.2082
2.5408
1.8504
1.1413
0.4167
0.1000
0.1000
0.1000
0.1000
0.1000
0.1000
0.1000
0.1000
0.1000
0.1000
0.1000
0.1000
0.2430
0.4978
0.5964
0.5344
0.3146
0.1000
0.1000
0.1000
0.1000
0.1000
0.1000
0.1000
0.1000
2.8380
3.2946
3.6903
4.1948
4.8498
5.4677
6.0383
6.5478
6.9798
7.3149
7.5338
7.6211
7.5699
7.3842
7.0778
6.6693
6.1784
5.6224
5.0157
4.3696
3.6926
2.9914
2.2708
1.5346
0.7858
0.1000
0.1000
0.1000
0.1000
0.1000
0.1000
0.1000
0.1000
0.1000
0.1000
0.1000
0.3921
0.8143
1.0844
1.1892
1.1233
0.8900
0.5012
0.1000
0.1000
0.1000
0.1000
0.1000
0.1000
0.1000
3.1059
3.5739
3.9801
4.6523
5.3486
6.0134
6.6362
7.2022
7.6917
8.0796
8.3378
8.4421
8.3808
8.1609
7.8043
7.3388
6.7907
6.1813
5.5263
4.8374
4.1229
3.3887
2.6392
1.8776
1.1064
0.3273
0.1000
0.1000
0.1000
0.1000
0.1000
0.1000
0.1000
0.1000
0.1000
0.2273
0.8059
1.2469
1.5300
1.6401
1.5708
1.3262
0.9197
0.3707
0.1000
0.1000
0.1000
0.1000
0.1000
0.1000
3.3025
3.7792
4.2910
5.0455
5.7820
6.4940
7.1719
7.8011
8.3596
8.8159
9.1290
9.2581
9.1820
8.9136
8.4907
7.9555
7.3423
6.6756
5.9714
5.2405
4.4903
3.7255
2.9498
2.1655
1.3744
0.5779
0.1000
0.1000
0.1000
0.1000
0.1000
0.1000
0.1000
0.1000
0.1000
0.4736
1.0672
1.5210
1.8130
1.9267
1.8551
1.6027
1.1842
0.6205
0.1000
0.1000
0.1000
0.1000
0.1000
0.1000
3.4240
3.9061
4.5793
5.3639
6.1367
6.8931
7.6254
8.3212
8.9593
9.5034
9.8958
10.0640
9.9644
9.6239
9.1129
8.4952
7.8120
7.0878
6.3369
5.5678
4.7859
3.9948
3.1967
2.3934
1.5859
0.7751
0.1000
0.1000
0.1000
0.1000
0.1000
0.1000
0.1000
0.1000
0.1000
0.5639
1.1632
1.6219
1.9173
2.0324
1.9599
1.7046
1.2814
0.7121
0.1000
0.1000
0.1000
0.1000
0.1000
0.1000
3.4678
3.9766
4.7891
5.5973
6.3993
7.1924
7.9721
8.7302
9.4508
10.1010
10.6095
10.8459
10.7040
10.2523
9.6301
8.9237
8.1734
7.3984
6.6082
5.8082
5.0015
4.1900
3.3749
2.5573
1.7376
0.9162
0.1000
0.1000
0.1000
0.1000
0.1000
0.1000
0.1000
0.1000
0.1000
0.4940
1.0889
1.5437
1.8365
1.9505
1.8787
1.6257
1.2061
0.6412
0.1000
0.1000
0.1000
0.1000
0.1000
0.1000
3.4330
4.0895
4.9140
5.7369
6.5575
7.3747
8.1867
8.9899
9.7768
10.5282
11.1853
11.5470
11.3228
10.7139
9.9785
9.1983
8.3984
7.5882
6.7721
5.9523
5.1299
4.3058
3.4804
2.6540
1.8269
0.9992
0.1711
0.1000
0.1000
0.1000
0.1000
0.1000
0.1000
0.1000
0.1000
0.2671
0.8481
1.2911
1.5756
1.6862
1.6166
1.3708
0.9624
0.4110
0.1000
0.1000
0.1000
0.1000
0.1000
0.1000
3.3204
4.1218
4.9497
5.7770
6.6031
7.4276
8.2495
9.0670
9.8763
10.6665
11.3988
11.8621
11.5650
10.8673
10.0860
9.2803
8.4643
7.6433
6.8194
5.9937
5.1667
4.3389
3.5105
2.6816
1.8524
1.0228
0.1931
0.1000
0.1000
0.1000
0.1000
0.1000
0.1000
0.1000
0.1000
0.1000
0.4528
0.8777
1.1496
1.2552
1.1888
0.9539
0.5626
0.1000
0.1000
0.1000
0.1000
0.1000
0.1000
0.1000
3.2483
4.0725
4.8951
5.7158
6.5335
7.3470
8.1539
8.9498
9.7255
10.4586
11.0847
11.4145
11.2120
10.6377
9.9233
9.1557
8.3639
7.5593
6.7473
5.9305
5.1105
4.2883
3.4645
2.6395
1.8135
0.9867
0.1594
0.1000
0.1000
0.1000
0.1000
0.1000
0.1000
0.1000
0.1000
0.1000
0.1000
0.3229
0.5797
0.6792
0.6166
0.3950
0.1000
0.1000
0.1000
0.1000
0.1000
0.1000
0.1000
0.1000
3.1302
3.9430
4.7521
5.5559
6.3526
7.1390
7.9097
8.6557
9.3596
9.9867
10.4673
10.6859
10.5552
10.1309
9.5334
8.8453
8.1082
7.3428
6.5599
5.7656
4.9634
4.1556
3.3436
2.5285
1.7109
0.8914
0.1000
0.1000
0.1000
0.1000
0.1000
0.1000
0.1000
0.1000
0.1000
0.1000
0.1000
0.1000
0.1000
0.1000
0.1000
0.1000
0.1000
0.1000
0.1000
0.1000
0.1000
0.1000
0.1000
0.1000
2.9415
3.7370
4.5253
5.3040
6.0697
6.8173
7.5385
8.2204
8.8412
9.3653
9.7384
9.8967
9.8031
9.4803
8.9898
8.3902
7.7218
7.0093
6.2677
5.5062
4.7305
3.9444
3.1506
2.3509
1.5465
0.7384
0.1000
0.1000
0.1000
0.1000
0.1000
0.1000
0.1000
0.1000
0.1000
0.1000
0.1000
0.1000
0.1000
0.1000
0.1000
0.1000
0.1000
0.1000
0.1000
0.1000
0.1000
0.1000
0.1000
0.1000
2.6863
3.4595
4.2215
4.9691
5.6974
6.3997
7.0659
7.6815
8.2246
8.6651
8.9650
9.0880
9.0156
8.7589
8.3514
7.8319
7.2330
6.5783
5.8844
5.1621
4.4191
3.6604
2.8899
2.1101
1.3229
0.5298
0.1000
0.1000
0.1000
0.1000
0.1000
0.1000
0.1000
0.1000
0.1000
0.1000
0.1000
0.1000
0.1000
0.1000
0.1000
0.1000
0.1000
0.1000
0.1000
0.1000
0.1000
0.1000
0.1000
0.1000
2.3695
3.1168
3.8489
4.5616
5.2492
5.9042
6.5157
7.0693
7.5458
7.9215
8.1705
8.2707
8.2119
8.0001
7.6551
7.2026
6.6671
6.0692
5.4245
4.7445
4.0378
3.3103
2.5667
1.8103
1.0436
0.2685
0.1000
0.1000
0.1000
0.1000
0.1000
0.1000
0.1000
0.1000
0.1000
0.1000
0.1000
0.1000
0.1000
0.1000
0.1000
0.1000
0.1000
0.1000
0.1000
0.1000
0.1000
0.1000
0.1000
0.1000
1.9968
2.7158
3.4157
4.0920
4.7383
5.3467
5.9069
6.4056
6.8268
7.1525
7.3646
7.4490
7.3995
7.2197
6.9222
6.5242
6.0442
5.4988
4.9019
4.2646
3.5955
2.9013
2.1869
1.4563
0.7125
0.1000
0.1000
0.1000
0.1000
0.1000
0.1000
0.1000
0.1000
0.1000
0.1000
0.1000
0.1000
0.1000
0.1000
0.1000
0.1000
0.1000
0.1000
0.1000
0.1000
0.1000
0.1000
0.1000
0.1000
0.1000
1.5738
2.2632
2.9303
3.5699
4.1760
4.7406
5.2543
5.7054
6.0810
6.3674
6.5517
6.6246
6.5819
6.4260
6.1653
5.8117
5.3791
4.8807
4.3284
3.7324
3.1008
2.4405
1.7565
1.0531
0.3338
0.1000
0.1000
0.1000
0.1000
0.1000
0.1000
0.1000
0.1000
0.1000
0.1000
0.1000
0.1000
0.1000
0.1000
0.1000
0.1000
0.1000
0.1000
0.1000
0.1000
0.1000
0.1000
0.1000
0.1000
0.1000
1.1061
1.7656
2.4000
3.0041
3.5720
4.0963
4.5684
4.9787
5.3166
5.5716
5.7345
5.7986
5.7610
5.6236
5.3919
5.0747
4.6824
4.2255
3.7140
3.1568
2.5615
1.9345
1.2812
0.6057
0.1000
0.1000
0.1000
0.1000
0.1000
0.1000
0.1000
0.1000
0.1000
0.1000
0.1000
0.1000
0.1000
0.1000
0.1000
0.1000
0.1000
0.1000
0.1000
0.1000
0.1000
0.1000
0.1000
0.1000
0.1000
0.1000
0.5988
1.2288
1.8314
2.4018
2.9341
3.4217
3.8573
4.2325
4.5389
4.7685
4.9143
4.9714
4.9379
4.8151
4.6069
4.3198
3.9618
3.5413
3.0665
2.5452
1.9843
1.3897
0.7664
0.1189
0.1000
0.1000
0.1000
0.1000
0.1000
0.1000
0.1000
0.1000
0.1000
0.1000
0.1000
0.1000
0.1000
0.1000
0.1000
0.1000
0.1000
0.1000
0.1000
0.1000
0.1000
0.1000
0.1000
0.1000
0.1000
0.1000
0.1000
0.6582
1.2305
1.7690
2.2686
2.7232
3.1265
3.4715
3.7515
3.9600
4.0919
4.1435
4.1133
4.0022
3.8133
3.5515
3.2229
2.8342
2.3924
1.9040
1.3751
0.8112
0.2171
0.1000
0.1000
0.1000
0.1000
0.1000
0.1000
0.1000
0.1000
0.1000
0.1000
0.1000
0.1000
0.1000
0.1000
0.1000
0.1000
0.1000
0.1000
0.1000
0.1000
0.1000
0.1000
0.1000
0.1000
0.1000
0.1000
0.1000
0.1000
0.1000
0.1000
0.1000
0.1000
0.1000
0.1000
0.1000
0.1000
0.1000
0.1000
0.1000
0.1000
0.1000
0.1000
0.1000
0.1000
0.1000
0.1000
0.1000
0.1000
0.1000
0.1000
0.1000
0.1000
0.1000
0.1000
0.1000
0.1000
0.1000
0.1000
0.1000
0.1000
0.1000
0.1000
0.1000
0.1000
0.1000
0.1000
0.1000
0.1000
0.1000
0.1000
0.1000
0.1000
0.1000
0.1000
0.1000
0.1000
0.1000
0.1000
0.1000
0.1000
0.1000
0.1000
0.1000
0.1000
0.1000
0.1000
0.1000
0.1000
0.1000
0.1000
0.1000
0.1000
0.1000
0.1000
0.1000
0.1000
0.1000
0.1000
0.1000
0.1000
0.1000
0.1000
0.1000
0.1000
0.1000
0.1000
0.1000
0.1000
0.1000
0.1000
0.1000
0.1000
0.1000
0.1000
0.1000
0.1000
0.1000
0.1000
0.1000
0.1000
0.1000
0.1000
0.1000
0.1000
0.1000
0.1000
0.1000
0.1000
0.1000
0.1000
0.1000
0.1000
0.1000
0.1000
0.1000
0.1000
0.1000
0.1000
0.1000
0.1000
0.1000
0.1000
0.1000
0.1000
0.1000
0.1000
0.1000
0.1000
0.1000
0.1000
0.1000
0.1000
0.1000
0.1000
0.1000
0.1000
0.1000
0.1000
0.1000
0.1000
0.1000
0.1000
0.1000
0.1000
0.1000
0.1000
0.1000
0.1000
0.1000
0.1000
0.1000
0.1000
0.1000
0.1000
0.1000
0.1000
0.1000
0.1000
0.1000
0.1000
0.1000
0.1000
0.1000
0.1000
0.1000
0.1000
0.1000
0.1000
0.1000
0.1000
0.1000
0.1000
0.1000
0.1000
0.1000
0.1000
0.1000
0.1000
0.1000
0.1000
0.1000
0.1000
0.1000
0.1000
0.1000
0.1000
0.1000
0.1000
0.1000
0.1000
0.1000
0.1000
0.1000
0.1000
0.1000
0.1000
0.1000
0.1000
0.1000
0.1000
0.1000
0.1000
0.1000
0.1000
0.1000
0.1000
0.1000
0.1000
0.1000
0.1000
0.1000
0.1000
0.1000
0.1000
0.1000
0.1000
0.1000
0.1000
0.1000
0.1000
0.1000
0.1000
0.1000
0.1000
0.1000
0.1000
0.1000
0.1000
0.1000
0.1000
0.1000
0.1000
0.1000
0.1000
0.1000
0.1000
0.1000
0.1000
0.1000
0.1000
0.1000
0.1000
0.1000
0.1000
0.1000
0.1000
0.1000
0.1000
0.1000
0.1000
0.1000
0.1000
0.1000
0.1000
0.1000
0.1000
0.1000
0.1000
0.1000
0.1000
0.1000
0.1000
0.1000
0.1000
0.1000
0.1000
0.1000
0.1000
0.1000
0.1000
0.1000
0.1000
0.1000
0.1000
0.1000
0.1000
0.1000
0.1000
0.1000
0.1000
0.1000
0.1000
0.1000
0.1000
0.1000
0.1000
0.1000
0.1000
0.1000
0.1000
0.1000
0.1000
0.1000
0.1000
0.1000
0.1000
0.1000
0.1000
0.1000
0.1000
0.1000
0.1000
0.1000
0.1000
0.1000
0.1000
0.1000
0.1000
0.1000
0.1000
0.1000
0.1000
0.1000
0.1000
0.1000
0.1000
0.1000
0.1000
0.1000
0.1000
0.1000
0.1000
0.1000
0.1000
0.1000
0.1000
0.1000
0.1000
0.1000
0.1000
0.1000
0.1000
0.1000
0.1000
0.1000
0.1000
0.1000
0.1000
0.1000
0.1000
0.1000
0.1000
0.1000
0.1000
0.1000
0.1000
0.1000
0.1000
0.1000
0.1000
0.1000
0.1000
0.1000
0.1000
0.1000
0.1000
0.1000
0.1000
0.1000
0.1000
0.1000
0.1000
0.1000
0.1000
0.1000
0.1000
0.1000
0.1000
0.1000
0.1000
0.1000
0.1000
0.1000
0.1000
0.1000
0.1000
0.1000
0.1000
0.1000
0.1000
0.1000
0.1000
0.1000
0.1000
0.1000
0.1000
0.1000
0.1000
0.1000
0.1000
0.1000
0.1000
0.1000
0.1000
0.1000
0.1000
0.1000
0.1000
0.1000
0.1000
0.1000
0.1000
0.1000
0.1000
0.1000
0.1000
0.1000
0.1000
0.1000
0.1000
0.1000
0.1000
0.1000
0.1000
0.1000
0.1000
0.1000
0.1000
0.1000
0.1000
0.1000
0.1000
0.1000
0.1000
0.1000
0.1000
0.1000
0.1000
0.1000
0.1000
0.1000
0.1000
0.1000
0.1000
0.1000
0.1000
0.1000
0.1000
0.1000
0.1000
0.1000
0.1000
0.1000
0.1000
0.1000
0.1000
0.1000
0.1000
0.1000
0.1000
0.1000
0.1000
0.1000
0.1000
0.1000
0.1000
0.1000
0.1000
0.1000
0.1000
0.1000
0.1000
0.1000
0.1000
0.1000
0.1000
0.1000
0.1000
0.1000
0.1000
0.1000
0.1000
0.1000
0.1000
0.1000
0.1000
0.1000
0.1000
0.1000
0.1000
0.1000
0.1000
0.1000
0.1000
0.1000
0.1000
0.1000
0.1000
0.1000
0.1000
0.1000
0.1000
0.1000
0.1000
0.1000
0.1000
0.1000
0.1000
0.1000
0.1000
0.1000
0.1000
0.1000
0.1000
0.1000
0.1000
0.1000
0.1000
0.1000
0.1000
0.1000
0.1000
0.1000
0.1000
0.1000
0.1000
0.1000
0.1000
0.1000
0.1000
0.1000
0.1000
0.1000
0.1000
0.1000
0.1000
0.1000
0.1000
0.1000
0.1000
0.1000
0.1000
0.1000
0.1000
0.1000
0.1000
0.1000
0.1000
0.1000
0.1000
0.1000
0.1000
0.1000
0.1000
0.1000
0.1000
0.1000
0.1000
0.1000
0.1000
0.1000
0.1000
0.1000
0.1000
0.1000
0.1000
0.1000
0.1000
0.1000
0.1000
0.1000
0.1000
0.1000
0.1000
0.1000
0.1000
0.1000
0.1000
0.1000
0.1000
0.1000
0.1000
0.1000
0.1000
0.1000
0.1000
0.1000
0.1000
0.1000
0.1000
0.1000
0.1000
0.1000
0.1000
0.1000
0.1000
0.1000
0.1000
0.1000
0.1000
0.1000
0.1000
0.1000
0.1000
0.4716
0.7312
0.8166
0.7221
0.4540
0.1000
0.1000
0.1000
0.1000
0.1000
0.1000
0.1000
0.1000
0.1000
0.1000
0.1000
0.1000
0.1000
0.1000
0.1000
0.1000
0.1000
0.1000
0.1000
0.1000
0.1000
0.1000
0.1000
0.1000
0.1000
0.1000
0.1000
0.1000
0.1000
0.1000
0.1000
0.1000
0.1000
0.1000
0.1000
0.1000
0.1000
0.1000
0.1000
0.1000
0.1000
0.1000
0.1000
0.3611
0.9782
1.4498
1.7460
1.8441
1.7356
1.4298
0.9500
0.3264
0.1000
0.1000
0.1000
0.1000
0.1000
0.1000
0.1000
0.1000
0.1000
0.1000
0.1000
0.1000
0.1000
0.1000
0.1000
0.1000
0.1000
0.1000
0.1000
0.1000
0.1000
0.1000
0.1000
0.1000
0.1000
0.1000
0.1000
0.1000
0.1000
0.1000
0.1000
0.1000
0.1000
0.1000
0.1000
0.1000
0.1000
0.1000
0.1000
0.1000
0.3326
1.1336
1.8200
2.3542
2.6953
2.8093
2.6832
2.3314
1.7884
1.0953
0.2894
0.1000
0.1000
0.1000
0.1000
0.1000
0.1000
0.1000
0.1000
0.1000
0.1000
0.1000
0.1000
0.1000
0.1000
0.1000
0.1000
0.1000
0.1000
0.1000
0.1000
0.1000
0.1000
0.1000
0.1000
0.1000
0.1000
0.1000
0.1000
0.1000
0.1000
0.1000
0.1000
0.1000
0.1000
0.1000
0.1000
0.1000
0.1000
0.1000
0.9167
1.7854
2.5445
3.1486
3.5424
3.6758
3.5284
3.1225
2.5092
1.7435
0.8702
0.1000
0.1000
0.1000
0.1000
0.1000
0.1000
0.1000
0.1000
0.1000
0.1000
0.1000
0.1000
0.1000
0.1000
0.1000
0.1000
0.1000
0.1000
0.1000
0.1000
0.1000
0.1000
0.1000
0.1000
0.1000
0.1000
0.1000
0.1000
0.1000
0.1000
0.1000
0.1000
0.1000
0.1000
0.1000
0.1000
0.1000
0.1000
0.3566
1.3517
2.2794
3.1058
3.7789
4.2284
4.3831
4.2121
3.7494
3.0669
2.2344
1.3025
0.3046
0.1000
0.1000
0.1000
0.1000
0.1000
0.1000
0.1000
0.1000
0.1000
0.1000
0.1000
0.1000
0.1000
0.1000
0.1000
0.1000
0.1000
0.1000
0.1000
0.1000
0.1000
0.1000
0.1000
0.1000
0.1000
0.1000
0.1000
0.1000
0.1000
0.1000
0.1000
0.1000
0.1000
0.1000
0.1000
0.1000
0.1000
0.5831
1.6102
2.5772
3.4505
4.1752
4.6691
4.8416
4.6510
4.1431
3.4092
2.5299
1.5592
0.5296
0.1000
0.1000
0.1000
0.1000
0.1000
0.1000
0.1000
0.1000
0.1000
0.1000
0.1000
0.1000
0.1000
0.1000
0.1000
0.1000
0.1000
0.1000
0.1000
0.1000
0.1000
0.1000
0.1000
0.1000
0.1000
0.1000
0.1000
0.1000
0.1000
0.1000
0.1000
0.1000
0.1000
0.1000
0.1000
0.1000
0.1000
0.6372
1.6723
2.6493
3.5350
4.2735
4.7800
4.9577
4.7614
4.2407
3.4929
2.6015
1.6209
0.5835
0.1000
0.1000
0.1000
0.1000
0.1000
0.1000
0.1000
0.1000
0.1000
0.1000
0.1000
0.1000
0.1000
0.1000
0.1000
0.1000
0.1000
0.1000
0.1000
0.1000
0.1000
0.1000
0.1000
0.1000
0.1000
0.1000
0.1000
0.1000
0.1000
0.1000
0.1000
0.1000
0.1000
0.1000
0.1000
0.1000
0.1000
0.5157
1.5331
2.4880
3.3467
4.0549
4.5343
4.7010
4.5169
4.0236
3.3061
2.4414
1.4826
0.4627
0.1000
0.1000
0.1000
0.1000
0.1000
0.1000
0.1000
0.1000
0.1000
0.1000
0.1000
0.1000
0.1000
0.1000
0.1000
0.1000
0.1000
0.1000
0.1000
0.1000
0.1000
0.1000
0.1000
0.1000
0.1000
0.1000
0.1000
0.1000
0.1000
0.1000
0.1000
0.1000
0.1000
0.1000
0.1000
0.1000
0.1000
0.2259
1.2037
2.1104
2.9123
3.5598
3.9882
4.1346
3.9727
3.5316
2.8748
2.0664
1.3955
1.0576
0.5360
0.1000
0.1000
0.1000
0.1000
0.1000
0.1000
0.1000
0.1000
0.1000
0.1000
0.1000
0.1000
0.1000
0.1000
0.1000
0.1000
0.1000
0.1000
0.1000
0.1000
0.1000
0.1000
0.1000
0.1000
0.1000
0.1000
0.1000
0.1000
0.1000
0.1000
0.1000
0.1000
0.1000
0.1000
0.1000
0.1000
0.1000
0.7078
1.5509
2.2821
2.8587
3.2314
3.3570
3.2182
2.8339
2.2482
2.0960
1.9503
1.5977
1.0548
0.3438
0.1000
0.1000
0.1000
0.1000
0.1000
0.1000
0.1000
0.1000
0.1000
0.1000
0.1000
0.1000
0.1000
0.1000
0.1000
0.1000
0.1000
0.1000
0.1000
0.1000
0.1000
0.1000
0.1000
0.1000
0.1000
0.1000
0.1000
0.1000
0.1000
0.1000
0.1000
0.1000
0.1000
0.1000
0.1000
0.1000
0.1000
0.8485
1.5075
2.0166
2.3394
2.4469
2.3280
2.1024
2.3897
2.4603
2.3101
1.9472
1.3896
0.6612
0.1000
0.1000
0.1000
0.1000
0.1000
0.1000
0.1000
0.1000
0.1000
0.1000
0.1000
0.1000
0.1000
0.1000
0.1000
0.1000
0.1000
0.1000
0.1000
0.1000
0.1000
0.1000
0.1000
0.1000
0.1000
0.1000
0.1000
0.1000
0.1000
0.1000
0.1000
0.1000
0.1000
0.1000
0.1000
0.1000
0.1000
0.1000
0.6303
1.0802
1.3615
1.4544
1.7517
2.2469
2.5378
2.6092
2.4571
2.0899
1.5261
0.7903
0.1000
0.1000
0.1000
0.1000
0.1000
0.1000
0.1000
0.1000
0.1000
0.1000
0.1000
0.1000
0.1000
0.1000
0.1000
0.1000
0.1000
0.1000
0.1000
0.1000
0.1000
0.1000
0.1000
0.1000
0.1000
0.1000
0.1000
0.1000
0.1000
0.1000
0.1000
0.1000
0.1000
0.1000
0.1000
0.1000
0.1000
0.1000
0.1000
0.1000
0.3279
1.0092
1.6822
2.1745
2.4636
2.5346
2.3835
2.0184
1.4578
0.7257
0.1000
0.1000
0.1000
0.1000
0.1000
0.1000
0.1000
0.1000
0.1000
0.1000
0.1000
0.1000
0.1522
0.1873
0.1668
0.1000
0.1000
0.1000
0.1000
0.1000
0.1000
0.1000
0.1000
0.1000
0.1000
0.1000
0.1000
0.1000
0.1000
0.1000
0.1000
0.1000
0.1000
0.1000
0.1000
0.1000
0.1000
0.1000
0.1000
0.1000
0.1000
0.7483
1.4077
1.8891
2.1714
2.2406
2.0932
1.7366
1.1879
0.4701
0.1000
0.1000
0.1000
0.1000
0.1000
0.1000
0.1000
0.1941
0.2567
0.5193
0.7293
0.8838
0.9806
1.0182
0.9962
0.9148
0.7752
0.5796
0.3305
0.1000
0.1000
0.1000
0.1000
0.1000
0.1000
0.1000
0.1000
0.1000
0.1000
0.1000
0.1000
0.1000
0.1000
0.1000
0.1000
0.1000
0.1000
0.1000
0.1000
0.1000
0.1000
0.3034
0.9408
1.4047
1.6762
1.7427
1.6010
1.2579
0.7286
0.1000
0.1000
0.1000
0.1000
0.1000
0.3472
0.5952
0.7844
0.9123
1.0326
1.3133
1.5383
1.7043
1.8085
1.8491
1.8254
1.7377
1.5877
1.3778
1.1114
0.7922
0.4244
0.1000
0.1000
0.1000
0.1000
0.1000
0.1000
0.1000
0.1000
0.1000
0.1000
0.1000
0.1000
0.1000
0.1000
0.1000
0.1000
0.1000
0.1000
0.1000
0.1000
0.1000
0.3007
0.7428
1.0008
1.0639
0.9293
0.6030
0.1000
0.1000
0.1000
0.1000
0.3184
0.6909
1.0093
1.2697
1.4688
1.6035
1.8003
2.1015
2.3439
2.5232
2.6359
2.6799
2.6542
2.5593
2.3971
2.1709
1.8847
1.5431
1.1511
0.7137
0.2357
0.1000
0.1000
0.1000
0.1000
0.1000
0.1000
0.1000
0.1000
0.1000
0.1000
0.1000
0.1000
0.1000
0.1000
0.1000
0.1000
0.1000
0.1000
0.1000
0.1000
0.1000
0.1708
0.2302
0.1036
0.1000
0.1000
0.1000
0.1000
0.1000
0.9151
1.3045
1.6382
1.9118
2.1213
2.2632
2.5578
2.8825
3.1450
3.3398
3.4627
3.5107
3.4826
3.3791
3.2028
2.9576
2.6486
2.2816
1.8625
1.3973
0.8913
0.3498
0.1000
0.1000
0.1000
0.1000
0.1000
0.1000
0.1000
0.1000
0.1000
0.1000
0.1000
0.1000
0.1000
0.1000
0.1000
0.1000
0.1000
0.1000
0.1000
0.1000
0.1000
0.1000
0.1000
0.1000
0.1000
0.1000
0.1000
0.1000
1.4727
1.8794
2.2289
2.5161
2.7364
2.8920
3.3026
3.6545
3.9404
4.1536
4.2885
4.3413
4.3104
4.1967
4.0036
3.7361
3.4008
3.0049
2.5556
2.0596
1.5233
0.9522
0.3513
0.1000
0.1000
0.1000
0.1000
0.1000
0.1000
0.1000
0.1000
0.1000
0.1000
0.1000
0.1000
0.1000
0.1000
0.1000
0.1000
0.1000
0.1000
0.1000
0.1000
0.1000
0.1000
0.1000
0.1000
0.1000
0.1000
0.1000
1.9859
2.4101
2.7755
3.0766
3.3081
3.5876
4.0316
4.4148
4.7283
4.9636
5.1132
5.1719
5.1375
5.0114
4.7979
4.5041
4.1383
3.7094
3.2261
2.6963
2.1273
1.5249
0.8945
0.2402
0.1000
0.1000
0.1000
0.1000
0.1000
0.1000
0.1000
0.1000
0.1000
0.1000
0.1000
0.1000
0.1000
0.1000
0.1000
0.1000
0.1000
0.1000
0.1000
0.1000
0.1000
0.1000
0.1000
0.1000
0.1000
0.1000
2.4491
2.8904
3.2716
3.5865
3.8292
4.2582
4.7401
5.1599
5.5064
5.7686
5.9363
6.0023
5.9636
5.8220
5.5838
5.2583
4.8566
4.3899
3.8688
3.3023
2.6982
2.0631
1.4022
0.7199
0.1000
0.1000
0.1000
0.1000
0.1000
0.1000
0.1000
0.1000
0.1000
0.1000
0.1000
0.1000
0.1000
0.1000
0.2895
0.3862
0.3254
0.1100
0.1000
0.1000
0.1000
0.1000
0.1000
0.1000
0.1000
0.1000
2.8563
3.3137
3.7101
4.0383
4.3219
4.8973
5.4222
5.8846
6.2709
6.5663
6.7570
6.8325
6.7882
6.6270
6.3578
5.9939
5.5500
5.0402
4.4771
3.8709
3.2300
2.5611
1.8694
1.1591
0.4334
0.1000
0.1000
0.1000
0.1000
0.1000
0.1000
0.1000
0.1000
0.1000
0.1000
0.1000
0.3421
0.7622
1.0308
1.1350
1.0695
0.8375
0.4507
0.1000
0.1000
0.1000
0.1000
0.1000
0.1000
0.1000
3.2012
3.6734
4.0835
4.4241
4.8761
5.4964
6.0695
6.5817
7.0162
7.3537
7.5743
7.6623
7.6107
7.4236
7.1149
6.7039
6.2103
5.6517
5.0427
4.3944
3.7156
3.0126
2.2905
1.5530
0.8030
0.1000
0.1000
0.1000
0.1000
0.1000
0.1000
0.1000
0.1000
0.1000
0.1000
0.3342
0.9192
1.3657
1.6525
1.7642
1.6939
1.4460
1.0344
0.4791
0.1000
0.1000
0.1000
0.1000
0.1000
0.1000
3.4780
3.9627
4.3848
4.7359
5.3768
6.0445
6.6705
7.2402
7.7335
8.1251
8.3861
8.4916
8.4296
8.2073
7.8472
7.3778
6.8260
6.2131
5.5552
4.8637
4.1470
3.4108
2.6597
1.8967
1.1241
0.3439
0.1000
0.1000
0.1000
0.1000
0.1000
0.1000
0.1000
0.1000
0.1000
0.7456
1.3568
1.8256
2.1282
2.2462
2.1719
1.9103
1.4775
0.8966
0.1926
0.1000
0.1000
0.1000
0.1000
0.1000
3.6815
4.1758
4.6071
5.0725
5.8120
6.5276
7.2097
7.8439
8.4082
8.8704
9.1886
9.3200
9.2425
8.9696
8.5408
7.9997
7.3814
6.7101
6.0022
5.2683
4.5155
3.7485
2.9709
2.1850
1.3926
0.5948
0.1000
0.1000
0.1000
0.1000
0.1000
0.1000
0.1000
0.1000
0.2580
1.0053
1.6343
2.1186
2.4320
2.5545
2.4774
2.2062
1.7588
1.1605
0.4380
0.1000
0.1000
0.1000
0.1000
0.1000
3.8073
4.3078
4.7450
5.3921
6.1684
6.9290
7.6667
8.3693
9.0160
9.5704
9.9729
10.1465
10.0435
9.6937
9.1722
8.5454
7.8549
7.1250
6.3696
5.5969
4.8121
4.0185
3.2184
2.4134
1.6044
0.7923
0.1000
0.1000
0.1000
0.1000
0.1000
0.1000
0.1000
0.1000
0.3463
1.1006
1.7365
2.2267
2.5444
2.6687
2.5904
2.3155
1.8625
1.2575
0.5280
0.1000
0.1000
0.1000
0.1000
0.1000
3.8527
4.3555
4.8153
5.6265
6.4323
7.2303
8.0165
8.7835
9.5167
10.1847
10.7159
10.9680
10.8163
10.3416
9.7000
8.9798
8.2199
7.4378
6.6424
5.8383
5.0284
4.2143
3.3971
2.5776
1.7563
0.9337
0.1099
0.1000
0.1000
0.1000
0.1000
0.1000
0.1000
0.1000
0.2779
1.0268
1.6573
2.1429
2.4573
2.5802
2.5029
2.2308
1.7822
1.1824
0.4583
0.1000
0.1000
0.1000
0.1000
0.1000
3.8167
4.3177
4.9406
5.7667
6.5914
7.4140
8.2333
9.0472
9.8505
10.6302
11.3406
11.7696
11.4978
10.8267
10.0581
9.2591
8.4474
7.6292
6.8073
5.9830
5.1573
4.3304
3.5028
2.6745
1.8458
1.0168
0.1875
0.1000
0.1000
0.1000
0.1000
0.1000
0.1000
0.1000
0.1000
0.7875
1.4016
1.8728
2.1771
2.2958
2.2211
1.9579
1.5229
0.9392
0.2323
0.1000
0.1000
0.1000
0.1000
0.1000
3.7001
4.1953
4.9765
5.8069
6.6372
7.4672
8.2968
9.1255
9.9528
10.7764
11.5873
12.2606
11.7928
10.9910
10.1692
9.3426
8.5141
7.6848
6.8549
6.0246
5.1942
4.3636
3.5329
2.7022
1.8713
1.0405
0.2095
0.1000
0.1000
0.1000
0.1000
0.1000
0.1000
0.1000
0.1000
0.3946
0.9834
1.4329
1.7220
1.8345
1.7637
1.5139
1.0993
0.5403
0.1000
0.1000
0.1000
0.1000
0.1000
0.1000
3.5054
4.0964
4.9217
5.7455
6.5673
7.3860
8.2002
9.0064
9.7979
10.5571
11.2284
11.6061
11.3708
10.7458
10.0012
9.2158
8.4125
7.6000
6.7823
5.9612
5.1378
4.3129
3.4868
2.6599
1.8324
1.0043
0.1758
0.1000
0.1000
0.1000
0.1000
0.1000
0.1000
0.1000
0.1000
0.1000
0.4228
0.8464
1.1174
1.2226
1.1564
0.9224
0.5322
0.1000
0.1000
0.1000
0.1000
0.1000
0.1000
0.1000
3.2368
3.9666
4.7781
5.5850
6.3854
7.1765
7.9535
8.7080
9.4235
10.0666
10.5663
10.7969
10.6587
10.2156
9.6011
8.9003
8.1540
7.3818
6.5939
5.7955
4.9902
4.1797
3.3656
2.5487
1.7296
0.9089
0.1000
0.1000
0.1000
0.1000
0.1000
0.1000
0.1000
0.1000
0.1000
0.1000
0.1000
0.1379
0.3900
0.4876
0.4262
0.2087
0.1000
0.1000
0.1000
0.1000
0.1000
0.1000
0.1000
0.1000
2.9626
3.7600
4.5506
5.3320
6.1011
6.8527
7.5791
8.2674
8.8961
9.4293
9.8111
9.9739
9.8775
9.5468
9.0470
8.4391
7.7639
7.0460
6.3001
5.5350
4.7564
3.9680
3.1722
2.3708
1.5649
0.7556
0.1000
0.1000
0.1000
0.1000
0.1000
0.1000
0.1000
0.1000
0.1000
0.1000
0.1000
0.1000
0.1000
0.1000
0.1000
0.1000
0.1000
0.1000
0.1000
0.1000
0.1000
0.1000
0.1000
0.1000
2.7068
3.4818
4.2459
4.9958
5.7270
6.4327
7.1030
7.7232
8.2716
8.7175
9.0218
9.1469
9.0732
8.8126
8.3999
7.8750
7.2712
6.6123
5.9148
5.1896
4.4440
3.6833
2.9109
2.1295
1.3410
0.5467
0.1000
0.1000
0.1000
0.1000
0.1000
0.1000
0.1000
0.1000
0.1000
0.1000
0.1000
0.1000
0.1000
0.1000
0.1000
0.1000
0.1000
0.1000
0.1000
0.1000
0.1000
0.1000
0.1000
0.1000
2.3895
3.1383
3.8722
4.5870
5.2771
5.9347
6.5493
7.1063
7.5864
7.9655
8.2170
8.3183
8.2588
8.0448
7.6966
7.2406
6.7016
6.1005
5.4530
4.7706
4.0616
3.3323
2.5871
1.8292
1.0612
0.2850
0.1000
0.1000
0.1000
0.1000
0.1000
0.1000
0.1000
0.1000
0.1000
0.1000
0.1000
0.1000
0.1000
0.1000
0.1000
0.1000
0.1000
0.1000
0.1000
0.1000
0.1000
0.1000
0.1000
0.1000
2.0161
2.7364
3.4380
4.1160
4.7643
5.3749
5.9375
6.4387
6.8623
7.1901
7.4037
7.4888
7.4389
7.2578
6.9583
6.5580
6.0754
5.5276
4.9284
4.2891
3.6182
2.9223
2.2065
1.4746
0.7296
0.1000
0.1000
0.1000
0.1000
0.1000
0.1000
0.1000
0.1000
0.1000
0.1000
0.1000
0.1000
0.1000
0.1000
0.1000
0.1000
0.1000
0.1000
0.1000
0.1000
0.1000
0.1000
0.1000
0.1000
0.1000
1.5923
2.2830
2.9514
3.5926
4.2002
4.7666
5.2821
5.7351
6.1124
6.4002
6.5856
6.6589
6.6159
6.4592
6.1971
5.8419
5.4074
4.9071
4.3531
3.7554
3.1223
2.4605
1.7753
1.0708
0.3504
0.1000
0.1000
0.1000
0.1000
0.1000
0.1000
0.1000
0.1000
0.1000
0.1000
0.1000
0.1000
0.1000
0.1000
0.1000
0.1000
0.1000
0.1000
0.1000
0.1000
0.1000
0.1000
0.1000
0.1000
0.1000
1.1238
1.7844
2.4200
3.0254
3.5946
4.1203
4.5939
5.0055
5.3447
5.6007
5.7643
5.8286
5.7910
5.6529
5.4203
5.1019
4.7082
4.2499
3.7370
3.1784
2.5818
1.9537
1.2992
0.6227
0.1000
0.1000
0.1000
0.1000
0.1000
0.1000
0.1000
0.1000
0.1000
0.1000
0.1000
0.1000
0.1000
0.1000
0.1000
0.1000
0.1000
0.1000
0.1000
0.1000
0.1000
0.1000
0.1000
0.1000
0.1000
0.1000
0.6158
1.2468
1.8504
2.4218
2.9552
3.4440
3.8806
4.2569
4.5643
4.7946
4.9409
4.9982
4.9646
4.8413
4.6324
4.3445
3.9855
3.5638
3.0879
2.5655
2.0035
1.4078
0.7836
0.1352
0.1000
0.1000
0.1000
0.1000
0.1000
0.1000
0.1000
0.1000
0.1000
0.1000
0.1000
0.1000
0.1000
0.1000
0.1000
0.1000
0.1000
0.1000
0.1000
0.1000
0.1000
0.1000
0.1000
0.1000
0.1000
0.1000
0.1000
0.6753
1.2484
1.7878
2.2883
2.7439
3.1480
3.4939
3.7746
3.9837
4.1159
4.1676
4.1374
4.0260
3.8366
3.5741
3.2446
2.8551
2.4124
1.9230
1.3933
0.8285
0.2336
0.1000
0.1000
0.1000
0.1000
0.1000
0.1000
0.1000
0.1000
0.1000
0.1000
0.1000
0.1000
0.1000
0.1000
0.1000
0.1000
0.1000
0.1000
0.1000
0.1000
0.1000
0.1000
0.1000
0.1000
0.1000
0.1000
0.1000
0.1000
0.1000
0.1000
0.1000
0.1000
0.1000
0.1000
0.1000
0.1000
0.1000
0.1000
0.1000
0.1000
0.1000
0.1000
0.1000
0.1000
0.1000
0.1000
0.1000
0.1000
0.1000
0.1000
0.1000
0.1000
0.1000
0.1000
0.1000
0.1000
0.1000
0.1000
0.1000
0.1000
0.1000
0.1000
0.1000
0.1000
0.1000
0.1000
0.1000
0.1000
0.1000
0.1000
0.1000
0.1000
0.1000
0.1000
0.1000
0.1000
0.1000
0.1000
0.1000
0.1000
0.1000
0.1000
0.1000
0.1000
0.1000
0.1000
0.1000
0.1000
0.1000
0.1000
0.1000
0.1000
0.1000
0.1000
0.1000
0.1000
0.1000
0.1000
0.1000
0.1000
0.1000
0.1000
0.1000
0.1000
0.1000
0.1000
0.1000
0.1000
0.1000
0.1000
0.1000
0.1000
0.1000
0.1000
0.1000
0.1000
0.1000
0.1000
0.1000
0.1000
0.1000
0.1000
0.1000
0.1000
0.1000
0.1000
0.1000
0.1000
0.1000
0.1000
0.1000
0.1000
0.1000
0.1000
0.1000
0.1000
0.1000
0.1000
0.1000
0.1000
0.1000
0.1000
0.1000
0.1000
0.1000
0.1000
0.1000
0.1000
0.1000
0.1000
0.1000
0.1000
0.1000
0.1000
0.1000
0.1000
0.1000
0.1000
0.1000
0.1000
0.1000
0.1000
0.1000
0.1000
0.1000
0.1000
0.1000
0.1000
0.1000
0.1000
0.1000
0.1000
0.1000
0.1000
0.1000
0.1000
0.1000
0.1000
0.1000
0.1000
0.1000
0.1000
0.1000
0.1000
0.1000
0.1000
0.1000
0.1000
0.1000
0.1000
0.1000
0.1000
0.1000
0.1000
0.1000
0.1000
0.1000
0.1000
0.1000
0.1000
0.1000
0.1000
0.1000
0.1000
0.1000
0.1000
0.1000
0.1000
0.1000
0.1000
0.1000
0.1000
0.1000
0.1000
0.1000
0.1000
0.1000
0.1000
0.1000
0.1000
0.1000
0.1000
0.1000
0.1000
0.1000
0.1000
0.1000
0.1000
0.1000
0.1000
0.1000
0.1000
0.1000
0.1000
0.1000
0.1000
0.1000
0.1000
0.1000
0.1000
0.1000
0.1000
0.1000
0.1000
0.1000
0.1000
0.1000
0.1000
0.1000
0.1000
0.1000
0.1000
0.1000
0.1000
0.1000
0.1000
0.1000
0.1000
0.1000
0.1000
0.1000
0.1000
0.1000
0.1000
0.1000
0.1000
0.1000
0.1000
0.1000
0.1000
0.1000
0.1000
0.1000
0.1000
0.1000
0.1000
0.1000
0.1000
0.1000
0.1000
0.1000
0.1000
0.1000
0.1000
0.1000
0.1000
0.1000
0.1000
0.1000
0.1000
0.1000
0.1000
0.1000
0.1000
0.1000
0.1000
0.1000
0.1000
0.1000
0.1000
0.1000
0.1000
0.1000
0.1000
0.1000
0.1000
0.1000
0.1000
0.1000
0.1000
0.1000
0.1000
0.1000
0.1000
0.1000
0.1000
0.1000
0.1000
0.1000
0.1000
0.1000
0.1000
0.1000
0.1000
0.1000
0.1000
0.1000
0.1000
0.1000
0.1000
0.1000
0.1000
0.1000
0.1000
0.1000
0.1000
0.1000
0.1000
0.1000
0.1000
0.1000
0.1000
0.1000
0.1000
0.1000
0.1000
0.1000
0.1000
0.1000
0.1000
0.1000
0.1000
0.1000
0.1000
0.1000
0.1000
0.1000
0.1000
0.1000
0.1000
0.1000
0.1000
0.1000
0.1000
0.1000
0.1000
0.1000
0.1000
0.1000
0.1000
0.1000
0.1000
0.1000
0.1000
0.1000
0.1000
0.1000
0.1000
0.1000
0.1000
0.1000
0.1000
0.1000
0.1000
0.1000
0.1000
0.1000
0.1000
0.1000
0.1000
0.1000
0.1000
0.1000
0.1000
0.1000
0.1000
0.1000
0.1000
0.1000
0.1000
0.1000
0.1000
0.1000
0.1000
0.1000
0.1000
0.1000
0.1000
0.1000
0.1000
0.1000
0.1000
0.1000
0.1000
0.1000
0.1000
0.1000
0.1000
0.1000
0.1000
0.1000
0.1000
0.1000
0.1000
0.1000
0.1000
0.1000
0.1000
0.1000
0.1000
0.1000
0.1000
0.1000
0.1000
0.1000
0.1000
0.1000
0.1000
0.1000
0.1000
0.1000
0.1000
0.1000
0.1000
0.1000
0.1000
0.1000
0.1000
0.1000
0.1000
0.1000
0.1000
0.1000
0.1000
0.1000
0.1000
0.1000
0.1000
0.1000
0.1000
0.1000
0.1000
0.1000
0.1000
0.1000
0.1000
0.1000
0.1000
0.1000
0.1000
0.1000
0.1000
0.1000
0.1000
0.1000
0.1000
0.1000
0.1000
0.1000
0.1000
0.1000
0.1000
0.1000
0.1000
0.1000
0.1000
0.1000
0.1000
0.1000
0.1000
0.1000
0.1000
0.1000
0.1000
0.1000
0.1000
0.1000
0.1000
0.1000
0.1000
0.1000
0.1000
0.1000
0.1000
0.1000
0.1000
0.1000
0.1000
0.1000
0.1000
0.1000
0.1000
0.1000
0.1000
0.1000
0.1000
0.1000
0.1000
0.1000
0.1000
0.1000
0.1000
0.1000
0.1000
0.1000
0.1000
0.1000
0.1000
0.1000
0.1000
0.1000
0.1000
0.1000
0.1000
0.1000
0.1000
0.1000
0.1000
0.1000
0.1000
0.1000
0.1000
0.1000
0.1000
0.1000
0.1000
0.1000
0.1000
0.1000
0.1000
0.1000
0.1000
0.1000
0.1000
0.1000
0.1000
0.1000
0.1000
0.1000
0.1000
0.1000
0.1000
0.1000
0.1000
0.1000
0.1000
0.1000
0.1000
0.1000
0.1000
0.1000
0.1000
0.1000
0.1000
0.1000
0.1000
0.1000
0.1000
0.1000
0.1000
0.1000
0.1000
0.1000
0.1000
0.1000
0.1000
0.1000
0.1000
0.1000
0.1000
0.1000
0.1000
0.1000
0.1000
0.1000
0.1000
0.1000
0.1000
0.1000
0.1000
0.1000
0.1000
0.1000
0.1000
0.1000
0.1000
0.1000
0.1000
0.1000
0.1000
0.1000
0.1000
0.1000
0.2928
0.7235
0.9917
1.0800
0.9823
0.7054
0.2670
0.1000
0.1000
0.1000
0.1000
0.1000
0.1000
0.1000
0.1000
0.1000
0.1000
0.1000
0.1000
0.1000
0.1000
0.1000
0.1000
0.1000
0.1000
0.1000
0.1000
0.1000
0.1000
0.1000
0.1000
0.1000
0.1000
0.1000
0.1000
0.1000
0.1000
0.1000
0.1000
0.1000
0.1000
0.1000
0.1000
0.1000
0.1000
0.1000
0.1000
0.1000
0.1000
0.6096
1.2473
1.7372
2.0464
2.1490
2.0355
1.7164
1.2181
0.5738
0.1000
0.1000
0.1000
0.1000
0.1000
0.1000
0.1000
0.1000
0.1000
0.1000
0.1000
0.1000
0.1000
0.1000
0.1000
0.1000
0.1000
0.1000
0.1000
0.1000
0.1000
0.1000
0.1000
0.1000
0.1000
0.1000
0.1000
0.1000
0.1000
0.1000
0.1000
0.1000
0.1000
0.1000
0.1000
0.1000
0.1000
0.1000
0.1000
0.1000
0.5802
1.4085
2.1237
2.6851
3.0462
3.1675
3.0334
2.6609
2.0906
1.3688
0.5357
0.1000
0.1000
0.1000
0.1000
0.1000
0.1000
0.1000
0.1000
0.1000
0.1000
0.1000
0.1000
0.1000
0.1000
0.1000
0.1000
0.1000
0.1000
0.1000
0.1000
0.1000
0.1000
0.1000
0.1000
0.1000
0.1000
0.1000
0.1000
0.1000
0.1000
0.1000
0.1000
0.1000
0.1000
0.1000
0.1000
0.1000
0.1000
0.2082
1.1836
2.0875
2.8863
3.5305
3.9561
4.1016
3.9408
3.5024
2.8489
2.0437
1.1355
0.1571
0.1000
0.1000
0.1000
0.1000
0.1000
0.1000
0.1000
0.1000
0.1000
0.1000
0.1000
0.1000
0.1000
0.1000
0.1000
0.1000
0.1000
0.1000
0.1000
0.1000
0.1000
0.1000
0.1000
0.1000
0.1000
0.1000
0.1000
0.1000
0.1000
0.1000
0.1000
0.1000
0.1000
0.1000
0.1000
0.1000
0.1000
0.6049
1.6352
2.6062
3.4844
4.2146
4.7134
4.8880
4.6952
4.1822
3.4428
2.5587
1.5840
0.5513
0.1000
0.1000
0.1000
0.1000
0.1000
0.1000
0.1000
0.1000
0.1000
0.1000
0.1000
0.1000
0.1000
0.1000
0.1000
0.1000
0.1000
0.1000
0.1000
0.1000
0.1000
0.1000
0.1000
0.1000
0.1000
0.1000
0.1000
0.1000
0.1000
0.1000
0.1000
0.1000
0.1000
0.1000
0.1000
0.1000
0.1000
0.8386
1.9044
2.9208
3.8563
4.6537
5.2157
5.4172
5.1948
4.6179
3.8115
2.8708
1.8512
0.7834
0.1000
0.1000
0.1000
0.1000
0.1000
0.1000
0.1000
0.1000
0.1000
0.1000
0.1000
0.1000
0.1000
0.1000
0.1000
0.1000
0.1000
0.1000
0.1000
0.1000
0.1000
0.1000
0.1000
0.1000
0.1000
0.1000
0.1000
0.1000
0.1000
0.1000
0.1000
0.1000
0.1000
0.1000
0.1000
0.1000
0.1000
0.8945
1.9693
2.9974
3.9480
4.7642
5.3448
5.5547
5.3231
4.7273
3.9023
2.9466
1.9156
0.8390
0.1000
0.1000
0.1000
0.1000
0.1000
0.1000
0.1000
0.1000
0.1000
0.1000
0.1000
0.1000
0.1000
0.1000
0.1000
0.1000
0.1000
0.1000
0.1000
0.1000
0.1000
0.1000
0.1000
0.1000
0.1000
0.1000
0.1000
0.1000
0.1000
0.1000
0.1000
0.1000
0.1000
0.1000
0.1000
0.1000
0.1000
0.7690
1.8240
2.8264
3.7438
4.5195
5.0604
5.2527
5.0404
4.4848
3.7000
2.7771
1.7714
1.0239
0.5036
0.1000
0.1000
0.1000
0.1000
0.1000
0.1000
0.1000
0.1000
0.1000
0.1000
0.1000
0.1000
0.1000
0.1000
0.1000
0.1000
0.1000
0.1000
0.1000
0.1000
0.1000
0.1000
0.1000
0.1000
0.1000
0.1000
0.1000
0.1000
0.1000
0.1000
0.1000
0.1000
0.1000
0.1000
0.1000
0.1000
0.4703
1.4812
2.4282
3.2773
3.9751
4.4454
4.6084
4.4283
3.9444
3.2373
2.3821
2.1281
1.7705
1.2204
0.5009
0.1000
0.1000
0.1000
0.1000
0.1000
0.1000
0.1000
0.1000
0.1000
0.1000
0.1000
0.1000
0.1000
0.1000
0.1000
0.1000
0.1000
0.1000
0.1000
0.1000
0.1000
0.1000
0.1000
0.1000
0.1000
0.1000
0.1000
0.1000
0.1000
0.1000
0.1000
0.1000
0.1000
0.1000
0.1000
0.1000
0.9674
1.8426
2.6089
3.2202
3.6195
3.7550
3.6053
3.1937
2.8004
2.8734
2.7179
2.3427
1.7675
1.0183
0.1226
0.1000
0.1000
0.1000
0.1000
0.1000
0.1000
0.1000
0.1000
0.1000
0.1000
0.1000
0.1000
0.1000
0.1000
0.1000
0.1000
0.1000
0.1000
0.1000
0.1000
0.1000
0.1000
0.1000
0.1000
0.1000
0.1000
0.1000
0.1000
0.1000
0.1000
0.1000
0.1000
0.1000
0.1000
0.1000
0.3140
1.1130
1.7974
2.3297
2.6694
2.7829
2.6574
2.8802
3.1877
3.2633
3.1023
2.7147
2.1219
1.3522
0.4349
0.1000
0.1000
0.1000
0.1000
0.1000
0.1000
0.1000
0.1000
0.1000
0.1000
0.1000
0.1000
0.1000
0.1000
0.1000
0.1000
0.1000
0.1000
0.1000
0.1000
0.1000
0.1000
0.1000
0.1000
0.1000
0.1000
0.1000
0.1000
0.1000
0.1000
0.1000
0.1000
0.1000
0.1000
0.1000
0.1000
0.2770
0.8874
1.3531
1.6453
1.7890
2.5064
3.0347
3.3465
3.4232
3.2599
2.8669
2.2666
1.4882
0.5619
0.1000
0.1000
0.1000
0.1000
0.1000
0.1000
0.1000
0.1000
0.1000
0.1000
0.1000
0.1000
0.1000
0.1000
0.1000
0.1000
0.1000
0.1000
0.1000
0.1000
0.1000
0.1000
0.1000
0.1000
0.1000
0.1000
0.1000
0.1000
0.1000
0.1000
0.1000
0.1000
0.1000
0.1000
0.1000
0.1000
0.1000
0.1000
0.3206
0.8478
1.7193
2.4325
2.9573
3.2669
3.3431
3.1809
2.7906
2.1941
1.4201
0.4984
0.1000
0.1000
0.1000
0.1000
0.1000
0.1000
0.1000
0.1000
0.1000
0.1000
0.1000
0.1545
0.1897
0.1691
0.1000
0.1000
0.1000
0.1000
0.1000
0.1000
0.1000
0.1000
0.1000
0.1000
0.1000
0.1000
0.1000
0.1000
0.1000
0.1000
0.1000
0.1000
0.1000
0.1000
0.1000
0.1000
0.1000
0.1000
0.1000
0.5899
1.4440
2.1410
2.6527
2.9540
3.0280
2.8704
2.4903
1.9083
1.1511
0.2469
0.1000
0.1000
0.1000
0.1000
0.1652
0.3486
0.4725
0.5353
0.5362
0.7317
0.8862
0.9831
1.0207
0.9987
0.9173
0.7777
0.5820
0.3328
0.1000
0.1000
0.1000
0.1000
0.1000
0.1000
0.1000
0.1000
0.1000
0.1000
0.1000
0.1000
0.1000
0.1000
0.1000
0.1000
0.1000
0.1000
0.1000
0.1000
0.1000
0.1500
0.9758
1.6470
2.1379
2.4261
2.4969
2.3462
1.9823
1.4232
0.6930
0.1000
0.1000
0.1000
0.3189
0.6287
0.8819
1.0751
1.2058
1.2721
1.3158
1.5410
1.7070
1.8112
1.8518
1.8280
1.7404
1.5903
1.3804
1.1139
0.7946
0.4267
0.1000
0.1000
0.1000
0.1000
0.1000
0.1000
0.1000
0.1000
0.1000
0.1000
0.1000
0.1000
0.1000
0.1000
0.1000
0.1000
0.1000
0.1000
0.1000
0.1000
0.3342
0.9730
1.4382
1.7104
1.7771
1.6350
1.2909
0.7603
0.1000
0.1000
0.1000
0.5993
0.9795
1.3050
1.5715
1.7753
1.9133
1.9834
2.1042
2.3467
2.5260
2.6388
2.6828
2.6571
2.5622
2.4000
2.1737
1.8874
1.5457
1.1536
0.7161
0.2381
0.1000
0.1000
0.1000
0.1000
0.1000
0.1000
0.1000
0.1000
0.1000
0.1000
0.1000
0.1000
0.1000
0.1000
0.1000
0.1000
0.1000
0.1000
0.1000
0.1447
0.5817
0.8366
0.8989
0.7661
0.4436
0.1000
0.1000
0.1000
0.1000
1.2087
1.6070
1.9488
2.2294
2.4445
2.5903
2.6645
2.8855
3.1480
3.3429
3.4658
3.5139
3.4858
3.3823
3.2059
2.9606
2.6515
2.2844
1.8652
1.3999
0.8938
0.3521
0.1000
0.1000
0.1000
0.1000
0.1000
0.1000
0.1000
0.1000
0.1000
0.1000
0.1000
0.1000
0.1000
0.1000
0.1000
0.1000
0.1000
0.1000
0.1000
0.1000
0.1000
0.1000
0.1000
0.1000
0.1000
0.1000
0.1000
0.1000
1.7792
2.1962
2.5550
2.8504
3.0772
3.2314
3.3098
3.6577
3.9437
4.1570
4.2920
4.3448
4.3139
4.2002
4.0069
3.7394
3.4040
3.0080
2.5585
2.0623
1.5259
0.9547
0.3536
0.1000
0.1000
0.1000
0.1000
0.1000
0.1000
0.1000
0.1000
0.1000
0.1000
0.1000
0.1000
0.1000
0.1000
0.1000
0.1000
0.1000
0.1000
0.1000
0.1000
0.1000
0.1000
0.1000
0.1000
0.1000
0.1000
0.1000
2.3055
2.7413
3.1175
3.4280
3.6670
3.8298
4.0349
4.4183
4.7320
4.9674
5.1171
5.1758
5.1414
5.0152
4.8016
4.5077
4.1417
3.7126
3.2291
2.6993
2.1300
1.5276
0.8969
0.2425
0.1000
0.1000
0.1000
0.1000
0.1000
0.1000
0.1000
0.1000
0.1000
0.1000
0.1000
0.1000
0.1000
0.1000
0.1000
0.1000
0.1000
0.1000
0.1000
0.1000
0.1000
0.1000
0.1000
0.1000
0.1000
0.1000
2.7815
3.2358
3.6293
3.9550
4.2064
4.3780
4.7438
5.1638
5.5105
5.7728
5.9406
6.0067
5.9680
5.8263
5.5879
5.2622
4.8603
4.3935
3.8721
3.3054
2.7011
2.0658
1.4048
0.7223
0.1000
0.1000
0.1000
0.1000
0.1000
0.1000
0.1000
0.1000
0.1000
0.1000
0.1000
0.1000
0.1000
0.5079
0.7696
0.8710
0.8072
0.5814
0.2041
0.1000
0.1000
0.1000
0.1000
0.1000
0.1000
0.1000
3.2007
3.6728
4.0830
4.4235
4.6871
4.9011
5.4262
5.8889
6.2755
6.5711
6.7620
6.8375
6.7932
6.6318
6.3624
5.9982
5.5541
5.0441
4.4807
3.8742
3.2331
2.5640
1.8721
1.1616
0.4358
0.1000
0.1000
0.1000
0.1000
0.1000
0.1000
0.1000
0.1000
0.1000
0.1000
0.2451
0.8248
1.2666
1.5503
1.6607
1.5913
1.3461
0.9388
0.3887
0.1000
0.1000
0.1000
0.1000
0.1000
0.1000
3.5566
4.0450
4.4705
4.8248
5.0998
5.5005
6.0739
6.5865
7.0214
7.3592
7.5801
7.6682
7.6165
7.4292
7.1202
6.7088
6.2148
5.6559
5.0465
4.3980
3.7188
3.0156
2.2933
1.5556
0.8055
0.1000
0.1000
0.1000
0.1000
0.1000
0.1000
0.1000
0.1000
0.1000
0.1000
0.8164
1.4324
1.9054
2.2108
2.3300
2.2550
1.9908
1.5541
0.9686
0.2596
0.1000
0.1000
0.1000
0.1000
0.1000
3.8428
4.3450
4.7839
5.1502
5.4351
6.0489
6.6754
7.2456
7.7395
8.1315
8.3930
8.4987
8.4366
8.2139
7.8533
7.3834
6.8310
6.2177
5.5593
4.8675
4.1504
3.4140
2.6626
1.8994
1.1267
0.3463
0.1000
0.1000
0.1000
0.1000
0.1000
0.1000
0.1000
0.1000
0.4837
1.2492
1.8960
2.3958
2.7203
2.8475
2.7674
2.4864
2.0243
1.4086
0.6679
0.1000
0.1000
0.1000
0.1000
0.1000
4.0534
4.5664
5.0156
5.3914
5.8163
6.5323
7.2151
7.8500
8.4151
8.8782
9.1971
9.3289
9.2512
8.9777
8.5480
8.0060
7.3869
6.7151
6.0066
5.2722
4.5190
3.7518
2.9739
2.1878
1.3951
0.5973
0.1000
0.1000
0.1000
0.1000
0.1000
0.1000
0.1000
0.1000
0.7365
1.5233
2.1913
2.7100
3.0482
3.1809
3.0973
2.8043
2.3243
1.6877
0.9255
0.1000
0.1000
0.1000
0.1000
0.1000
4.1838
4.7038
5.1596
5.5415
6.1729
6.9341
7.6726
8.3761
9.0241
9.5801
9.9840
10.1584
10.0550
9.7037
9.1807
8.5525
7.8610
7.1303
6.3742
5.6010
4.8158
4.0219
3.2215
2.4162
1.6070
0.7948
0.1000
0.1000
0.1000
0.1000
0.1000
0.1000
0.1000
0.1000
0.8292
1.6243
2.3004
2.8264
3.1699
3.3050
3.2199
2.9222
2.4352
1.7905
1.0200
0.1518
0.1000
0.1000
0.1000
0.1000
4.2309
4.7534
5.2117
5.6306
6.4370
7.2357
8.0229
8.7911
9.5261
10.1968
10.7316
10.9861
10.8328
10.3546
9.7101
8.9879
8.2265
7.4434
6.6473
5.8426
5.0322
4.2177
3.4002
2.5805
1.7590
0.9361
0.1122
0.1000
0.1000
0.1000
0.1000
0.1000
0.1000
0.1000
0.7574
1.5461
2.2159
2.7362
3.0756
3.2088
3.1249
2.8308
2.3493
1.7108
0.9468
0.1000
0.1000
0.1000
0.1000
0.1000
4.1935
4.7140
5.1704
5.7709
6.5962
7.4196
8.2400
9.0554
9.8611
10.6451
11.3643
11.8064
11.5250
10.8433
10.0696
9.2678
8.4544
7.6350
6.8123
5.9874
5.1612
4.3339
3.5059
2.6774
1.8485
1.0193
0.1898
0.1000
0.1000
0.1000
0.1000
0.1000
0.1000
0.1000
0.5246
1.2934
1.9435
2.4463
2.7729
2.9009
2.8203
2.5375
2.0726
1.4536
0.7095
0.1000
0.1000
0.1000
0.1000
0.1000
4.0726
4.5867
5.0368
5.8112
6.6421
7.4729
8.3035
9.1339
9.9638
10.7926
11.6171
12.3741
11.8307
11.0094
10.1813
9.3516
8.5213
7.6907
6.8599
6.0290
5.1981
4.3671
3.5361
2.7051
1.8740
1.0430
0.2119
0.1000
0.1000
0.1000
0.1000
0.1000
0.1000
0.1000
0.1416
0.8799
1.5002
1.9769
2.2849
2.4052
2.3295
2.0630
1.6228
1.0331
0.3196
0.1000
0.1000
0.1000
0.1000
0.1000
3.8711
4.3748
4.9254
5.7497
6.5721
7.3916
8.2068
9.0145
9.8083
10.5715
11.2500
11.6364
11.3950
10.7617
10.0125
9.2244
8.4194
7.6058
6.7872
5.9655
5.1417
4.3164
3.4900
2.6629
1.8351
1.0068
0.1781
0.1000
0.1000
0.1000
0.1000
0.1000
0.1000
0.1000
0.1000
0.3250
0.9095
1.3555
1.6420
1.7535
1.6833
1.4357
1.0245
0.4698
0.1000
0.1000
0.1000
0.1000
0.1000
0.1000
3.5933
4.0835
4.7818
5.5891
6.3901
7.1819
7.9598
8.7154
9.4327
10.0781
10.5807
10.8133
10.6739
10.2279
9.6108
8.9081
8.1605
7.3874
6.5987
5.7998
4.9940
4.1832
3.3688
2.5516
1.7323
0.9113
0.1000
0.1000
0.1000
0.1000
0.1000
0.1000
0.1000
0.1000
0.1000
0.1000
0.1967
0.6106
0.8750
0.9776
0.9131
0.6848
0.3037
0.1000
0.1000
0.1000
0.1000
0.1000
0.1000
0.1000
3.2452
3.7633
4.5542
5.3360
6.1055
6.8578
7.5849
8.2741
8.9039
9.4385
9.8216
9.9850
9.8883
9.5563
9.0552
8.4461
7.7699
7.0512
6.3047
5.5391
4.7601
3.9714
3.1753
2.3736
1.5676
0.7580
0.1000
0.1000
0.1000
0.1000
0.1000
0.1000
0.1000
0.1000
0.1000
0.1000
0.1000
0.1000
0.1000
0.1051
0.1000
0.1000
0.1000
0.1000
0.1000
0.1000
0.1000
0.1000
0.1000
0.1000
2.8329
3.4850
4.2494
4.9997
5.7312
6.4374
7.1083
7.7292
8.2783
8.7249
9.0300
9.1553
9.0815
8.8203
8.4068
7.8812
7.2766
6.6172
5.9192
5.1935
4.4476
3.6865
2.9139
2.1323
1.3435
0.5491
0.1000
0.1000
0.1000
0.1000
0.1000
0.1000
0.1000
0.1000
0.1000
0.1000
0.1000
0.1000
0.1000
0.1000
0.1000
0.1000
0.1000
0.1000
0.1000
0.1000
0.1000
0.1000
0.1000
0.1000
2.3923
3.1414
3.8755
4.5906
5.2810
5.9391
6.5541
7.1116
7.5922
7.9717
8.2236
8.3250
8.2654
8.0512
7.7026
7.2460
6.7065
6.1050
5.4570
4.7743
4.0650
3.3354
2.5900
1.8319
1.0637
0.2873
0.1000
0.1000
0.1000
0.1000
0.1000
0.1000
0.1000
0.1000
0.1000
0.1000
0.1000
0.1000
0.1000
0.1000
0.1000
0.1000
0.1000
0.1000
0.1000
0.1000
0.1000
0.1000
0.1000
0.1000
2.0188
2.7394
3.4411
4.1194
4.7680
5.3789
5.9418
6.4434
6.8674
7.1955
7.4093
7.4945
7.4445
7.2633
6.9634
6.5628
6.0799
5.5317
4.9322
4.2926
3.6214
2.9253
2.2093
1.4772
0.7320
0.1000
0.1000
0.1000
0.1000
0.1000
0.1000
0.1000
0.1000
0.1000
0.1000
0.1000
0.1000
0.1000
0.1000
0.1000
0.1000
0.1000
0.1000
0.1000
0.1000
0.1000
0.1000
0.1000
0.1000
0.1000
1.5949
2.2858
2.9544
3.5958
4.2037
4.7703
5.2860
5.7393
6.1169
6.4049
6.5904
6.6638
6.6208
6.4639
6.2016
5.8461
5.4114
4.9109
4.3566
3.7587
3.1254
2.4634
1.7780
1.0733
0.3527
0.1000
0.1000
0.1000
0.1000
0.1000
0.1000
0.1000
0.1000
0.1000
0.1000
0.1000
0.1000
0.1000
0.1000
0.1000
0.1000
0.1000
0.1000
0.1000
0.1000
0.1000
0.1000
0.1000
0.1000
0.1000
1.1263
1.7871
2.4228
3.0284
3.5978
4.1237
4.5975
5.0093
5.3487
5.6049
5.7685
5.8329
5.7952
5.6571
5.4243
5.1058
4.7119
4.2533
3.7402
3.1815
2.5847
1.9564
1.3018
0.6252
0.1000
0.1000
0.1000
0.1000
0.1000
0.1000
0.1000
0.1000
0.1000
0.1000
0.1000
0.1000
0.1000
0.1000
0.1000
0.1000
0.1000
0.1000
0.1000
0.1000
0.1000
0.1000
0.1000
0.1000
0.1000
0.1000
0.6182
1.2493
1.8531
2.4246
2.9582
3.4471
3.8839
4.2604
4.5679
4.7983
4.9446
5.0020
4.9684
4.8450
4.6361
4.3480
3.9888
3.5670
3.0910
2.5684
2.0062
1.4104
0.7861
0.1375
0.1000
0.1000
0.1000
0.1000
0.1000
0.1000
0.1000
0.1000
0.1000
0.1000
0.1000
0.1000
0.1000
0.1000
0.1000
0.1000
0.1000
0.1000
0.1000
0.1000
0.1000
0.1000
0.1000
0.1000
0.1000
0.1000
0.1000
0.6777
1.2509
1.7905
2.2911
2.7468
3.1511
3.4971
3.7778
3.9870
4.1193
4.1711
4.1408
4.0293
3.8399
3.5773
3.2477
2.8581
2.4152
1.9258
1.3959
0.8310
0.2359
0.1000
0.1000
0.1000
0.1000
0.1000
0.1000
0.1000
0.1000
0.1000
0.1000
0.1000
0.1000
0.1000
0.1000
0.1000
0.1000
0.1000
0.1000
0.1000
0.1000
0.1000
0.1000
0.1000
0.1000
0.1000
0.1000
0.1000
0.1000
0.1000
0.1000
0.1000
0.1000
0.1000
0.1000
0.1000
0.1000
0.1000
0.1000
0.1000
0.1000
0.1000
0.1000
0.1000
0.1000
0.1000
0.1000
0.1000
0.1000
0.1000
0.1000
0.1000
0.1000
0.1000
0.1000
0.1000
0.1000
0.1000
0.1000
0.1000
0.1000
0.1000
0.1000
0.1000
0.1000
0.1000
0.1000
0.1000
0.1000
0.1000
0.1000
0.1000
0.1000
0.1000
0.1000
0.1000
0.1000
0.1000
0.1000
0.1000
0.1000
0.1000
0.1000
0.1000
0.1000
0.1000
0.1000
0.1000
0.1000
0.1000
0.1000
0.1000
0.1000
0.1000
0.1000
0.1000
0.1000
0.1000
0.1000
0.1000
0.1000
0.1000
0.1000
0.1000
0.1000
0.1000
0.1000
0.1000
0.1000
0.1000
0.1000
0.1000
0.1000
0.1000
0.1000
0.1000
0.1000
0.1000
0.1000
0.1000
0.1000
0.1000
0.1000
0.1000
0.1000
0.1000
0.1000
0.1000
0.1000
0.1000
0.1000
0.1000
0.1000
0.1000
0.1000
0.1000
0.1000
0.1000
0.1000
0.1000
0.1000
0.1000
0.1000
0.1000
0.1000
0.1000
0.1000
0.1000
0.1000
0.1000
0.1000
0.1000
0.1000
0.1000
0.1000
0.1000
0.1000
0.1000
0.1000
0.1000
0.1000
0.1000
0.1000
0.1000
0.1000
0.1000
0.1000
0.1000
0.1000
0.1000
0.1000
0.1000
0.1000
0.1000
0.1000
0.1000
0.1000
0.1000
0.1000
0.1000
0.1000
0.1000
0.1000
0.1000
0.1000
0.1000
0.1000
0.1000
0.1000
0.1000
0.1000
0.1000
0.1000
0.1000
0.1000
0.1000
0.1000
0.1000
0.1000
0.1000
0.1000
0.1000
0.1000
0.1000
0.1000
0.1000
0.1000
0.1000
0.1000
0.1000
0.1000
0.1000
0.1000
0.1000
0.1000
0.1000
0.1000
0.1000
0.1000
0.1000
0.1000
0.1000
0.1000
0.1000
0.1000
0.1000
0.1000
0.1000
0.1000
0.1000
0.1000
0.1000
0.1000
0.1000
0.1000
0.1000
0.1000
0.1000
0.1000
0.1000
0.1000
0.1000
0.1000
0.1000
0.1000
0.1000
0.1000
0.1000
0.1000
0.1000
0.1000
0.1000
0.1000
0.1000
0.1000
0.1000
0.1000
0.1000
0.1000
0.1000
0.1000
0.1000
0.1000
0.1000
0.1000
0.1000
0.1000
0.1000
0.1000
0.1000
0.1000
0.1000
0.1000
0.1000
0.1000
0.1000
0.1000
0.1000
0.1000
0.1000
0.1000
0.1000
0.1000
0.1000
0.1000
0.1000
0.1000
0.1000
0.1000
0.1000
0.1000
0.1000
0.1000
0.1000
0.1000
0.1000
0.1000
0.1000
0.1000
0.1000
0.1000
0.1000
0.1000
0.1000
0.1000
0.1000
0.1000
0.1000
0.1000
0.1000
0.1000
0.1000
0.1000
0.1000
0.1000
0.1000
0.1000
0.1000
0.1000
0.1000
0.1000
0.1000
0.1000
0.1000
0.1000
0.1000
0.1000
0.1000
0.1000
0.1000
0.1000
0.1000
0.1000
0.1000
0.1000
0.1000
0.1000
0.1000
0.1000
0.1000
0.1000
0.1000
0.1000
0.1000
0.1000
0.1000
0.1000
0.1000
0.1000
0.1000
0.1000
0.1000
0.1000
0.1000
0.1000
0.1000
0.1000
0.1000
0.1000
0.1000
0.1000
0.1000
0.1000
0.1000
0.1000
0.1000
0.1000
0.1000
0.1000
0.1000
0.1000
0.1000
0.1000
0.1000
0.1000
0.1000
0.1000
0.1000
0.1000
0.1000
0.1000
0.1000
0.1000
0.1000
0.1000
0.1000
0.1000
0.1000
0.1000
0.1000
0.1000
0.1000
0.1000
0.1000
0.1000
0.1000
0.1000
0.1000
0.1000
0.1000
0.1000
0.1000
0.1000
0.1000
0.1000
0.1000
0.1000
0.1000
0.1000
0.1000
0.1000
0.1000
0.1000
0.1000
0.1000
0.1000
0.1000
0.1000
0.1000
0.1000
0.1000
0.1000
0.1000
0.1000
0.1000
0.1000
0.1000
0.1000
0.1000
0.1000
0.1000
0.1000
0.1000
0.1000
0.1000
0.1000
0.1000
0.1000
0.1000
0.1000
0.1000
0.1000
0.1000
0.1000
0.1000
0.1000
0.1000
0.1000
0.1000
0.1000
0.1000
0.1000
0.1000
0.1000
0.1000
0.1000
0.1000
0.1000
0.1000
0.1000
0.1000
0.1000
0.1000
0.1000
0.1000
0.1000
0.1000
0.1000
0.1000
0.1000
0.1000
0.1000
0.1000
0.1000
0.1000
0.1000
0.1000
0.1000
0.1000
0.1000
0.1000
0.1000
0.1000
0.1000
0.1000
0.1000
0.1000
0.1000
0.1000
0.1000
0.1000
0.1000
0.1000
0.1000
0.1000
0.1000
0.1000
0.1000
0.1000
0.1000
0.1000
0.1000
0.1000
0.1000
0.1000
0.1000
0.1000
0.1000
0.1000
0.1000
0.1000
0.1000
0.1000
0.1000
0.1000
0.1000
0.1000
0.1000
0.1000
0.1000
0.1000
0.1000
0.1000
0.1000
0.1000
0.1000
0.1000
0.1000
0.1000
0.1000
0.1000
0.1000
0.1000
0.1000
0.1000
0.1000
0.1000
0.1000
0.1000
0.1000
0.1000
0.1000
0.1000
0.1000
0.1000
0.1000
0.1000
0.1000
0.1000
0.1000
0.1000
0.1000
0.1000
0.1000
0.1000
0.1000
0.1000
0.1000
0.1000
0.1000
0.1000
0.1000
0.1000
0.1000
0.1000
0.1000
0.1000
0.1741
0.1000
0.1000
0.1000
0.1000
0.1000
0.1000
0.1000
0.1000
0.1000
0.1000
0.1000
0.1000
0.1000
0.1000
0.1000
0.1000
0.1000
0.1000
0.1000
0.1000
0.1000
0.1000
0.1000
0.1000
0.1000
0.1000
0.1000
0.1000
0.1000
0.1000
0.1000
0.1000
0.1000
0.1000
0.1000
0.1000
0.1000
0.1000
0.1000
0.1000
0.1000
0.1000
0.1000
0.1000
0.1000
0.1000
0.4951
0.9372
1.2130
1.3040
1.2033
0.9185
0.4687
0.1000
0.1000
0.1000
0.1000
0.1000
0.1000
0.1000
0.1000
0.1000
0.1000
0.1000
0.1000
0.1000
0.1000
0.1000
0.1000
0.1000
0.1000
0.1000
0.1000
0.1000
0.1000
0.1000
0.1000
0.1000
0.1000
0.1000
0.1000
0.1000
0.1000
0.1000
0.1000
0.1000
0.1000
0.1000
0.1000
0.1000
0.1000
0.1000
0.1000
0.1000
0.1000
0.8201
1.4765
1.9832
2.3043
2.4112
2.2930
1.9616
1.4464
0.7834
0.1000
0.1000
0.1000
0.1000
0.1000
0.1000
0.1000
0.1000
0.1000
0.1000
0.1000
0.1000
0.1000
0.1000
0.1000
0.1000
0.1000
0.1000
0.1000
0.1000
0.1000
0.1000
0.1000
0.1000
0.1000
0.1000
0.1000
0.1000
0.1000
0.1000
0.1000
0.1000
0.1000
0.1000
0.1000
0.1000
0.1000
0.1000
0.1000
0.1000
0.7899
1.6430
2.3848
2.9719
3.3526
3.4811
3.3390
2.9466
2.3504
1.6019
0.7442
0.1000
0.1000
0.1000
0.1000
0.1000
0.1000
0.1000
0.1000
0.1000
0.1000
0.1000
0.1000
0.1000
0.1000
0.1000
0.1000
0.1000
0.1000
0.1000
0.1000
0.1000
0.1000
0.1000
0.1000
0.1000
0.1000
0.1000
0.1000
0.1000
0.1000
0.1000
0.1000
0.1000
0.1000
0.1000
0.1000
0.1000
0.1000
0.4085
1.4108
2.3472
3.1837
3.8678
4.3265
4.4848
4.3098
3.8377
3.1443
2.3016
1.3612
0.3562
0.1000
0.1000
0.1000
0.1000
0.1000
0.1000
0.1000
0.1000
0.1000
0.1000
0.1000
0.1000
0.1000
0.1000
0.1000
0.1000
0.1000
0.1000
0.1000
0.1000
0.1000
0.1000
0.1000
0.1000
0.1000
0.1000
0.1000
0.1000
0.1000
0.1000
0.1000
0.1000
0.1000
0.1000
0.1000
0.1000
0.1000
0.8153
1.8775
2.8891
3.8185
4.6084
5.1631
5.3614
5.1425
4.5730
3.7740
2.8393
1.8245
0.7603
0.1000
0.1000
0.1000
0.1000
0.1000
0.1000
0.1000
0.1000
0.1000
0.1000
0.1000
0.1000
0.1000
0.1000
0.1000
0.1000
0.1000
0.1000
0.1000
0.1000
0.1000
0.1000
0.1000
0.1000
0.1000
0.1000
0.1000
0.1000
0.1000
0.1000
0.1000
0.1000
0.1000
0.1000
0.1000
0.1000
0.1000
1.0554
2.1568
3.2202
4.2183
5.0959
5.7418
5.9827
5.7172
5.0556
4.1698
3.1674
2.1015
0.9987
0.1000
0.1000
0.1000
0.1000
0.1000
0.1000
0.1000
0.1000
0.1000
0.1000
0.1000
0.1000
0.1000
0.1000
0.1000
0.1000
0.1000
0.1000
0.1000
0.1000
0.1000
0.1000
0.1000
0.1000
0.1000
0.1000
0.1000
0.1000
0.1000
0.1000
0.1000
0.1000
0.1000
0.1000
0.1000
0.1000
0.1000
1.1130
2.2242
3.3010
4.3177
5.2205
5.8955
6.1511
5.8695
5.1788
4.2681
3.2474
2.1684
1.0559
0.2354
0.1000
0.1000
0.1000
0.1000
0.1000
0.1000
0.1000
0.1000
0.1000
0.1000
0.1000
0.1000
0.1000
0.1000
0.1000
0.1000
0.1000
0.1000
0.1000
0.1000
0.1000
0.1000
0.1000
0.1000
0.1000
0.1000
0.1000
0.1000
0.1000
0.1000
0.1000
0.1000
0.1000
0.1000
0.1000
0.1000
0.9839
2.0733
3.1206
4.0969
4.9456
5.5601
5.7857
5.5369
4.9070
4.0497
3.0687
2.0372
1.6822
1.1358
0.4207
0.1000
0.1000
0.1000
0.1000
0.1000
0.1000
0.1000
0.1000
0.1000
0.1000
0.1000
0.1000
0.1000
0.1000
0.1000
0.1000
0.1000
0.1000
0.1000
0.1000
0.1000
0.1000
0.1000
0.1000
0.1000
0.1000
0.1000
0.1000
0.1000
0.1000
0.1000
0.1000
0.1000
0.1000
0.1000
0.6772
1.7182
2.7027
3.5977
4.3470
4.8632
5.0450
4.8443
4.3137
3.5551
3.0069
2.8496
2.4702
1.8891
1.1330
0.2300
0.1000
0.1000
0.1000
0.1000
0.1000
0.1000
0.1000
0.1000
0.1000
0.1000
0.1000
0.1000
0.1000
0.1000
0.1000
0.1000
0.1000
0.1000
0.1000
0.1000
0.1000
0.1000
0.1000
0.1000
0.1000
0.1000
0.1000
0.1000
0.1000
0.1000
0.1000
0.1000
0.1000
0.1000
0.2121
1.1880
2.0926
2.8920
3.5370
3.9632
4.1089
3.9479
3.5089
3.5670
3.6453
3.4787
3.0780
2.4670
1.6763
0.7371
0.1000
0.1000
0.1000
0.1000
0.1000
0.1000
0.1000
0.1000
0.1000
0.1000
0.1000
0.1000
0.1000
0.1000
0.1000
0.1000
0.1000
0.1000
0.1000
0.1000
0.1000
0.1000
0.1000
0.1000
0.1000
0.1000
0.1000
0.1000
0.1000
0.1000
0.1000
0.1000
0.1000
0.1000
0.1000
0.5169
1.3380
2.0456
2.5997
2.9555
3.0748
3.0951
3.6526
3.9830
4.0645
3.8912
3.4752
2.8430
2.0280
1.0639
0.1000
0.1000
0.1000
0.1000
0.1000
0.1000
0.1000
0.1000
0.1000
0.1000
0.1000
0.1000
0.1000
0.1000
0.1000
0.1000
0.1000
0.1000
0.1000
0.1000
0.1000
0.1000
0.1000
0.1000
0.1000
0.1000
0.1000
0.1000
0.1000
0.1000
0.1000
0.1000
0.1000
0.1000
0.1000
0.1000
0.4790
1.1057
1.5858
1.8880
2.4898
3.2526
3.8184
4.1543
4.2371
4.0608
3.6383
2.9970
2.1716
1.1969
0.1036
0.1000
0.1000
0.1000
0.1000
0.1000
0.1000
0.1000
0.1000
0.1000
0.1000
0.1000
0.1000
0.1000
0.1000
0.1000
0.1000
0.1000
0.1000
0.1000
0.1000
0.1000
0.1000
0.1000
0.1000
0.1000
0.1000
0.1000
0.1000
0.1000
0.1000
0.1000
0.1000
0.1000
0.1000
0.1000
0.1000
0.1030
0.5236
1.4969
2.4160
3.1737
3.7353
4.0684
4.1506
3.9758
3.5565
2.9199
2.0997
1.1303
0.1000
0.1000
0.1000
0.1000
0.1000
0.1000
0.1000
0.1000
0.1000
0.1000
0.1000
0.1428
0.1779
0.1574
0.1000
0.1000
0.1000
0.1000
0.1000
0.1000
0.1000
0.1000
0.1000
0.1000
0.1000
0.1000
0.1000
0.1000
0.1000
0.1000
0.1000
0.1000
0.1000
0.1000
0.1000
0.1000
0.1000
0.1000
0.1981
1.2263
2.1249
2.8633
3.4089
3.7317
3.8113
3.6420
3.2354
2.6162
1.8160
0.8671
0.1000
0.1000
0.1000
0.1824
0.4275
0.6143
0.7406
0.8047
0.8056
0.7433
0.8738
0.9705
1.0081
0.9861
0.9048
0.7653
0.5698
0.3209
0.1000
0.1000
0.1000
0.1000
0.1000
0.1000
0.1000
0.1000
0.1000
0.1000
0.1000
0.1000
0.1000
0.1000
0.1000
0.1000
0.1000
0.1000
0.1000
0.1000
0.1000
0.7657
1.6316
2.3395
2.8601
3.1670
3.2424
3.0818
2.6948
2.1030
1.3344
0.4183
0.1000
0.2145
0.5841
0.9000
1.1583
1.3556
1.4892
1.5570
1.5579
1.5278
1.6936
1.7977
1.8382
1.8145
1.7269
1.5771
1.3674
1.1012
0.7822
0.4148
0.1000
0.1000
0.1000
0.1000
0.1000
0.1000
0.1000
0.1000
0.1000
0.1000
0.1000
0.1000
0.1000
0.1000
0.1000
0.1000
0.1000
0.1000
0.1000
0.1335
0.9584
1.6286
2.1188
2.4065
2.4772
2.3268
1.9634
1.4051
0.6759
0.1000
0.1000
0.8700
1.2580
1.5905
1.8631
2.0717
2.2132
2.2850
2.2860
2.3325
2.5116
2.6242
2.6681
2.6424
2.5476
2.3857
2.1597
1.8737
1.5325
1.1408
0.7038
0.2263
0.1000
0.1000
0.1000
0.1000
0.1000
0.1000
0.1000
0.1000
0.1000
0.1000
0.1000
0.1000
0.1000
0.1000
0.1000
0.1000
0.1000
0.1000
0.1309
0.7601
1.2177
1.4852
1.5507
1.4111
1.0729
0.5508
0.1000
0.1000
0.1000
1.4921
1.8995
2.2496
2.5373
2.7580
2.9079
2.9841
2.9851
3.1326
3.3272
3.4499
3.4978
3.4698
3.3664
3.1903
2.9454
2.6368
2.2703
1.8516
1.3868
0.8813
0.3402
0.1000
0.1000
0.1000
0.1000
0.1000
0.1000
0.1000
0.1000
0.1000
0.1000
0.1000
0.1000
0.1000
0.1000
0.1000
0.1000
0.1000
0.1000
0.1000
0.1874
0.4351
0.4956
0.3666
0.1000
0.1000
0.1000
0.1000
0.1000
2.0758
2.5032
2.8716
3.1752
3.4088
3.5677
3.6486
3.6497
3.9269
4.1397
4.2745
4.3272
4.2963
4.1828
3.9899
3.7229
3.3881
2.9928
2.5439
2.0485
1.5127
0.9422
0.3417
0.1000
0.1000
0.1000
0.1000
0.1000
0.1000
0.1000
0.1000
0.1000
0.1000
0.1000
0.1000
0.1000
0.1000
0.1000
0.1000
0.1000
0.1000
0.1000
0.1000
0.1000
0.1000
0.1000
0.1000
0.1000
0.1000
0.1000
2.6153
3.0630
3.4503
3.7705
4.0174
4.1858
4.2716
4.4005
4.7135
4.9483
5.0976
5.1561
5.1218
4.9960
4.7829
4.4896
4.1244
3.6962
3.2136
2.6845
2.1161
1.5144
0.8845
0.2307
0.1000
0.1000
0.1000
0.1000
0.1000
0.1000
0.1000
0.1000
0.1000
0.1000
0.1000
0.1000
0.1000
0.1000
0.3167
0.4135
0.3526
0.1367
0.1000
0.1000
0.1000
0.1000
0.1000
0.1000
0.1000
0.1000
3.1044
3.5723
3.9785
4.3155
4.5761
4.7542
4.8452
5.1441
5.4899
5.7514
5.9187
5.9845
5.9460
5.8047
5.5671
5.2423
4.8415
4.3757
3.8554
3.2897
2.6864
2.0520
1.3918
0.7100
0.1000
0.1000
0.1000
0.1000
0.1000
0.1000
0.1000
0.1000
0.1000
0.1000
0.1000
0.1000
0.5284
0.9566
1.2308
1.3374
1.2704
1.0335
0.6390
0.1047
0.1000
0.1000
0.1000
0.1000
0.1000
0.1000
3.5361
4.0235
4.4481
4.8016
5.0758
5.2637
5.4059
5.8672
6.2524
6.5469
6.7370
6.8122
6.7681
6.6074
6.3390
5.9761
5.5334
5.0248
4.4627
3.8575
3.2175
2.5494
1.8585
1.1489
0.4238
0.1000
0.1000
0.1000
0.1000
0.1000
0.1000
0.1000
0.1000
0.1000
0.1000
0.6818
1.2888
1.7540
2.0540
2.1709
2.0973
1.8379
1.4086
0.8318
0.1321
0.1000
0.1000
0.1000
0.1000
0.1000
3.9033
4.4087
4.8504
5.2194
5.5066
5.7037
6.0515
6.5622
6.9953
7.3314
7.5510
7.6386
7.5872
7.4009
7.0936
6.6840
6.1919
5.6349
5.0272
4.3802
3.7024
3.0004
2.2792
1.5424
0.7931
0.1000
0.1000
0.1000
0.1000
0.1000
0.1000
0.1000
0.1000
0.1000
0.5122
1.2800
1.9291
2.4310
2.7570
2.8848
2.8043
2.5220
2.0580
1.4400
0.6969
0.1000
0.1000
0.1000
0.1000
0.1000
4.1992
4.7200
5.1767
5.5593
5.8579
6.0634
6.6508
7.2183
7.7094
8.0989
8.3583
8.4631
8.4015
8.1806
7.8225
7.3554
6.8057
6.1948
5.5386
4.8486
4.1331
3.3981
2.6479
1.8857
1.1140
0.3344
0.1000
0.1000
0.1000
0.1000
0.1000
0.1000
0.1000
0.1000
0.9313
1.7355
2.4210
2.9553
3.3050
3.4426
3.3559
3.0528
2.5578
1.9039
1.1242
0.2472
0.1000
0.1000
0.1000
0.1000
4.4174
4.9502
5.4186
5.8120
6.1197
6.5083
7.1880
7.8193
8.3802
8.8390
9.1542
9.2843
9.2077
8.9374
8.5120
7.9743
7.3589
6.6902
5.9845
5.2523
4.5010
3.7353
2.9588
2.1738
1.3821
0.5851
0.1000
0.1000
0.1000
0.1000
0.1000
0.1000
0.1000
0.2771
1.1961
2.0254
2.7362
3.2938
3.6606
3.8055
3.7142
3.3958
2.8786
2.1996
1.3946
0.4940
0.1000
0.1000
0.1000
0.1000
4.5526
5.0932
5.5692
5.9696
6.2833
6.9084
7.6429
8.3416
8.9833
9.5318
9.9283
10.0988
9.9978
9.6534
9.1381
8.5165
7.8302
7.1036
6.3508
5.5802
4.7971
4.0049
3.2060
2.4019
1.5937
0.7824
0.1000
0.1000
0.1000
0.1000
0.1000
0.1000
0.1000
0.3656
1.2934
2.1323
2.8531
3.4198
3.7934
3.9412
3.8481
3.5236
2.9977
2.3088
1.4941
0.5844
0.1000
0.1000
0.1000
0.1000
4.6015
5.1449
5.6237
6.0268
6.4133
7.2085
7.9910
8.7528
9.4787
10.1363
10.6541
10.8968
10.7510
10.2899
9.6597
8.9475
8.1931
7.4151
6.6227
5.8210
5.0129
4.2003
3.3844
2.5659
1.7455
0.9236
0.1005
0.1000
0.1000
0.1000
0.1000
0.1000
0.1000
0.2971
1.2180
2.0495
2.7625
3.3221
3.6905
3.8360
3.7443
3.4246
2.9054
2.2242
1.4170
0.5144
0.1000
0.1000
0.1000
0.1000
4.5627
5.1039
5.5804
5.9814
6.5719
7.3914
8.2065
9.0142
9.8079
10.5710
11.2492
11.6353
11.3941
10.7611
10.0120
9.2240
8.4192
7.6056
6.7871
5.9653
5.1415
4.3163
3.4899
2.6627
1.8350
1.0067
0.1780
0.1000
0.1000
0.1000
0.1000
0.1000
0.1000
0.1000
0.9740
1.7822
2.4716
3.0096
3.3619
3.5006
3.4132
3.1077
2.6093
1.9515
1.1678
0.2871
0.1000
0.1000
0.1000
0.1000
4.4373
4.9713
5.4408
5.8352
6.6176
7.4444
8.2695
9.0918
9.9086
10.7125
11.4751
11.9969
11.6550
10.9188
10.1211
9.3067
8.4855
7.6609
6.8345
6.0068
5.1784
4.3494
3.5200
2.6903
1.8604
1.0303
0.2001
0.1000
0.1000
0.1000
0.1000
0.1000
0.1000
0.1000
0.5737
1.3467
2.0008
2.5072
2.8364
2.9655
2.8842
2.5991
2.1308
1.5078
0.7596
0.1000
0.1000
0.1000
0.1000
0.1000
4.2285
4.7509
5.2091
5.7284
6.5478
7.3636
8.1735
8.9738
9.7561
10.5000
11.1441
11.4919
11.2772
10.6829
9.9562
9.1811
8.3845
7.5766
6.7621
5.9435
5.1221
4.2988
3.4740
2.6482
1.8215
0.9942
0.1664
0.1000
0.1000
0.1000
0.1000
0.1000
0.1000
0.1000
0.1000
0.7653
1.3778
1.8478
2.1511
2.2695
2.1950
1.9326
1.4988
0.9166
0.2112
0.1000
0.1000
0.1000
0.1000
0.1000
3.9413
4.4486
4.8922
5.5683
6.3666
7.1549
7.9283
8.6779
9.3866
10.0204
10.5089
10.7323
10.5986
10.1666
9.5621
8.8686
8.1276
7.3594
6.5744
5.7783
4.9748
4.1658
3.3530
2.5371
1.7189
0.8989
0.1000
0.1000
0.1000
0.1000
0.1000
0.1000
0.1000
0.1000
0.1000
0.1000
0.6313
1.0641
1.3416
1.4494
1.3816
1.1419
0.7430
0.2034
0.1000
0.1000
0.1000
0.1000
0.1000
0.1000
3.5819
4.0715
4.5360
5.3159
6.0830
6.8323
7.5558
8.2403
8.8645
9.3924
9.7691
9.9293
9.8345
9.5084
9.0141
8.4110
7.7397
7.0249
6.2815
5.5184
4.7415
3.9544
3.1598
2.3593
1.5543
0.7457
0.1000
0.1000
0.1000
0.1000
0.1000
0.1000
0.1000
0.1000
0.1000
0.1000
0.1000
0.1844
0.4376
0.5357
0.4740
0.2555
0.1000
0.1000
0.1000
0.1000
0.1000
0.1000
0.1000
0.1000
3.1573
3.6275
4.2319
4.9805
5.7100
6.4137
7.0817
7.6992
8.2446
8.6873
8.9891
9.1129
9.0400
8.7817
8.3720
7.8502
7.2492
6.5928
5.8973
5.1738
4.4297
3.6702
2.8988
2.1183
1.3306
0.5370
0.1000
0.1000
0.1000
0.1000
0.1000
0.1000
0.1000
0.1000
0.1000
0.1000
0.1000
0.1000
0.1000
0.1000
0.1000
0.1000
0.1000
0.1000
0.1000
0.1000
0.1000
0.1000
0.1000
0.1000
2.6745
3.1260
3.8588
4.5724
5.2611
5.9171
6.5300
7.0850
7.5631
7.9402
8.1902
8.2909
8.2318
8.0191
7.6727
7.2187
6.6818
6.0825
5.4366
4.7556
4.0479
3.3197
2.5754
1.8183
1.0511
0.2755
0.1000
0.1000
0.1000
0.1000
0.1000
0.1000
0.1000
0.1000
0.1000
0.1000
0.1000
0.1000
0.1000
0.1000
0.1000
0.1000
0.1000
0.1000
0.1000
0.1000
0.1000
0.1000
0.1000
0.1000
2.1405
2.7246
3.4252
4.1022
4.7494
5.3587
5.9199
6.4197
6.8419
7.1685
7.3812
7.4659
7.4162
7.2359
6.9375
6.5386
6.0575
5.5110
4.9131
4.2750
3.6052
2.9103
2.1953
1.4641
0.7198
0.1000
0.1000
0.1000
0.1000
0.1000
0.1000
0.1000
0.1000
0.1000
0.1000
0.1000
0.1000
0.1000
0.1000
0.1000
0.1000
0.1000
0.1000
0.1000
0.1000
0.1000
0.1000
0.1000
0.1000
0.1000
1.5817
2.2716
2.9392
3.5796
4.1863
4.7517
5.2661
5.7180
6.0943
6.3813
6.5661
6.6392
6.5964
6.4401
6.1788
5.8245
5.3911
4.8919
4.3389
3.7422
3.1100
2.4490
1.7645
1.0607
0.3408
0.1000
0.1000
0.1000
0.1000
0.1000
0.1000
0.1000
0.1000
0.1000
0.1000
0.1000
0.1000
0.1000
0.1000
0.1000
0.1000
0.1000
0.1000
0.1000
0.1000
0.1000
0.1000
0.1000
0.1000
0.1000
1.1136
1.7736
2.4085
3.0132
3.5816
4.1065
4.5792
4.9901
5.3285
5.5840
5.7472
5.8113
5.7738
5.6360
5.4039
5.0863
4.6934
4.2359
3.7237
3.1660
2.5701
1.9427
1.2888
0.6130
0.1000
0.1000
0.1000
0.1000
0.1000
0.1000
0.1000
0.1000
0.1000
0.1000
0.1000
0.1000
0.1000
0.1000
0.1000
0.1000
0.1000
0.1000
0.1000
0.1000
0.1000
0.1000
0.1000
0.1000
0.1000
0.1000
0.6061
1.2365
1.8395
2.4103
2.9431
3.4312
3.8672
4.2429
4.5497
4.7796
4.9256
4.9828
4.9493
4.8262
4.6177
4.3303
3.9719
3.5509
3.0756
2.5539
1.9925
1.3974
0.7737
0.1258
0.1000
0.1000
0.1000
0.1000
0.1000
0.1000
0.1000
0.1000
0.1000
0.1000
0.1000
0.1000
0.1000
0.1000
0.1000
0.1000
0.1000
0.1000
0.1000
0.1000
0.1000
0.1000
0.1000
0.1000
0.1000
0.1000
0.1000
0.6655
1.2381
1.7770
2.2770
2.7320
3.1357
3.4810
3.7613
3.9701
4.1021
4.1537
4.1235
4.0123
3.8232
3.5611
3.2321
2.8431
2.4009
1.9121
1.3828
0.8186
0.2241
0.1000
0.1000
0.1000
0.1000
0.1000
0.1000
0.1000
0.1000
0.1000
0.1000
0.1000
0.1000
0.1000
0.1000
0.1000
0.1000
0.1000
0.1000
0.1000
0.1000
0.1000
0.1000
0.1000
0.1000
0.1000
0.1000
0.1000
0.1000
0.1000
0.1000
0.1000
0.1000
0.1000
0.1000
0.1000
0.1000
0.1000
0.1000
0.1000
0.1000
0.1000
0.1000
0.1000
0.1000
0.1000
0.1000
0.1000
0.1000
0.1000
0.1000
0.1000
0.1000
0.1000
0.1000
0.1000
0.1000
0.1000
0.1000
0.1000
0.1000
0.1000
0.1000
0.1000
0.1000
0.1000
0.1000
0.1000
0.1000
0.1000
0.1000
0.1000
0.1000
0.1000
0.1000
0.1000
0.1000
0.1000
0.1000
0.1000
0.1000
0.1000
0.1000
0.1000
0.1000
0.1000
0.1000
0.1000
0.1000
0.1000
0.1000
0.1000
0.1000
0.1000
0.1000
0.1000
0.1000
0.1000
0.1000
0.1000
0.1000
0.1000
0.1000
0.1000
0.1000
0.1000
0.1000
0.1000
0.1000
0.1000
0.1000
0.1000
0.1000
0.1000
0.1000
0.1000
0.1000
0.1000
0.1000
0.1000
0.1000
0.1000
0.1000
0.1000
0.1000
0.1000
0.1000
0.1000
0.1000
0.1000
0.1000
0.1000
0.1000
0.1000
0.1000
0.1000
0.1000
0.1000
0.1000
0.1000
0.1000
0.1000
0.1000
0.1000
0.1000
0.1000
0.1000
0.1000
0.1000
0.1000
0.1000
0.1000
0.1000
0.1000
0.1000
0.1000
0.1000
0.1000
0.1000
0.1000
0.1000
0.1000
0.1000
0.1000
0.1000
0.1000
0.1000
0.1000
0.1000
0.1000
0.1000
0.1000
0.1000
0.1000
0.1000
0.1000
0.1000
0.1000
0.1000
0.1000
0.1000
0.1000
0.1000
0.1000
0.1000
0.1000
0.1000
0.1000
0.1000
0.1000
0.1000
0.1000
0.1000
0.1000
0.1000
0.1000
0.1000
0.1000
0.1000
0.1000
0.1000
0.1000
0.1000
0.1000
0.1000
0.1000
0.1000
0.1000
0.1000
0.1000
0.1000
0.1000
0.1000
0.1000
0.1000
0.1000
0.1000
0.1000
0.1000
0.1000
0.1000
0.1000
0.1000
0.1000
0.1000
0.1000
0.1000
0.1000
0.1000
0.1000
0.1000
0.1000
0.1000
0.1000
0.1000
0.1000
0.1000
0.1000
0.1000
0.1000
0.1000
0.1000
0.1000
0.1000
0.1000
0.1000
0.1000
0.1000
0.1000
0.1000
0.1000
0.1000
0.1000
0.1000
0.1000
0.1000
0.1000
0.1000
0.1000
0.1000
0.1000
0.1000
0.1000
0.1000
0.1000
0.1000
0.1000
0.1000
0.1000
0.1000
0.1000
0.1000
0.1000
0.1000
0.1000
0.1000
0.1000
0.1000
0.1000
0.1000
0.1000
0.1000
0.1000
0.1000
0.1000
0.1000
0.1000
0.1000
0.1000
0.1000
0.1000
0.1000
0.1000
0.1000
0.1000
0.1000
0.1000
0.1000
0.1000
0.1000
0.1000
0.1000
0.1000
0.1000
0.1000
0.1000
0.1000
0.1000
0.1000
0.1000
0.1000
0.1000
0.1000
0.1000
0.1000
0.1000
0.1000
0.1000
0.1000
0.1000
0.1000
0.1000
0.1000
0.1000
0.1000
0.1000
0.1000
0.1000
0.1000
0.1000
0.1000
0.1000
0.1000
0.1000
0.1000
0.1000
0.1000
0.1000
0.1000
0.1000
0.1000
0.1000
0.1000
0.1000
0.1000
0.1000
0.1000
0.1000
0.1000
0.1000
0.1000
0.1000
0.1000
0.1000
0.1000
0.1000
0.1000
0.1000
0.1000
0.1000
0.1000
0.1000
0.1000
0.1000
0.1000
0.1000
0.1000
0.1000
0.1000
0.1000
0.1000
0.1000
0.1000
0.1000
0.1000
0.1000
0.1000
0.1000
0.1000
0.1000
0.1000
0.1000
0.1000
0.1000
0.1000
0.1000
0.1000
0.1000
0.1000
0.1000
0.1000
0.1000
0.1000
0.1000
0.1000
0.1000
0.1000
0.1000
0.1000
0.1000
0.1000
0.1000
0.1000
0.1000
0.1000
0.1000
0.1000
0.1000
0.1000
0.1000
0.1000
0.1000
0.1000
0.1000
0.1000
0.1000
0.1000
0.1000
0.1000
0.1000
0.1000
0.1000
0.1000
0.1000
0.1000
0.1000
0.1000
0.1000
0.1000
0.1000
0.1000
0.1000
0.1000
0.1000
0.1000
0.1000
0.1000
0.1000
0.1000
0.1000
0.1000
0.1000
0.1000
0.1000
0.1000
0.1000
0.1000
0.1000
0.1000
0.1000
0.1000
0.1000
0.1000
0.1000
0.1000
0.1000
0.1000
0.1000
0.1000
0.1000
0.1000
0.1000
0.1000
0.1000
0.1000
0.1000
0.1000
0.1000
0.1000
0.1000
0.1000
0.1000
0.1000
0.1000
0.1000
0.1000
0.1000
0.1000
0.1000
0.1000
0.1000
0.1000
0.1000
0.1000
0.1000
0.1000
0.1000
0.1000
0.1000
0.1000
0.1000
0.1000
0.1000
0.1000
0.1000
0.1000
0.1000
0.1000
0.1000
0.1000
0.1000
0.1000
0.1000
0.1000
0.1000
0.1000
0.1000
0.1000
0.1000
0.1000
0.1000
0.1000
0.1000
0.1000
0.1000
0.1000
0.1000
0.1000
0.1000
0.1000
0.1000
0.1000
0.1000
0.1000
0.1000
0.1000
0.1000
0.1000
0.1000
0.1000
0.1000
0.1000
0.1000
0.1000
0.1000
0.1000
0.1000
0.1000
0.1000
0.1000
0.1000
0.1000
0.1000
0.1000
0.1000
0.1000
0.1000
0.1000
0.1000
0.1000
0.1000
0.1000
0.1000
0.1000
0.1000
0.1000
0.1000
0.1000
0.1000
0.1000
0.1000
0.1000
0.1000
0.1000
0.1000
0.1000
0.2500
0.3304
0.2414
0.1000
0.1000
0.1000
0.1000
0.1000
0.1000
0.1000
0.1000
0.1000
0.1000
0.1000
0.1000
0.1000
0.1000
0.1000
0.1000
0.1000
0.1000
0.1000
0.1000
0.1000
0.1000
0.1000
0.1000
0.1000
0.1000
0.1000
0.1000
0.1000
0.1000
0.1000
0.1000
0.1000
0.1000
0.1000
0.1000
0.1000
0.1000
0.1000
0.1000
0.1000
0.1000
0.1000
0.1000
0.1000
0.6578
1.1093
1.3917
1.4849
1.3818
1.0902
0.6308
0.1000
0.1000
0.1000
0.1000
0.1000
0.1000
0.1000
0.1000
0.1000
0.1000
0.1000
0.1000
0.1000
0.1000
0.1000
0.1000
0.1000
0.1000
0.1000
0.1000
0.1000
0.1000
0.1000
0.1000
0.1000
0.1000
0.1000
0.1000
0.1000
0.1000
0.1000
0.1000
0.1000
0.1000
0.1000
0.1000
0.1000
0.1000
0.1000
0.1000
0.1000
0.2023
0.9896
1.6619
2.1831
2.5147
2.6253
2.5029
2.1609
1.6310
0.9521
0.1598
0.1000
0.1000
0.1000
0.1000
0.1000
0.1000
0.1000
0.1000
0.1000
0.1000
0.1000
0.1000
0.1000
0.1000
0.1000
0.1000
0.1000
0.1000
0.1000
0.1000
0.1000
0.1000
0.1000
0.1000
0.1000
0.1000
0.1000
0.1000
0.1000
0.1000
0.1000
0.1000
0.1000
0.1000
0.1000
0.1000
0.1000
0.1000
0.1000
0.9588
1.8329
2.5980
3.2080
3.6064
3.7415
3.5921
3.1816
2.5624
1.7907
0.9121
0.1000
0.1000
0.1000
0.1000
0.1000
0.1000
0.1000
0.1000
0.1000
0.1000
0.1000
0.1000
0.1000
0.1000
0.1000
0.1000
0.1000
0.1000
0.1000
0.1000
0.1000
0.1000
0.1000
0.1000
0.1000
0.1000
0.1000
0.1000
0.1000
0.1000
0.1000
0.1000
0.1000
0.1000
0.1000
0.1000
0.1000
0.1000
0.5693
1.5944
2.5590
3.4293
4.1505
4.6413
4.8126
4.6234
4.1186
3.3881
2.5118
1.5436
0.5160
0.1000
0.1000
0.1000
0.1000
0.1000
0.1000
0.1000
0.1000
0.1000
0.1000
0.1000
0.1000
0.1000
0.1000
0.1000
0.1000
0.1000
0.1000
0.1000
0.1000
0.1000
0.1000
0.1000
0.1000
0.1000
0.1000
0.1000
0.1000
0.1000
0.1000
0.1000
0.1000
0.1000
0.1000
0.1000
0.1000
0.1000
0.9847
2.0741
3.1216
4.0982
4.9472
5.5620
5.7877
5.5387
4.9085
4.0509
3.0698
2.0196
0.9285
0.1000
0.1000
0.1000
0.1000
0.1000
0.1000
0.1000
0.1000
0.1000
0.1000
0.1000
0.1000
0.1000
0.1000
0.1000
0.1000
0.1000
0.1000
0.1000
0.1000
0.1000
0.1000
0.1000
0.1000
0.1000
0.1000
0.1000
0.1000
0.1000
0.1000
0.1000
0.1000
0.1000
0.1000
0.1000
0.1000
0.1000
1.2303
2.3622
3.4675
4.5249
5.4863
6.2342
6.5302
6.2046
5.4411
4.4729
3.4122
2.3051
1.1723
0.1000
0.1000
0.1000
0.1000
0.1000
0.1000
0.1000
0.1000
0.1000
0.1000
0.1000
0.1000
0.1000
0.1000
0.1000
0.1000
0.1000
0.1000
0.1000
0.1000
0.1000
0.1000
0.1000
0.1000
0.1000
0.1000
0.1000
0.1000
0.1000
0.1000
0.1000
0.1000
0.1000
0.1000
0.1000
0.1000
0.1335
1.2893
2.4318
3.5522
4.6319
5.6269
6.4214
6.7462
6.3894
5.5797
4.5785
3.4960
2.3742
1.3381
0.8057
0.1072
0.1000
0.1000
0.1000
0.1000
0.1000
0.1000
0.1000
0.1000
0.1000
0.1000
0.1000
0.1000
0.1000
0.1000
0.1000
0.1000
0.1000
0.1000
0.1000
0.1000
0.1000
0.1000
0.1000
0.1000
0.1000
0.1000
0.1000
0.1000
0.1000
0.1000
0.1000
0.1000
0.1000
0.1000
0.1000
1.1571
2.2760
3.3633
4.3948
5.3184
6.0183
6.2872
5.9911
5.2755
4.3443
3.3090
2.6957
2.3212
1.7470
0.9990
0.1045
0.1000
0.1000
0.1000
0.1000
0.1000
0.1000
0.1000
0.1000
0.1000
0.1000
0.1000
0.1000
0.1000
0.1000
0.1000
0.1000
0.1000
0.1000
0.1000
0.1000
0.1000
0.1000
0.1000
0.1000
0.1000
0.1000
0.1000
0.1000
0.1000
0.1000
0.1000
0.1000
0.1000
0.1000
0.8436
1.9102
2.9277
3.8645
4.6635
5.2270
5.4293
5.2061
4.6275
3.8195
3.7257
3.5578
3.1543
2.5394
1.7440
0.8002
0.1000
0.1000
0.1000
0.1000
0.1000
0.1000
0.1000
0.1000
0.1000
0.1000
0.1000
0.1000
0.1000
0.1000
0.1000
0.1000
0.1000
0.1000
0.1000
0.1000
0.1000
0.1000
0.1000
0.1000
0.1000
0.1000
0.1000
0.1000
0.1000
0.1000
0.1000
0.1000
0.1000
0.1000
0.3692
1.3661
2.2959
3.1246
3.8004
4.2521
4.4076
4.2357
3.9846
4.3260
4.4103
4.2310
3.8016
3.1509
2.3150
1.3295
0.2258
0.1000
0.1000
0.1000
0.1000
0.1000
0.1000
0.1000
0.1000
0.1000
0.1000
0.1000
0.1000
0.1000
0.1000
0.1000
0.1000
0.1000
0.1000
0.1000
0.1000
0.1000
0.1000
0.1000
0.1000
0.1000
0.1000
0.1000
0.1000
0.1000
0.1000
0.1000
0.1000
0.1000
0.1000
0.6800
1.5198
2.2474
2.8207
3.1908
3.3154
3.8199
4.4182
4.7751
4.8634
4.6757
4.2273
3.5508
2.6861
1.6716
0.5405
0.1000
0.1000
0.1000
0.1000
0.1000
0.1000
0.1000
0.1000
0.1000
0.1000
0.1000
0.1000
0.1000
0.1000
0.1000
0.1000
0.1000
0.1000
0.1000
0.1000
0.1000
0.1000
0.1000
0.1000
0.1000
0.1000
0.1000
0.1000
0.1000
0.1000
0.1000
0.1000
0.1000
0.1000
0.1000
0.6413
1.2817
1.7741
2.1983
3.1752
3.9885
4.5971
4.9609
5.0510
4.8595
4.4028
3.7151
2.8379
1.8111
0.6684
0.1000
0.1000
0.1000
0.1000
0.1000
0.1000
0.1000
0.1000
0.1000
0.1000
0.1000
0.1000
0.1000
0.1000
0.1000
0.1000
0.1000
0.1000
0.1000
0.1000
0.1000
0.1000
0.1000
0.1000
0.1000
0.1000
0.1000
0.1000
0.1000
0.1000
0.1000
0.1000
0.1000
0.1000
0.1000
0.1000
0.2580
1.0281
2.1263
3.0968
3.9040
4.5073
4.8677
4.9569
4.7673
4.3148
3.6328
2.7618
1.7412
0.6044
0.1000
0.1000
0.1000
0.1000
0.1000
0.2146
0.2763
0.2771
0.2172
0.1000
0.1171
0.1521
0.1316
0.1000
0.1000
0.1000
0.1000
0.1000
0.1000
0.1000
0.1000
0.1000
0.1000
0.1000
0.1000
0.1000
0.1000
0.1000
0.1000
0.1000
0.1000
0.1000
0.1000
0.1000
0.1000
0.1000
0.1000
0.7669
1.8419
2.7885
3.5725
4.1561
4.5035
4.5893
4.4068
3.9701
3.3094
2.4623
1.4655
0.3511
0.1000
0.1239
0.4294
0.6789
0.8692
0.9979
1.0632
1.0641
1.0007
0.8738
0.9429
0.9805
0.9585
0.8774
0.7383
0.5432
0.2948
0.1000
0.1000
0.1000
0.1000
0.1000
0.1000
0.1000
0.1000
0.1000
0.1000
0.1000
0.1000
0.1000
0.1000
0.1000
0.1000
0.1000
0.1000
0.1000
0.1000
0.3213
1.3594
2.2679
3.0157
3.5690
3.8968
3.9776
3.8056
3.3930
2.7653
1.9554
0.9965
0.1000
0.4620
0.8384
1.1604
1.4239
1.6253
1.7617
1.8310
1.8320
1.7647
1.6642
1.7680
1.8084
1.7848
1.6975
1.5480
1.3389
1.0733
0.7551
0.3885
0.1000
0.1000
0.1000
0.1000
0.1000
0.1000
0.1000
0.1000
0.1000
0.1000
0.1000
0.1000
0.1000
0.1000
0.1000
0.1000
0.1000
0.1000
0.1000
0.6996
1.5610
2.2648
2.7820
3.0868
3.1617
3.0022
2.6178
2.0297
1.2655
0.3539
0.1000
1.1298
1.5257
1.8653
2.1440
2.3575
2.5023
2.5759
2.5769
2.5054
2.4798
2.5921
2.6359
2.6102
2.5158
2.3543
2.1290
1.8439
1.5035
1.1129
0.6769
0.2004
0.1000
0.1000
0.1000
0.1000
0.1000
0.1000
0.1000
0.1000
0.1000
0.1000
0.1000
0.1000
0.1000
0.1000
0.1000
0.1000
0.1000
0.1000
0.6969
1.3536
1.8329
2.1139
2.1828
2.0360
1.6811
1.1348
0.4197
0.1000
0.1000
1.7647
2.1812
2.5396
2.8345
3.0610
3.2150
3.2933
3.2944
3.2183
3.2926
3.4149
3.4626
3.4347
3.3317
3.1563
2.9123
2.6047
2.2392
1.8218
1.3583
0.8540
0.3141
0.1000
0.1000
0.1000
0.1000
0.1000
0.1000
0.1000
0.1000
0.1000
0.1000
0.1000
0.1000
0.1000
0.1000
0.1000
0.1000
0.1000
0.1000
0.3133
0.7558
1.0140
1.0772
0.9425
0.6159
0.1105
0.1000
0.1000
0.1000
2.3616
2.7995
3.1777
3.4899
3.7303
3.8941
3.9775
3.9787
3.8976
4.1019
4.2360
4.2884
4.2577
4.1447
3.9527
3.6868
3.3533
2.9594
2.5121
2.0181
1.4838
0.9147
0.3156
0.1000
0.1000
0.1000
0.1000
0.1000
0.1000
0.1000
0.1000
0.1000
0.1000
0.1000
0.1000
0.1000
0.1000
0.1000
0.1000
0.1000
0.1000
0.1000
0.1000
0.1000
0.1000
0.1000
0.1000
0.1000
0.1000
0.1000
2.9146
3.3745
3.7731
4.1033
4.3585
4.5326
4.6215
4.6228
4.6729
4.9064
5.0549
5.1131
5.0790
4.9538
4.7419
4.4501
4.0866
3.6602
3.1794
2.6522
2.0855
1.4855
0.8571
0.2048
0.1000
0.1000
0.1000
0.1000
0.1000
0.1000
0.1000
0.1000
0.1000
0.1000
0.1000
0.1000
0.1000
0.4550
0.7152
0.8161
0.7526
0.5280
0.1527
0.1000
0.1000
0.1000
0.1000
0.1000
0.1000
0.1000
3.4170
3.8988
4.3182
4.6669
4.9373
5.1223
5.2169
5.2183
5.4449
5.7047
5.8708
5.9361
5.8978
5.7576
5.5215
5.1988
4.8002
4.3367
3.8187
3.2552
2.6541
2.0216
1.3632
0.6831
0.1000
0.1000
0.1000
0.1000
0.1000
0.1000
0.1000
0.1000
0.1000
0.1000
0.1000
0.3498
0.9358
1.3830
1.6704
1.7823
1.7119
1.4635
1.0511
0.4948
0.1000
0.1000
0.1000
0.1000
0.1000
0.1000
3.8615
4.3647
4.8044
5.1716
5.4572
5.6532
5.7536
5.8196
6.2020
6.4940
6.6824
6.7569
6.7132
6.5539
6.2879
5.9278
5.4880
4.9825
4.4233
3.8208
3.1833
2.5175
1.8287
1.1209
0.3975
0.1000
0.1000
0.1000
0.1000
0.1000
0.1000
0.1000
0.1000
0.1000
0.3418
1.0957
1.7312
2.2211
2.5386
2.6628
2.5846
2.3098
1.8571
1.2525
0.5233
0.1000
0.1000
0.1000
0.1000
0.1000
4.2405
4.7635
5.2224
5.6070
5.9073
6.1140
6.2201
6.5092
6.9382
7.2706
7.4876
7.5741
7.5234
7.3394
7.0355
6.6299
6.1420
5.5889
4.9849
4.3412
3.6664
2.9670
2.2481
1.5135
0.7660
0.1000
0.1000
0.1000
0.1000
0.1000
0.1000
0.1000
0.1000
0.1000
0.9189
1.7220
2.4064
2.9397
3.2886
3.4258
3.3393
3.0369
2.5429
1.8901
1.1116
0.2356
0.1000
0.1000
0.1000
0.1000
4.5466
5.0868
5.5624
5.9625
6.2759
6.4923
6.6035
7.1589
7.6441
8.0279
8.2830
8.3859
8.3255
8.1083
7.7556
7.2944
6.7505
6.1448
5.4932
4.8073
4.0953
3.3633
2.6157
1.8558
1.0861
0.3083
0.1000
0.1000
0.1000
0.1000
0.1000
0.1000
0.1000
0.4229
1.3565
2.2017
2.9290
3.5018
3.8801
4.0298
3.9355
3.6069
3.0751
2.3796
1.5585
0.6429
0.1000
0.1000
0.1000
0.1000
4.7726
5.3263
5.8152
6.2277
6.5517
6.7759
7.1289
7.7524
8.3046
8.7543
9.0618
9.1883
9.1138
8.8504
8.4339
7.9052
7.2979
6.6361
5.9361
5.2087
4.4614
3.6992
2.9255
2.1430
1.3535
0.5584
0.1000
0.1000
0.1000
0.1000
0.1000
0.1000
0.1000
0.6741
1.6339
2.5083
3.2662
3.8680
4.2683
4.4275
4.3271
3.9789
3.4192
2.6932
1.8424
0.8998
0.1000
0.1000
0.1000
0.1000
4.9129
5.4753
5.9729
6.3935
6.7245
6.9539
7.5784
8.2666
8.8952
9.4283
9.8099
9.9726
9.8763
9.5457
9.0461
8.4383
7.7632
7.0454
6.2995
5.5345
4.7560
3.9676
3.1719
2.3705
1.5646
0.7553
0.1000
0.1000
0.1000
0.1000
0.1000
0.1000
0.1000
0.7662
1.7361
2.6217
3.3917
4.0050
4.4143
4.5774
4.4745
4.1183
3.5475
2.8094
1.9471
0.9942
0.1000
0.1000
0.1000
0.1000
4.9636
5.5293
6.0300
6.4537
6.7874
7.1492
7.9216
8.6699
9.3769
10.0082
10.4938
10.7155
10.5829
10.1537
9.5517
8.8602
8.1206
7.3534
6.5692
5.7738
4.9707
4.1622
3.3496
2.5340
1.7160
0.8962
0.1000
0.1000
0.1000
0.1000
0.1000
0.1000
0.1000
0.6948
1.6570
2.5338
3.2945
3.8987
4.3011
4.4612
4.3602
4.0102
3.4481
2.7194
1.8660
0.9211
0.1000
0.1000
0.1000
0.1000
4.9234
5.4864
5.9847
6.4059
6.7375
7.3300
8.1338
8.9253
9.6944
10.4169
11.0260
11.3400
11.1480
10.5922
9.8899
9.1298
8.3428
7.5416
6.7320
5.9171
5.0986
4.2776
3.4547
2.6305
1.8052
0.9791
0.1522
0.1000
0.1000
0.1000
0.1000
0.1000
0.1000
0.4635
1.4012
2.2510
2.9831
3.5603
3.9419
4.0931
3.9978
3.6663
3.1302
2.4300
1.6043
0.6844
0.1000
0.1000
0.1000
0.1000
4.7933
5.3482
5.8384
6.2521
6.5771
7.3824
8.1958
9.0010
9.7910
10.5477
11.2142
11.5865
11.3549
10.7354
9.9938
9.2101
8.4079
7.5962
6.7790
5.9583
5.1352
4.3106
3.4847
2.6580
1.8306
1.0026
0.1743
0.1000
0.1000
0.1000
0.1000
0.1000
0.1000
0.1000
0.9830
1.7920
2.4823
3.0210
3.3738
3.5128
3.4252
3.1193
2.6201
1.9615
1.1770
0.2955
0.1000
0.1000
0.1000
0.1000
4.5769
5.1189
5.5962
5.9980
6.4949
7.3025
8.1014
8.8859
9.6446
10.3509
10.9352
11.2278
11.0499
10.5205
9.8366
9.0880
8.3088
7.5129
6.7073
5.8954
5.0793
4.2602
3.4389
2.6160
1.7918
0.9666
0.1406
0.1000
0.1000
0.1000
0.1000
0.1000
0.1000
0.1000
0.4225
1.1829
1.8248
2.3203
2.6417
2.7676
2.6883
2.4101
1.9521
1.3412
0.6055
0.1000
0.1000
0.1000
0.1000
0.1000
4.2798
4.8049
5.2658
5.6524
6.3152
7.0961
7.8599
8.5965
9.2877
9.8979
10.3591
10.5659
10.4426
10.0370
9.4575
8.7832
8.0562
7.2984
6.5212
5.7314
4.9328
4.1279
3.3183
2.5052
1.6894
0.8715
0.1000
0.1000
0.1000
0.1000
0.1000
0.1000
0.1000
0.1000
0.1000
0.4508
1.0430
1.4956
1.7867
1.9000
1.8287
1.5771
1.1597
0.5974
0.1000
0.1000
0.1000
0.1000
0.1000
0.1000
3.9088
4.4144
4.8564
5.2719
6.0339
6.7768
7.4923
8.1671
8.7791
9.2933
9.6572
9.8108
9.7200
9.4057
8.9252
8.3347
7.6739
6.9675
6.2308
5.4732
4.7007
3.9174
3.1259
2.3281
1.5253
0.7187
0.1000
0.1000
0.1000
0.1000
0.1000
0.1000
0.1000
0.1000
0.1000
0.1000
0.1651
0.5777
0.8412
0.9433
0.8791
0.6516
0.2718
0.1000
0.1000
0.1000
0.1000
0.1000
0.1000
0.1000
3.4714
3.9558
4.3775
4.9384
5.6635
6.3620
7.0237
7.6339
8.1712
8.6057
8.9009
9.0216
8.9505
8.6982
8.2965
7.7829
7.1894
6.5395
5.8495
5.1307
4.3905
3.6343
2.8658
2.0878
1.3021
0.5104
0.1000
0.1000
0.1000
0.1000
0.1000
0.1000
0.1000
0.1000
0.1000
0.1000
0.1000
0.1000
0.1000
0.1000
0.1000
0.1000
0.1000
0.1000
0.1000
0.1000
0.1000
0.1000
0.1000
0.1000
2.9754
3.4378
3.8388
4.5325
5.2174
5.8692
6.4772
7.0270
7.4996
7.8716
8.1178
8.2168
8.1586
7.9493
7.6078
7.1592
6.6277
6.0334
5.3919
4.7148
4.0105
3.2852
2.5434
1.7886
1.0233
0.2495
0.1000
0.1000
0.1000
0.1000
0.1000
0.1000
0.1000
0.1000
0.1000
0.1000
0.1000
0.1000
0.1000
0.1000
0.1000
0.1000
0.1000
0.1000
0.1000
0.1000
0.1000
0.1000
0.1000
0.1000
2.4279
2.8683
3.3903
4.0645
4.7085
5.3145
5.8720
6.3679
6.7863
7.1095
7.3199
7.4036
7.3545
7.1763
6.8810
6.4858
6.0085
5.4658
4.8715
4.2365
3.5696
2.8772
2.1645
1.4353
0.6928
0.1000
0.1000
0.1000
0.1000
0.1000
0.1000
0.1000
0.1000
0.1000
0.1000
0.1000
0.1000
0.1000
0.1000
0.1000
0.1000
0.1000
0.1000
0.1000
0.1000
0.1000
0.1000
0.1000
0.1000
0.1000
1.8357
2.2546
2.9061
3.5440
4.1482
4.7109
5.2224
5.6715
6.0451
6.3298
6.5131
6.5855
6.5430
6.3882
6.1289
5.7773
5.3467
4.8504
4.3001
3.7060
3.0762
2.4174
1.7349
1.0329
0.3147
0.1000
0.1000
0.1000
0.1000
0.1000
0.1000
0.1000
0.1000
0.1000
0.1000
0.1000
0.1000
0.1000
0.1000
0.1000
0.1000
0.1000
0.1000
0.1000
0.1000
0.1000
0.1000
0.1000
0.1000
0.1000
1.2049
1.7440
2.3770
2.9797
3.5461
4.0688
4.5393
4.9480
5.2845
5.5383
5.7004
5.7642
5.7268
5.5900
5.3594
5.0436
4.6529
4.1975
3.6876
3.1320
2.5382
1.9126
1.2605
0.5862
0.1000
0.1000
0.1000
0.1000
0.1000
0.1000
0.1000
0.1000
0.1000
0.1000
0.1000
0.1000
0.1000
0.1000
0.1000
0.1000
0.1000
0.1000
0.1000
0.1000
0.1000
0.1000
0.1000
0.1000
0.1000
0.1000
0.5794
1.2083
1.8097
2.3788
2.9099
3.3963
3.8305
4.2045
4.5099
4.7386
4.8838
4.9407
4.9074
4.7850
4.5776
4.2916
3.9347
3.5155
3.0420
2.5220
1.9623
1.3688
0.7466
0.1001
0.1000
0.1000
0.1000
0.1000
0.1000
0.1000
0.1000
0.1000
0.1000
0.1000
0.1000
0.1000
0.1000
0.1000
0.1000
0.1000
0.1000
0.1000
0.1000
0.1000
0.1000
0.1000
0.1000
0.1000
0.1000
0.1000
0.1000
0.6386
1.2099
1.7474
2.2459
2.6995
3.1018
3.4459
3.7251
3.9330
4.0644
4.1158
4.0857
3.9750
3.7867
3.5256
3.1979
2.8102
2.3695
1.8821
1.3543
0.7914
0.1982
0.1000
0.1000
0.1000
0.1000
0.1000
0.1000
0.1000
0.1000
0.1000
0.1000
0.1000
0.1000
0.1000
0.1000
0.1000
0.1000
0.1000
0.1000
0.1000
0.1000
0.1000
0.1000
0.1000
0.1000
0.1000
0.1000
0.1000
0.1000
0.1000
0.1000
0.1000
0.1000
0.1000
0.1000
0.1000
0.1000
0.1000
0.1000
0.1000
0.1000
0.1000
0.1000
0.1000
0.1000
0.1000
0.1000
0.1000
0.1000
0.1000
0.1000
0.1000
0.1000
0.1000
0.1000
0.1000
0.1000
0.1000
0.1000
0.1000
0.1000
0.1000
0.1000
0.1000
0.1000
0.1000
0.1000
0.1000
0.1000
0.1000
0.1000
0.1000
0.1000
0.1000
0.1000
0.1000
0.1000
0.1000
0.1000
0.1000
0.1000
0.1000
0.1000
0.1000
0.1000
0.1000
0.1000
0.1000
0.1000
0.1000
0.1000
0.1000
0.1000
0.1000
0.1000
0.1000
0.1000
0.1000
0.1000
0.1000
0.1000
0.1000
0.1000
0.1000
0.1000
0.1000
0.1000
0.1000
0.1000
0.1000
0.1000
0.1000
0.1000
0.1000
0.1000
0.1000
0.1000
0.1000
0.1000
0.1000
0.1000
0.1000
0.1000
0.1000
0.1000
0.1000
0.1000
0.1000
0.1000
0.1000
0.1000
0.1000
0.1000
0.1000
0.1000
0.1000
0.1000
0.1000
0.1000
0.1000
0.1000
0.1000
0.1000
0.1000
0.1000
0.1000
0.1000
0.1000
0.1000
0.1000
0.1000
0.1000
0.1000
0.1000
0.1000
0.1000
0.1000
0.1000
0.1000
0.1000
0.1000
0.1000
0.1000
0.1000
0.1000
0.1000
0.1000
0.1000
0.1000
0.1000
0.1000
0.1000
0.1000
0.1000
0.1000
0.1000
0.1000
0.1000
0.1000
0.1000
0.1000
0.1000
0.1000
0.1000
0.1000
0.1000
0.1000
0.1000
0.1000
0.1000
0.1000
0.1000
0.1000
0.1000
0.1000
0.1000
0.1000
0.1000
0.1000
0.1000
0.1000
0.1000
0.1000
0.1000
0.1000
0.1000
0.1000
0.1000
0.1000
0.1000
0.1000
0.1000
0.1000
0.1000
0.1000
0.1000
0.1000
0.1000
0.1000
0.1000
0.1000
0.1000
0.1000
0.1000
0.1000
0.1000
0.1000
0.1000
0.1000
0.1000
0.1000
0.1000
0.1000
0.1000
0.1000
0.1000
0.1000
0.1000
0.1000
0.1000
0.1000
0.1000
0.1000
0.1000
0.1000
0.1000
0.1000
0.1000
0.1000
0.1000
0.1000
0.1000
0.1000
0.1000
0.1000
0.1000
0.1000
0.1000
0.1000
0.1000
0.1000
0.1000
0.1000
0.1000
0.1000
0.1000
0.1000
0.1000
0.1000
0.1000
0.1000
0.1000
0.1000
0.1000
0.1000
0.1000
0.1000
0.1000
0.1000
0.1000
0.1000
0.1000
0.1000
0.1000
0.1000
0.1000
0.1000
0.1000
0.1000
0.1000
0.1000
0.1000
0.1000
0.1000
0.1000
0.1000
0.1000
0.1000
0.1000
0.1000
0.1000
0.1000
0.1000
0.1000
0.1000
0.1000
0.1000
0.1000
0.1000
0.1000
0.1000
0.1000
0.1000
0.1000
0.1000
0.1000
0.1000
0.1000
0.1000
0.1000
0.1000
0.1000
0.1000
0.1000
0.1000
0.1000
0.1000
0.1000
0.1000
0.1000
0.1000
0.1000
0.1000
0.1000
0.1000
0.1000
0.1000
0.1000
0.1000
0.1000
0.1000
0.1000
0.1000
0.1000
0.1000
0.1000
0.1000
0.1000
0.1000
0.1000
0.1000
0.1000
0.1000
0.1000
0.1000
0.1000
0.1000
0.1000
0.1000
0.1000
0.1000
0.1000
0.1000
0.1000
0.1000
0.1000
0.1000
0.1000
0.1000
0.1000
0.1000
0.1000
0.1000
0.1000
0.1000
0.1000
0.1000
0.1000
0.1000
0.1000
0.1000
0.1000
0.1000
0.1000
0.1000
0.1000
0.1000
0.1000
0.1000
0.1000
0.1000
0.1000
0.1000
0.1000
0.1000
0.1000
0.1000
0.1000
0.1000
0.1000
0.1000
0.1000
0.1000
0.1000
0.1000
0.1000
0.1000
0.1000
0.1000
0.1000
0.1000
0.1000
0.1000
0.1000
0.1000
0.1000
0.1000
0.1000
0.1000
0.1000
0.1000
0.1000
0.1000
0.1000
0.1000
0.1000
0.1000
0.1000
0.1000
0.1000
0.1000
0.1000
0.1000
0.1000
0.1000
0.1000
0.1000
0.1000
0.1000
0.1000
0.1000
0.1000
0.1000
0.1000
0.1000
0.1000
0.1000
0.1000
0.1000
0.1000
0.1000
0.1000
0.1000
0.1000
0.1000
0.1000
0.1000
0.1000
0.1000
0.1000
0.1000
0.1000
0.1000
0.1000
0.1000
0.1000
0.1000
0.1000
0.1000
0.1000
0.1000
0.1000
0.1000
0.1000
0.1000
0.1000
0.1000
0.1000
0.1000
0.1000
0.1000
0.1000
0.1000
0.1000
0.1000
0.1000
0.1000
0.1000
0.1000
0.1000
0.1000
0.1000
0.1000
0.1000
0.1000
0.1000
0.1000
0.1000
0.1000
0.1000
0.1000
0.1000
0.1000
0.1000
0.1000
0.1000
0.1000
0.1000
0.1000
0.1000
0.1000
0.1000
0.1000
0.1000
0.1000
0.1000
0.1000
0.1000
0.1000
0.1000
0.1000
0.1000
0.1000
0.1000
0.1000
0.1000
0.1000
0.1000
0.1000
0.1000
0.1000
0.1000
0.1000
0.1000
0.1000
0.1000
0.1000
0.1000
0.1000
0.1000
0.1000
0.1000
0.1000
0.1000
0.1000
0.1000
0.1000
0.1000
0.1000
0.1000
0.1000
0.1000
0.1000
0.1000
0.1000
0.1000
0.1000
0.1000
0.1000
0.1000
0.1000
0.1000
0.1000
0.1000
0.1000
0.1160
0.3645
0.4460
0.3558
0.1000
0.1000
0.1000
0.1000
0.1000
0.1000
0.1000
0.1000
0.1000
0.1000
0.1000
0.1000
0.1000
0.1000
0.1000
0.1000
0.1000
0.1000
0.1000
0.1000
0.1000
0.1000
0.1000
0.1000
0.1000
0.1000
0.1000
0.1000
0.1000
0.1000
0.1000
0.1000
0.1000
0.1000
0.1000
0.1000
0.1000
0.1000
0.1000
0.1000
0.1000
0.1000
0.1000
0.1000
0.1757
0.7782
1.2370
1.5245
1.6195
1.5144
1.2176
0.7507
0.1417
0.1000
0.1000
0.1000
0.1000
0.1000
0.1000
0.1000
0.1000
0.1000
0.1000
0.1000
0.1000
0.1000
0.1000
0.1000
0.1000
0.1000
0.1000
0.1000
0.1000
0.1000
0.1000
0.1000
0.1000
0.1000
0.1000
0.1000
0.1000
0.1000
0.1000
0.1000
0.1000
0.1000
0.1000
0.1000
0.1000
0.1000
0.1000
0.1000
0.1000
0.3161
1.1153
1.7999
2.3325
2.6723
2.7859
2.6603
2.3097
1.7684
1.0772
0.2730
0.1000
0.1000
0.1000
0.1000
0.1000
0.1000
0.1000
0.1000
0.1000
0.1000
0.1000
0.1000
0.1000
0.1000
0.1000
0.1000
0.1000
0.1000
0.1000
0.1000
0.1000
0.1000
0.1000
0.1000
0.1000
0.1000
0.1000
0.1000
0.1000
0.1000
0.1000
0.1000
0.1000
0.1000
0.1000
0.1000
0.1000
0.1000
0.1199
1.0840
1.9744
2.7578
3.3863
3.7993
3.9400
3.7845
3.3590
2.7213
1.9314
1.0365
0.1000
0.1000
0.1000
0.1000
0.1000
0.1000
0.1000
0.1000
0.1000
0.1000
0.1000
0.1000
0.1000
0.1000
0.1000
0.1000
0.1000
0.1000
0.1000
0.1000
0.1000
0.1000
0.1000
0.1000
0.1000
0.1000
0.1000
0.1000
0.1000
0.1000
0.1000
0.1000
0.1000
0.1000
0.1000
0.1000
0.1000
0.1000
0.6884
1.7311
2.7178
3.6154
4.3678
4.8869
5.0699
4.8678
4.3343
3.5727
2.6694
1.6792
0.6343
0.1000
0.1000
0.1000
0.1000
0.1000
0.1000
0.1000
0.1000
0.1000
0.1000
0.1000
0.1000
0.1000
0.1000
0.1000
0.1000
0.1000
0.1000
0.1000
0.1000
0.1000
0.1000
0.1000
0.1000
0.1000
0.1000
0.1000
0.1000
0.1000
0.1000
0.1000
0.1000
0.1000
0.1000
0.1000
0.1000
0.1000
1.1103
2.2210
3.2971
4.3129
5.2145
5.8880
6.1428
5.8621
5.1728
4.2634
3.2436
2.1652
1.0532
0.1000
0.1000
0.1000
0.1000
0.1000
0.1000
0.1000
0.1000
0.1000
0.1000
0.1000
0.1000
0.1000
0.1000
0.1000
0.1000
0.1000
0.1000
0.1000
0.1000
0.1000
0.1000
0.1000
0.1000
0.1000
0.1000
0.1000
0.1000
0.1000
0.1000
0.1000
0.1000
0.1000
0.1000
0.1000
0.1000
0.1947
1.3602
2.5159
3.6551
4.7631
5.8036
6.6675
7.0410
6.6316
5.7535
4.7080
3.5977
2.4574
1.3011
0.2474
0.1000
0.1000
0.1000
0.1000
0.1000
0.1000
0.1000
0.1000
0.1000
0.1000
0.1000
0.1000
0.1000
0.1000
0.1000
0.1000
0.1000
0.1000
0.1000
0.1000
0.1000
0.1000
0.1000
0.1000
0.1000
0.1000
0.1000
0.1000
0.1000
0.1000
0.1000
0.1000
0.1000
0.1000
0.1000
0.2463
1.4202
2.5873
3.7430
4.8768
5.9608
6.9004
7.3382
6.8598
5.9078
4.8200
3.6847
2.5282
1.9057
1.3499
0.6236
0.1000
0.1000
0.1000
0.1000
0.1000
0.1000
0.1000
0.1000
0.1000
0.1000
0.1000
0.1000
0.1000
0.1000
0.1000
0.1000
0.1000
0.1000
0.1000
0.1000
0.1000
0.1000
0.1000
0.1000
0.1000
0.1000
0.1000
0.1000
0.1000
0.1000
0.1000
0.1000
0.1000
0.1000
0.1303
1.2857
2.4276
3.5470
4.6253
5.6182
6.4096
6.7324
6.3777
5.5711
4.5720
3.4977
3.3333
2.9378
2.3340
1.5514
0.6208
0.1000
0.1000
0.1000
0.1000
0.1000
0.1000
0.1000
0.1000
0.1000
0.1000
0.1000
0.1000
0.1000
0.1000
0.1000
0.1000
0.1000
0.1000
0.1000
0.1000
0.1000
0.1000
0.1000
0.1000
0.1000
0.1000
0.1000
0.1000
0.1000
0.1000
0.1000
0.1000
0.1000
0.1000
0.9669
2.0534
3.0970
4.0683
4.9105
5.5181
5.7404
5.4952
4.8722
4.3451
4.4296
4.2499
3.8197
3.1680
2.3308
1.3441
0.2394
0.1000
0.1000
0.1000
0.1000
0.1000
0.1000
0.1000
0.1000
0.1000
0.1000
0.1000
0.1000
0.1000
0.1000
0.1000
0.1000
0.1000
0.1000
0.1000
0.1000
0.1000
0.1000
0.1000
0.1000
0.1000
0.1000
0.1000
0.1000
0.1000
0.1000
0.1000
0.1000
0.1000
0.4853
1.4984
2.4480
3.3002
4.0014
4.4747
4.6389
4.4575
4.7074
5.0756
5.1668
4.9729
4.5109
3.8162
2.9312
1.8967
0.7468
0.1000
0.1000
0.1000
0.1000
0.1000
0.1000
0.1000
0.1000
0.1000
0.1000
0.1000
0.1000
0.1000
0.1000
0.1000
0.1000
0.1000
0.1000
0.1000
0.1000
0.1000
0.1000
0.1000
0.1000
0.1000
0.1000
0.1000
0.1000
0.1000
0.1000
0.1000
0.1000
0.1000
0.1000
0.8007
1.6550
2.3984
2.9869
3.3686
3.6757
4.5306
5.1753
5.5631
5.6595
5.4548
4.9689
4.2425
3.3231
2.2549
1.0738
0.1000
0.1000
0.1000
0.1000
0.1000
0.1000
0.1000
0.1000
0.1000
0.1000
0.1000
0.1000
0.1000
0.1000
0.1000
0.1000
0.1000
0.1000
0.1000
0.1000
0.1000
0.1000
0.1000
0.1000
0.1000
0.1000
0.1000
0.1000
0.1000
0.1000
0.1000
0.1000
0.1000
0.1000
0.1000
0.7615
1.4125
1.9144
2.8083
3.8419
4.7116
5.3693
5.7660
5.8647
5.6551
5.1586
4.4182
3.4839
2.4012
1.2069
0.1000
0.1000
0.1000
0.1000
0.1000
0.1000
0.1000
0.1000
0.1000
0.1000
0.1000
0.1000
0.1000
0.1000
0.1000
0.1000
0.1000
0.1000
0.1000
0.1000
0.1000
0.1000
0.1000
0.1000
0.1000
0.1000
0.1000
0.1000
0.1000
0.1000
0.1000
0.1000
0.1000
0.1000
0.1000
0.1000
0.3726
1.5819
2.7324
3.7586
4.6208
5.2719
5.6641
5.7616
5.5545
5.0634
4.3301
3.4033
2.3279
1.1403
0.1000
0.1000
0.1000
0.1399
0.3229
0.4466
0.5093
0.5102
0.4493
0.3273
0.1460
0.1124
0.1000
0.1000
0.1000
0.1000
0.1000
0.1000
0.1000
0.1000
0.1000
0.1000
0.1000
0.1000
0.1000
0.1000
0.1000
0.1000
0.1000
0.1000
0.1000
0.1000
0.1000
0.1000
0.1000
0.1000
0.1000
1.3094
2.4336
3.4315
4.2656
4.8921
5.2678
5.3609
5.1630
4.6918
3.9849
3.0866
2.0389
0.8768
0.1000
0.3544
0.6650
0.9189
1.1126
1.2437
1.3102
1.3112
1.2465
1.1173
0.9253
0.9379
0.9160
0.8352
0.6966
0.5022
0.2546
0.1000
0.1000
0.1000
0.1000
0.1000
0.1000
0.1000
0.1000
0.1000
0.1000
0.1000
0.1000
0.1000
0.1000
0.1000
0.1000
0.1000
0.1000
0.1000
0.1000
0.8460
1.9279
2.8816
3.6724
4.2619
4.6131
4.6999
4.5153
4.0739
3.4070
2.5528
1.5489
0.4278
0.6982
1.0813
1.4092
1.6779
1.8835
2.0227
2.0934
2.0944
2.0257
1.8884
1.7223
1.7626
1.7391
1.6521
1.5032
1.2949
1.0304
0.7134
0.3479
0.1000
0.1000
0.1000
0.1000
0.1000
0.1000
0.1000
0.1000
0.1000
0.1000
0.1000
0.1000
0.1000
0.1000
0.1000
0.1000
0.1000
0.1000
0.2102
1.2394
2.1390
2.8783
3.4246
3.7479
3.8276
3.6581
3.2509
2.6309
1.8297
0.8798
0.1000
1.3781
1.7818
2.1285
2.4133
2.6317
2.7799
2.8553
2.8563
2.7831
2.6369
2.5427
2.5862
2.5607
2.4667
2.3060
2.0818
1.7979
1.4589
1.0698
0.6354
0.1605
0.1000
0.1000
0.1000
0.1000
0.1000
0.1000
0.1000
0.1000
0.1000
0.1000
0.1000
0.1000
0.1000
0.1000
0.1000
0.1000
0.1000
0.3952
1.2365
1.9219
2.4241
2.7195
2.7920
2.6375
2.2648
1.6932
0.9482
0.1000
0.1000
2.0258
2.4513
2.8181
3.1203
3.3527
3.5108
3.5912
3.5924
3.5142
3.3583
3.3610
3.4085
3.3807
3.2784
3.1039
2.8612
2.5552
2.1915
1.7759
1.3143
0.8119
0.2738
0.1000
0.1000
0.1000
0.1000
0.1000
0.1000
0.1000
0.1000
0.1000
0.1000
0.1000
0.1000
0.1000
0.1000
0.1000
0.1000
0.1000
0.2049
0.8376
1.2979
1.5671
1.6331
1.4926
1.1523
0.6270
0.1000
0.1000
0.1000
2.6359
3.0845
3.4725
3.7934
4.0408
4.2096
4.2956
4.2968
4.2132
4.0468
4.1769
4.2290
4.1985
4.0863
3.8955
3.6313
3.2999
2.9081
2.4630
1.9714
1.4393
0.8723
0.2753
0.1000
0.1000
0.1000
0.1000
0.1000
0.1000
0.1000
0.1000
0.1000
0.1000
0.1000
0.1000
0.1000
0.1000
0.1000
0.1000
0.1265
0.1000
0.1000
0.3215
0.3816
0.2536
0.1000
0.1000
0.1000
0.1000
0.1000
3.2025
3.6747
4.0849
4.4255
4.6891
4.8693
4.9614
4.9627
4.8732
4.8422
4.9894
5.0471
5.0133
4.8892
4.6790
4.3895
4.0285
3.6049
3.1269
2.6025
2.0385
1.4410
0.8150
0.1649
0.1000
0.1000
0.1000
0.1000
0.1000
0.1000
0.1000
0.1000
0.1000
0.1000
0.1000
0.1000
0.3952
0.8175
1.0877
1.1925
1.1266
0.8933
0.5043
0.1000
0.1000
0.1000
0.1000
0.1000
0.1000
0.1000
3.7184
4.2145
4.6474
5.0084
5.2889
5.4813
5.5797
5.5811
5.4854
5.6330
5.7974
5.8620
5.8242
5.6854
5.4517
5.1320
4.7368
4.2769
3.7624
3.2023
2.6043
1.9748
1.3191
0.6415
0.1000
0.1000
0.1000
0.1000
0.1000
0.1000
0.1000
0.1000
0.1000
0.1000
0.1000
0.7083
1.3171
1.7838
2.0848
2.2023
2.1284
1.8680
1.4373
0.8588
0.1573
0.1000
0.1000
0.1000
0.1000
0.1000
4.1760
4.6955
5.1510
5.5325
5.8301
6.0350
6.1400
6.1415
6.1248
6.4132
6.5990
6.6724
6.6294
6.4723
6.2097
5.8538
5.4186
4.9176
4.3628
3.7645
3.1308
2.4685
1.7827
1.0778
0.3569
0.1000
0.1000
0.1000
0.1000
0.1000
0.1000
0.1000
0.1000
0.1000
0.7001
1.4838
2.1487
2.6645
3.0007
3.1326
3.0495
2.7583
2.2809
1.6474
0.8884
0.1000
0.1000
0.1000
0.1000
0.1000
4.5672
5.1086
5.5854
5.9866
6.3010
6.5180
6.6296
6.6312
6.8511
7.1782
7.3913
7.4762
7.4264
7.2457
6.9468
6.5473
6.0655
5.5184
4.9200
4.2813
3.6110
2.9157
2.2003
1.4688
0.7242
0.1000
0.1000
0.1000
0.1000
0.1000
0.1000
0.1000
0.1000
0.3712
1.2996
2.1390
2.8604
3.4277
3.8019
3.9498
3.8565
3.5317
3.0052
2.3156
1.5003
0.5901
0.1000
0.1000
0.1000
0.1000
4.8837
5.4443
5.9400
6.3590
6.6885
6.9168
7.0345
7.0683
7.5447
7.9203
8.1693
8.2694
8.2106
7.9989
7.6540
7.2015
6.6662
6.0683
5.4237
4.7438
4.0371
3.3097
2.5662
1.8098
1.0431
0.2680
0.1000
0.1000
0.1000
0.1000
0.1000
0.1000
0.1000
0.7842
1.7561
2.6440
3.4163
4.0319
4.4430
4.6070
4.5035
4.1457
3.5726
2.8321
1.9675
1.0126
0.1000
0.1000
0.1000
0.1000
5.1180
5.6936
6.2045
6.6377
6.9796
7.2172
7.3399
7.6509
8.1902
8.6268
8.9237
9.0452
8.9737
8.7198
8.3160
7.8004
7.2049
6.5533
5.8620
5.1419
4.4007
3.6436
2.8744
2.0957
1.3096
0.5173
0.1000
0.1000
0.1000
0.1000
0.1000
0.1000
0.1000
1.0449
2.0466
2.9685
3.7778
4.4298
4.8696
5.0463
4.9348
4.5511
3.9427
3.1649
2.2655
1.2797
0.2324
0.1000
0.1000
0.1000
5.2636
5.8491
6.3698
6.8125
7.1627
7.4065
7.5325
8.1532
8.7631
9.2747
9.6363
9.7888
9.6987
9.3865
8.9085
8.3203
7.6614
6.9566
6.2212
5.4646
4.6930
3.9103
3.1194
2.3221
1.5198
0.7135
0.1000
0.1000
0.1000
0.1000
0.1000
0.1000
0.1000
1.1407
2.1538
3.0889
3.9130
4.5797
5.0316
5.2136
5.0986
4.7042
4.0813
3.2887
2.3756
1.3779
0.3206
0.1000
0.1000
0.1000
5.3163
5.9054
6.4298
6.8760
7.2293
7.4755
7.8165
8.5451
9.2257
9.8221
10.2681
10.4659
10.3481
9.9572
9.3922
8.7293
8.0109
7.2595
6.4874
5.7014
4.9059
4.1036
3.2961
2.4848
1.6706
0.8539
0.1000
0.1000
0.1000
0.1000
0.1000
0.1000
0.1000
1.0665
2.0708
2.9956
3.8082
4.4634
4.9059
5.0837
4.9714
4.5854
3.9738
3.1928
2.2903
1.3019
0.2523
0.1000
0.1000
0.1000
5.2745
5.8607
6.3822
6.8256
7.1764
7.4207
8.0237
8.7921
9.5274
10.1985
10.7337
10.9886
10.8350
10.3564
9.7115
8.9890
8.2274
7.4442
6.6479
5.8432
5.0327
4.2182
3.4006
2.5809
1.7594
0.9365
0.1125
0.1000
0.1000
0.1000
0.1000
0.1000
0.1000
0.8263
1.8029
2.6960
3.4741
4.0952
4.5106
4.6765
4.5718
4.2102
3.6317
2.8855
2.0155
1.0557
0.1000
0.1000
0.1000
0.1000
5.1394
5.7165
6.2288
6.6634
7.0065
7.2879
8.0842
8.8651
9.6185
10.3165
10.8889
11.1718
11.0002
10.4833
9.8086
9.0660
8.2908
7.4978
6.6942
5.8839
5.0690
4.2509
3.4305
2.6083
1.7847
0.9600
0.1344
0.1000
0.1000
0.1000
0.1000
0.1000
0.1000
0.4319
1.3663
2.2125
2.9409
3.5147
3.8937
4.0438
3.9492
3.6200
3.0872
2.3907
1.5686
0.6521
0.1000
0.1000
0.1000
0.1000
4.9151
5.4777
5.9754
6.3962
6.7273
7.2095
7.9921
8.7541
9.4803
10.1384
10.6567
10.8998
10.7537
10.2921
9.6614
8.9489
8.1943
7.4161
6.6236
5.8217
5.0136
4.2009
3.3849
2.5664
1.7460
0.9241
0.1009
0.1000
0.1000
0.1000
0.1000
0.1000
0.1000
0.1000
0.7838
1.5748
2.2470
2.7693
3.1102
3.2441
3.1598
2.8644
2.3808
1.7401
0.9737
0.1094
0.1000
0.1000
0.1000
0.1000
4.6077
5.1515
5.6307
6.0341
6.3503
7.0066
7.7561
8.4740
9.1404
9.7189
10.1459
10.3328
10.2218
9.8489
9.3026
8.6548
7.9480
7.2054
6.4400
5.6595
4.8683
4.0695
3.2650
2.4562
1.6441
0.8293
0.1000
0.1000
0.1000
0.1000
0.1000
0.1000
0.1000
0.1000
0.1000
0.8131
1.4289
1.9016
2.2069
2.3261
2.2511
1.9870
1.5505
0.9652
0.2565
0.1000
0.1000
0.1000
0.1000
0.1000
4.2247
4.7469
5.2049
5.5888
5.9587
6.6921
7.3959
8.0562
8.6509
9.1457
9.4922
9.6372
9.5516
9.2532
8.7920
8.2196
7.5739
6.8800
6.1533
5.4039
4.6382
3.8604
3.0737
2.2799
1.4807
0.6770
0.1000
0.1000
0.1000
0.1000
0.1000
0.1000
0.1000
0.1000
0.1000
0.1000
0.5171
0.9448
1.2187
1.3250
1.2581
1.0216
0.6275
0.1000
0.1000
0.1000
0.1000
0.1000
0.1000
0.1000
3.7744
4.2732
4.7088
5.0722
5.5923
6.2828
6.9353
7.5348
8.0602
8.4830
8.7685
8.8850
8.8165
8.5725
8.1823
7.6807
7.0983
6.4581
5.7764
5.0645
4.3302
3.5791
2.8150
2.0407
1.2584
0.4695
0.1000
0.1000
0.1000
0.1000
0.1000
0.1000
0.1000
0.1000
0.1000
0.1000
0.1000
0.1000
0.1697
0.2652
0.2051
0.1000
0.1000
0.1000
0.1000
0.1000
0.1000
0.1000
0.1000
0.1000
3.2648
3.7398
4.1526
4.4955
5.1505
5.7959
6.3966
6.9385
7.4030
7.7675
8.0081
8.1047
8.0480
7.8435
7.5092
7.0686
6.5451
5.9582
5.3233
4.6521
3.9529
3.2321
2.4942
1.7429
0.9806
0.2094
0.1000
0.1000
0.1000
0.1000
0.1000
0.1000
0.1000
0.1000
0.1000
0.1000
0.1000
0.1000
0.1000
0.1000
0.1000
0.1000
0.1000
0.1000
0.1000
0.1000
0.1000
0.1000
0.1000
0.1000
2.7037
3.1550
3.5455
4.0065
4.6459
5.2467
5.7986
6.2887
6.7015
7.0198
7.2266
7.3088
7.2606
7.0854
6.7948
6.4050
5.9336
5.3966
4.8075
4.1774
3.5148
2.8263
2.1171
1.3910
0.6512
0.1000
0.1000
0.1000
0.1000
0.1000
0.1000
0.1000
0.1000
0.1000
0.1000
0.1000
0.1000
0.1000
0.1000
0.1000
0.1000
0.1000
0.1000
0.1000
0.1000
0.1000
0.1000
0.1000
0.1000
0.1000
2.0983
2.5265
2.8956
3.4894
4.0897
4.6482
5.1554
5.6002
5.9698
6.2511
6.4320
6.5034
6.4616
6.3087
6.0526
5.7049
5.2786
4.7866
4.2405
3.6504
3.0243
2.3689
1.6894
0.9901
0.2744
0.1000
0.1000
0.1000
0.1000
0.1000
0.1000
0.1000
0.1000
0.1000
0.1000
0.1000
0.1000
0.1000
0.1000
0.1000
0.1000
0.1000
0.1000
0.1000
0.1000
0.1000
0.1000
0.1000
0.1000
0.1000
1.4547
1.8608
2.3286
2.9283
3.4914
4.0108
4.4780
4.8834
5.2169
5.4684
5.6288
5.6919
5.6550
5.5196
5.2912
4.9782
4.5907
4.1387
3.6322
3.0798
2.4890
1.8663
1.2169
0.5451
0.1000
0.1000
0.1000
0.1000
0.1000
0.1000
0.1000
0.1000
0.1000
0.1000
0.1000
0.1000
0.1000
0.1000
0.1000
0.1000
0.1000
0.1000
0.1000
0.1000
0.1000
0.1000
0.1000
0.1000
0.1000
0.1000
0.7783
1.1648
1.7639
2.3304
2.8588
3.3425
3.7741
4.1456
4.4488
4.6757
4.8198
4.8762
4.8432
4.7218
4.5160
4.2321
3.8777
3.4610
2.9902
2.4729
1.9158
1.3247
0.7049
0.1000
0.1000
0.1000
0.1000
0.1000
0.1000
0.1000
0.1000
0.1000
0.1000
0.1000
0.1000
0.1000
0.1000
0.1000
0.1000
0.1000
0.1000
0.1000
0.1000
0.1000
0.1000
0.1000
0.1000
0.1000
0.1000
0.1000
0.1000
0.5973
1.1664
1.7018
2.1982
2.6496
3.0497
3.3919
3.6693
3.8759
4.0065
4.0575
4.0276
3.9177
3.7306
3.4711
3.1453
2.7597
2.3211
1.8359
1.3103
0.7495
0.1583
0.1000
0.1000
0.1000
0.1000
0.1000
0.1000
0.1000
0.1000
0.1000
0.1000
0.1000
0.1000
0.1000
0.1000
0.1000
0.1000
0.1000
0.1000
0.1000
0.1000
0.1000
0.1000
0.1000
0.1000
0.1000
0.1000
0.1000
0.1000
0.1000
0.1000
0.1000
0.1000
0.1000
0.1000
0.1000
0.1000
0.1000
0.1000
0.1000
0.1000
0.1000
0.1000
0.1000
0.1000
0.1000
0.1000
0.1000
0.1000
0.1000
0.1000
0.1000
0.1000
0.1000
0.1000
0.1000
0.1000
0.1000
0.1000
0.1000
0.1000
0.1000
0.1000
0.1000
0.1000
0.1000
0.1000
0.1000
0.1000
0.1000
0.1000
0.1000
0.1000
0.1000
0.1000
0.1000
0.1000
0.1000
0.1000
0.1000
0.1000
0.1000
0.1000
0.1000
0.1000
0.1000
0.1000
0.1000
0.1000
0.1000
0.1000
0.1000
0.1000
0.1000
0.1000
0.1000
0.1000
0.1000
0.1000
0.1000
0.1000
0.1000
0.1000
0.1000
0.1000
0.1000
0.1000
0.1000
0.1000
0.1000
0.1000
0.1000
0.1000
0.1000
0.1000
0.1000
0.1000
0.1000
0.1000
0.1000
0.1000
0.1000
0.1000
0.1000
0.1000
0.1000
0.1000
0.1000
0.1000
0.1000
0.1000
0.1000
0.1000
0.1000
0.1000
0.1000
0.1000
0.1000
0.1000
0.1000
0.1000
0.1000
0.1000
0.1000
0.1000
0.1000
0.1000
0.1000
0.1000
0.1000
0.1000
0.1000
0.1000
0.1000
0.1000
0.1000
0.1000
0.1000
0.1000
0.1000
0.1000
0.1000
0.1000
0.1000
0.1000
0.1000
0.1000
0.1000
0.1000
0.1000
0.1000
0.1000
0.1000
0.1000
0.1000
0.1000
0.1000
0.1000
0.1000
0.1000
0.1000
0.1000
0.1000
0.1000
0.1000
0.1000
0.1000
0.1000
0.1000
0.1000
0.1000
0.1000
0.1000
0.1000
0.1000
0.1000
0.1000
0.1000
0.1000
0.1000
0.1000
0.1000
0.1000
0.1000
0.1000
0.1000
0.1000
0.1000
0.1000
0.1000
0.1000
0.1000
0.1000
0.1000
0.1000
0.1000
0.1000
0.1000
0.1000
0.1000
0.1000
0.1000
0.1000
0.1000
0.1000
0.1000
0.1000
0.1000
0.1000
0.1000
0.1000
0.1000
0.1000
0.1000
0.1000
0.1000
0.1000
0.1000
0.1000
0.1000
0.1000
0.1000
0.1000
0.1000
0.1000
0.1000
0.1000
0.1000
0.1000
0.1000
0.1000
0.1000
0.1000
0.1000
0.1000
0.1000
0.1000
0.1000
0.1000
0.1000
0.1000
0.1000
0.1000
0.1000
0.1000
0.1000
0.1000
0.1000
0.1000
0.1000
0.1000
0.1000
0.1000
0.1000
0.1000
0.1000
0.1000
0.1000
0.1000
0.1000
0.1000
0.1000
0.1000
0.1000
0.1000
0.1000
0.1000
0.1000
0.1000
0.1000
0.1000
0.1000
0.1000
0.1000
0.1000
0.1000
0.1000
0.1000
0.1000
0.1000
0.1000
0.1000
0.1000
0.1000
0.1000
0.1000
0.1000
0.1000
0.1000
0.1000
0.1000
0.1000
0.1000
0.1000
0.1000
0.1000
0.1000
0.1000
0.1000
0.1000
0.1000
0.1000
0.1000
0.1000
0.1000
0.1000
0.1000
0.1000
0.1000
0.1000
0.1000
0.1000
0.1000
0.1000
0.1000
0.1000
0.1000
0.1000
0.1000
0.1000
0.1000
0.1000
0.1000
0.1000
0.1000
0.1000
0.1000
0.1000
0.1000
0.1000
0.1000
0.1000
0.1000
0.1000
0.1000
0.1000
0.1000
0.1000
0.1000
0.1000
0.1000
0.1000
0.1000
0.1000
0.1000
0.1000
0.1000
0.1000
0.1000
0.1000
0.1000
0.1000
0.1000
0.1000
0.1000
0.1000
0.1000
0.1000
0.1000
0.1000
0.1000
0.1000
0.1000
0.1000
0.1000
0.1000
0.1000
0.1000
0.1000
0.1000
0.1000
0.1000
0.1000
0.1000
0.1000
0.1000
0.1000
0.1000
0.1000
0.1000
0.1000
0.1000
0.1000
0.1000
0.1000
0.1000
0.1000
0.1000
0.1000
0.1000
0.1000
0.1000
0.1000
0.1000
0.1000
0.1000
0.1000
0.1000
0.1000
0.1000
0.1000
0.1000
0.1000
0.1000
0.1000
0.1000
0.1000
0.1000
0.1000
0.1000
0.1000
0.1000
0.1000
0.1000
0.1000
0.1000
0.1000
0.1000
0.1000
0.1000
0.1000
0.1000
0.1000
0.1000
0.1000
0.1000
0.1000
0.1000
0.1000
0.1000
0.1000
0.1000
0.1000
0.1000
0.1000
0.1000
0.1000
0.1000
0.1000
0.1000
0.1000
0.1000
0.1000
0.1000
0.1000
0.1000
0.1000
0.1000
0.1000
0.1000
0.1000
0.1000
0.1000
0.1000
0.1000
0.1000
0.1000
0.1000
0.1000
0.1000
0.1000
0.1000
0.1000
0.1000
0.1000
0.1000
0.1000
0.1000
0.1000
0.1000
0.1000
0.1000
0.1000
0.1000
0.1000
0.1000
0.1000
0.1000
0.1000
0.1000
0.1000
0.1000
0.1000
0.1000
0.1000
0.1000
0.1000
0.1000
0.1000
0.1000
0.1000
0.1000
0.1000
0.1000
0.1000
0.1000
0.1000
0.1000
0.1000
0.1000
0.1000
0.1000
0.1000
0.1000
0.1000
0.1000
0.1000
0.1000
0.1000
0.1000
0.1000
0.1000
0.1000
0.1000
0.1000
0.1000
0.1000
0.1000
0.1000
0.1000
0.1000
0.1000
0.1000
0.1000
0.1000
0.1000
0.1000
0.1000
0.1000
0.1000
0.1000
0.1000
0.1000
0.1000
0.1000
0.1000
0.1000
0.1000
0.1000
0.1000
0.1000
0.1000
0.1000
0.1000
0.1000
0.1862
0.4368
0.5191
0.4281
0.1692
0.1000
0.1000
0.1000
0.1000
0.1000
0.1000
0.1000
0.1000
0.1000
0.1000
0.1000
0.1000
0.1000
0.1000
0.1000
0.1000
0.1000
0.1000
0.1000
0.1000
0.1000
0.1000
0.1000
0.1000
0.1000
0.1000
0.1000
0.1000
0.1000
0.1000
0.1000
0.1000
0.1000
0.1000
0.1000
0.1000
0.1000
0.1000
0.1000
0.1000
0.1000
0.1000
0.1000
0.2464
0.8544
1.3180
1.6088
1.7049
1.5985
1.2984
0.8267
0.2122
0.1000
0.1000
0.1000
0.1000
0.1000
0.1000
0.1000
0.1000
0.1000
0.1000
0.1000
0.1000
0.1000
0.1000
0.1000
0.1000
0.1000
0.1000
0.1000
0.1000
0.1000
0.1000
0.1000
0.1000
0.1000
0.1000
0.1000
0.1000
0.1000
0.1000
0.1000
0.1000
0.1000
0.1000
0.1000
0.1000
0.1000
0.1000
0.1000
0.1000
0.3881
1.1950
1.8876
2.4277
2.7730
2.8886
2.7608
2.4046
1.8557
1.1564
0.3446
0.1000
0.1000
0.1000
0.1000
0.1000
0.1000
0.1000
0.1000
0.1000
0.1000
0.1000
0.1000
0.1000
0.1000
0.1000
0.1000
0.1000
0.1000
0.1000
0.1000
0.1000
0.1000
0.1000
0.1000
0.1000
0.1000
0.1000
0.1000
0.1000
0.1000
0.1000
0.1000
0.1000
0.1000
0.1000
0.1000
0.1000
0.1000
0.1902
1.1633
2.0644
2.8600
3.5010
3.9240
4.0684
3.9088
3.4731
2.8228
2.0208
1.1153
0.1393
0.1000
0.1000
0.1000
0.1000
0.1000
0.1000
0.1000
0.1000
0.1000
0.1000
0.1000
0.1000
0.1000
0.1000
0.1000
0.1000
0.1000
0.1000
0.1000
0.1000
0.1000
0.1000
0.1000
0.1000
0.1000
0.1000
0.1000
0.1000
0.1000
0.1000
0.1000
0.1000
0.1000
0.1000
0.1000
0.1000
0.1000
0.7637
1.8179
2.8193
3.7354
4.5095
5.0489
5.2406
5.0290
4.4749
3.6916
2.7701
1.7654
0.7091
0.1000
0.1000
0.1000
0.1000
0.1000
0.1000
0.1000
0.1000
0.1000
0.1000
0.1000
0.1000
0.1000
0.1000
0.1000
0.1000
0.1000
0.1000
0.1000
0.1000
0.1000
0.1000
0.1000
0.1000
0.1000
0.1000
0.1000
0.1000
0.1000
0.1000
0.1000
0.1000
0.1000
0.1000
0.1000
0.1000
0.1000
1.1899
2.3145
3.4098
4.4527
5.3927
6.1130
6.3930
6.0848
5.3488
4.4016
3.3551
2.2579
1.1322
0.1000
0.1000
0.1000
0.1000
0.1000
0.1000
0.1000
0.1000
0.1000
0.1000
0.1000
0.1000
0.1000
0.1000
0.1000
0.1000
0.1000
0.1000
0.1000
0.1000
0.1000
0.1000
0.1000
0.1000
0.1000
0.1000
0.1000
0.1000
0.1000
0.1000
0.1000
0.1000
0.1000
0.1000
0.1000
0.1000
0.2656
1.4425
2.6140
3.7760
4.9198
6.0214
6.9949
7.4671
6.9521
5.9673
4.8623
3.7173
2.5546
1.3828
0.7202
0.1000
0.1000
0.1000
0.1000
0.1000
0.1000
0.1000
0.1000
0.1000
0.1000
0.1000
0.1000
0.1000
0.1000
0.1000
0.1000
0.1000
0.1000
0.1000
0.1000
0.1000
0.1000
0.1000
0.1000
0.1000
0.1000
0.1000
0.1000
0.1000
0.1000
0.1000
0.1000
0.1000
0.1000
0.1000
0.3177
1.5032
2.6866
3.8662
5.0384
6.1925
7.2822
7.9199
7.2307
6.1346
4.9790
3.8063
2.8230
2.4445
1.8646
1.1099
0.2084
0.1000
0.1000
0.1000
0.1000
0.1000
0.1000
0.1000
0.1000
0.1000
0.1000
0.1000
0.1000
0.1000
0.1000
0.1000
0.1000
0.1000
0.1000
0.1000
0.1000
0.1000
0.1000
0.1000
0.1000
0.1000
0.1000
0.1000
0.1000
0.1000
0.1000
0.1000
0.1000
0.1000
0.2007
1.3672
2.5243
3.6653
4.7764
5.8217
6.6935
7.0731
6.6571
5.7713
4.7210
4.1204
3.9461
3.5280
2.8929
2.0746
1.1070
0.1000
0.1000
0.1000
0.1000
0.1000
0.1000
0.1000
0.1000
0.1000
0.1000
0.1000
0.1000
0.1000
0.1000
0.1000
0.1000
0.1000
0.1000
0.1000
0.1000
0.1000
0.1000
0.1000
0.1000
0.1000
0.1000
0.1000
0.1000
0.1000
0.1000
0.1000
0.1000
0.1000
0.1000
1.0450
2.1445
3.2055
4.2004
5.0736
5.7147
5.9531
5.6902
5.0336
5.0244
5.1151
4.9224
4.4627
3.7711
2.8896
1.8586
0.7119
0.1000
0.1000
0.1000
0.1000
0.1000
0.1000
0.1000
0.1000
0.1000
0.1000
0.1000
0.1000
0.1000
0.1000
0.1000
0.1000
0.1000
0.1000
0.1000
0.1000
0.1000
0.1000
0.1000
0.1000
0.1000
0.1000
0.1000
0.1000
0.1000
0.1000
0.1000
0.1000
0.1000
0.5588
1.5823
2.5450
3.4130
4.1316
4.6201
4.7905
4.7536
5.4144
5.8132
5.9124
5.7017
5.2026
4.4589
3.5211
2.4350
1.2376
0.1000
0.1000
0.1000
0.1000
0.1000
0.1000
0.1000
0.1000
0.1000
0.1000
0.1000
0.1000
0.1000
0.1000
0.1000
0.1000
0.1000
0.1000
0.1000
0.1000
0.1000
0.1000
0.1000
0.1000
0.1000
0.1000
0.1000
0.1000
0.1000
0.1000
0.1000
0.1000
0.1000
0.1000
0.8772
1.7409
2.4946
3.0933
3.4828
4.3094
5.2238
5.9216
6.3458
6.4517
6.2270
5.6974
4.9144
3.9352
2.8100
1.5773
0.1000
0.1000
0.1000
0.1000
0.1000
0.1000
0.1000
0.1000
0.1000
0.1000
0.1000
0.1000
0.1000
0.1000
0.1000
0.1000
0.1000
0.1000
0.1000
0.1000
0.1000
0.1000
0.1000
0.1000
0.1000
0.1000
0.1000
0.1000
0.1000
0.1000
0.1000
0.1000
0.1000
0.1000
0.1000
0.8375
1.4955
2.1782
3.3915
4.4864
5.4189
6.1334
6.5691
6.6782
6.4469
5.9035
5.1029
4.1057
2.9635
1.7157
0.1000
0.1000
0.1000
0.1000
0.1000
0.1000
0.1000
0.1000
0.1000
0.1000
0.1000
0.1000
0.1000
0.1000
0.1000
0.1000
0.1000
0.1000
0.1000
0.1000
0.1000
0.1000
0.1000
0.1000
0.1000
0.1000
0.1000
0.1000
0.1000
0.1000
0.1000
0.1000
0.1000
0.1000
0.1000
0.1000
0.8136
2.1063
3.3116
4.3976
5.3210
6.0270
6.4568
6.5643
6.3363
5.7999
5.0083
4.0202
2.8866
1.6464
0.1000
0.1000
0.1114
0.3552
0.5411
0.6667
0.7304
0.7313
0.6694
0.5455
0.3613
0.1191
0.1000
0.1000
0.1000
0.1000
0.1000
0.1000
0.1000
0.1000
0.1000
0.1000
0.1000
0.1000
0.1000
0.1000
0.1000
0.1000
0.1000
0.1000
0.1000
0.1000
0.1000
0.1000
0.1000
0.1000
0.5564
1.8224
2.9975
4.0501
4.9391
5.6141
6.0225
6.1242
5.9082
5.3976
4.6388
3.6851
2.5838
1.3727
0.2037
0.5731
0.8887
1.1468
1.3440
1.4774
1.5451
1.5461
1.4803
1.3487
1.1533
0.8969
0.8588
0.7783
0.6404
0.4469
0.2004
0.1000
0.1000
0.1000
0.1000
0.1000
0.1000
0.1000
0.1000
0.1000
0.1000
0.1000
0.1000
0.1000
0.1000
0.1000
0.1000
0.1000
0.1000
0.1000
0.1175
1.3406
2.4677
3.4688
4.3059
4.9351
5.3126
5.4063
5.2073
4.7340
4.0241
3.1227
2.0719
0.9070
0.9224
1.3120
1.6459
1.9197
2.1293
2.2714
2.3436
2.3446
2.2745
2.1344
1.9266
1.7009
1.6775
1.5910
1.4430
1.2358
0.9726
0.6571
0.2933
0.1000
0.1000
0.1000
0.1000
0.1000
0.1000
0.1000
0.1000
0.1000
0.1000
0.1000
0.1000
0.1000
0.1000
0.1000
0.1000
0.1000
0.1000
0.6817
1.7495
2.6886
3.4653
4.0428
4.3863
4.4711
4.2907
3.8588
3.2048
2.3650
1.3757
0.2685
1.6142
2.0256
2.3794
2.6703
2.8935
3.0452
3.1223
3.1234
3.0485
2.8989
2.6776
2.5195
2.4941
2.4007
2.2411
2.0182
1.7360
1.3989
1.0118
0.5795
0.1067
0.1000
0.1000
0.1000
0.1000
0.1000
0.1000
0.1000
0.1000
0.1000
0.1000
0.1000
0.1000
0.1000
0.1000
0.1000
0.1000
0.1000
0.8732
1.7466
2.4613
2.9875
3.2980
3.3743
3.2118
2.8204
2.2225
1.4467
0.5232
0.1000
2.2745
2.7091
3.0843
3.3938
3.6321
3.7943
3.8770
3.8781
3.7978
3.6378
3.4017
3.3358
3.3082
3.2067
3.0335
2.7926
2.4886
2.1273
1.7142
1.2550
0.7551
0.2195
0.1000
0.1000
0.1000
0.1000
0.1000
0.1000
0.1000
0.1000
0.1000
0.1000
0.1000
0.1000
0.1000
0.1000
0.1000
0.1000
0.1000
0.6762
1.3319
1.8104
2.0909
2.1597
2.0132
1.6589
1.1135
0.3995
0.1000
0.1000
2.8979
3.3571
3.7550
4.0847
4.3394
4.5132
4.6019
4.6032
4.5169
4.3455
4.0975
4.1492
4.1189
4.0078
3.8188
3.5568
3.2280
2.8391
2.3971
1.9085
1.3794
0.8153
0.2210
0.1000
0.1000
0.1000
0.1000
0.1000
0.1000
0.1000
0.1000
0.1000
0.1000
0.1000
0.1000
0.1000
0.1000
0.1000
0.3399
0.4370
0.3759
0.5428
0.7969
0.8591
0.7266
0.4050
0.1000
0.1000
0.1000
0.1000
3.4780
3.9627
4.3847
4.7359
5.0082
5.1947
5.2901
5.2914
5.1987
5.0148
4.9017
4.9587
4.9253
4.8026
4.5947
4.3081
3.9506
3.5306
3.0564
2.5356
1.9752
1.3810
0.7582
0.1111
0.1000
0.1000
0.1000
0.1000
0.1000
0.1000
0.1000
0.1000
0.1000
0.1000
0.1000
0.1406
0.7141
1.1507
1.4308
1.5397
1.4712
1.2293
0.8268
0.2827
0.1000
0.1000
0.1000
0.1000
0.1000
0.1000
4.0076
4.5183
4.9652
5.3388
5.6299
5.8299
5.9324
5.9339
5.8342
5.6369
5.6993
5.7631
5.7257
5.5890
5.3584
5.0426
4.6519
4.1966
3.6868
3.1312
2.5374
1.9119
1.2598
0.5856
0.1000
0.1000
0.1000
0.1000
0.1000
0.1000
0.1000
0.1000
0.1000
0.1000
0.2881
1.0378
1.6692
2.1554
2.4703
2.5934
2.5159
2.2434
1.7942
1.1936
0.4687
0.1000
0.1000
0.1000
0.1000
0.1000
4.4786
5.0149
5.4867
5.8832
6.1936
6.4077
6.5178
6.5193
6.4124
6.3055
6.4880
6.5601
6.5179
6.3636
6.1054
5.7549
5.3257
4.8307
4.2818
3.6889
3.0602
2.4025
1.7209
1.0197
0.3023
0.1000
0.1000
0.1000
0.1000
0.1000
0.1000
0.1000
0.1000
0.1250
1.0293
1.8426
2.5372
3.0799
3.4357
3.5758
3.4875
3.1790
2.6760
2.0131
1.2242
0.3386
0.1000
0.1000
0.1000
0.1000
4.8822
5.4427
5.9383
6.3572
6.6866
6.9149
7.0325
7.0342
6.9198
7.0555
7.2637
7.3465
7.2980
7.1216
6.8292
6.4372
5.9635
5.4242
4.8331
4.2010
3.5367
2.8466
2.1360
1.4087
0.6678
0.1000
0.1000
0.1000
0.1000
0.1000
0.1000
0.1000
0.1000
0.6894
1.6509
2.5271
3.2870
3.8906
4.2924
4.4523
4.3515
4.0020
3.4405
2.7125
1.8598
0.9155
0.1000
0.1000
0.1000
0.1000
5.2096
5.7914
6.3084
6.7475
7.0946
7.3361
7.4608
7.4626
7.4133
7.7787
8.0198
8.1167
8.0598
7.8549
7.5198
7.0784
6.5539
5.9663
5.3307
4.6588
3.9591
3.2378
2.4995
1.7478
0.9852
0.2138
0.1000
0.1000
0.1000
0.1000
0.1000
0.1000
0.1000
1.1163
2.1265
3.0582
3.8785
4.5413
4.9900
5.1707
5.0566
4.6650
4.0459
3.2571
2.3475
1.3529
0.2981
0.1000
0.1000
0.1000
5.4524
6.0511
6.5854
7.0410
7.4026
7.6551
7.7859
7.7878
8.0401
8.4608
8.7447
8.8604
8.7923
8.5498
8.1616
7.6622
7.0817
6.4432
5.7630
5.0524
4.3192
3.5690
2.8057
2.0321
1.2503
0.4620
0.1000
0.1000
0.1000
0.1000
0.1000
0.1000
0.2923
1.3865
2.4302
3.4015
4.2665
4.9755
5.4624
5.6605
5.5353
5.1090
4.4446
3.6103
2.6598
1.6303
0.5461
0.1000
0.1000
0.1000
5.6036
6.2134
6.7589
7.2256
7.5971
7.8571
7.9920
8.0043
8.5913
9.0777
9.4166
9.5580
9.4746
9.1829
8.7302
8.1658
7.5270
6.8387
6.1167
5.3711
4.6085
3.8334
3.0489
2.2570
1.4594
0.6573
0.1000
0.1000
0.1000
0.1000
0.1000
0.1000
0.3810
1.4858
2.5426
3.5294
4.4125
5.1406
5.6439
5.8497
5.7195
5.2783
4.5949
3.7421
2.7755
1.7324
0.6371
0.1000
0.1000
0.1000
5.6583
6.2722
6.8221
7.2929
7.6681
7.9309
8.0674
8.3823
9.0314
9.5887
9.9940
10.1691
10.0653
9.7127
9.1883
8.5590
7.8665
7.1351
6.3784
5.6047
4.8191
4.0249
3.2243
2.4187
1.6094
0.7970
0.1000
0.1000
0.1000
0.1000
0.1000
0.1000
0.3123
1.4089
2.4556
3.4303
4.2993
5.0124
5.5030
5.7027
5.5764
5.1469
4.4783
3.6399
2.6858
1.6533
0.5667
0.1000
0.1000
0.1000
5.6149
6.2255
6.7720
7.2395
7.6117
7.8723
8.0076
8.6191
9.3151
9.9316
10.4000
10.6110
10.4851
10.0726
9.4864
8.8069
8.0761
7.3154
6.5360
5.7445
4.9445
4.1385
3.3280
2.5141
1.6977
0.8791
0.1000
0.1000
0.1000
0.1000
0.1000
0.1000
0.1000
1.1599
2.1753
3.1132
3.9403
4.6100
5.0644
5.2476
5.1319
4.7352
4.1093
3.3136
2.3977
1.3976
0.3382
0.1000
0.1000
0.1000
5.4747
6.0750
6.6109
7.0681
7.4311
7.6847
7.9375
8.6888
9.4001
10.0372
10.5297
10.7557
10.6204
10.1844
9.5763
8.8801
8.1373
7.3676
6.5815
5.7846
4.9804
4.1709
3.3576
2.5413
1.7228
0.9025
0.1000
0.1000
0.1000
0.1000
0.1000
0.1000
0.1000
0.7520
1.7203
2.6042
3.3723
3.9838
4.3916
4.5542
4.4516
4.0967
3.5276
2.7914
1.9309
0.9796
0.1000
0.1000
0.1000
0.1000
5.2421
5.8261
6.3454
6.7866
7.1356
7.3785
7.8483
8.5827
9.2710
9.8774
10.3345
10.5387
10.4169
10.0154
9.4399
8.7687
8.0440
7.2880
6.5122
5.7234
4.9256
4.1214
3.3124
2.4998
1.6844
0.8668
0.1000
0.1000
0.1000
0.1000
0.1000
0.1000
0.1000
0.2040
1.1159
1.9374
2.6403
3.1906
3.5520
3.6946
3.6047
3.2912
2.7810
2.1098
1.3126
0.4193
0.1000
0.1000
0.1000
0.1000
4.9241
5.4872
5.9855
6.4068
6.7384
6.9682
7.6191
8.3139
8.9507
9.4933
9.8842
10.0517
9.9525
9.6134
9.1040
8.4876
7.8055
7.0822
6.3319
5.5634
4.7819
3.9912
3.1934
2.3903
1.5830
0.7725
0.1000
0.1000
0.1000
0.1000
0.1000
0.1000
0.1000
0.1000
0.3886
1.1462
1.7854
2.2785
2.5983
2.7234
2.6447
2.3679
1.9121
1.3038
0.5710
0.1000
0.1000
0.1000
0.1000
0.1000
4.5288
5.0680
5.5426
5.9418
6.2544
6.5794
7.2682
7.9104
8.4838
8.9557
9.2821
9.4174
9.3376
9.0574
8.6190
8.0685
7.4418
6.7636
6.0499
5.3111
4.5543
3.7840
3.0035
2.2151
1.4205
0.6209
0.1000
0.1000
0.1000
0.1000
0.1000
0.1000
0.1000
0.1000
0.1000
0.2595
0.8400
1.2826
1.5668
1.6774
1.6078
1.3623
0.9542
0.4033
0.1000
0.1000
0.1000
0.1000
0.1000
0.1000
4.0652
4.5788
5.0286
5.4049
5.6982
6.1773
6.8178
7.4037
7.9143
8.3225
8.5965
8.7078
8.6424
8.4086
8.0325
7.5458
6.9774
6.3496
5.6786
4.9759
4.2495
3.5050
2.7467
1.9774
1.1994
0.4143
0.1000
0.1000
0.1000
0.1000
0.1000
0.1000
0.1000
0.1000
0.1000
0.1000
0.1000
0.2272
0.4815
0.5800
0.5180
0.2986
0.1000
0.1000
0.1000
0.1000
0.1000
0.1000
0.1000
0.1000
3.5419
4.0296
4.4545
4.8082
5.0826
5.6978
6.2892
6.8210
7.2751
7.6302
7.8638
7.9573
7.9024
7.7041
7.3788
6.9484
6.4351
5.8578
5.2316
4.5681
3.8756
3.1607
2.4281
1.6813
0.9230
0.1554
0.1000
0.1000
0.1000
0.1000
0.1000
0.1000
0.1000
0.1000
0.1000
0.1000
0.1000
0.1000
0.1000
0.1000
0.1000
0.1000
0.1000
0.1000
0.1000
0.1000
0.1000
0.1000
0.1000
0.1000
2.9673
3.4293
3.8300
4.1621
4.5620
5.1559
5.7005
6.1831
6.5886
6.9005
7.1029
7.1832
7.1361
6.9648
6.6801
6.2975
5.8336
5.3039
4.7218
4.0981
3.4412
2.7579
2.0533
1.3314
0.5952
0.1000
0.1000
0.1000
0.1000
0.1000
0.1000
0.1000
0.1000
0.1000
0.1000
0.1000
0.1000
0.1000
0.1000
0.1000
0.1000
0.1000
0.1000
0.1000
0.1000
0.1000
0.1000
0.1000
0.1000
0.1000
2.3485
2.7859
3.1636
3.4754
4.0112
4.5642
5.0658
5.5049
5.8692
6.1462
6.3240
6.3942
6.3530
6.2028
5.9508
5.6081
5.1874
4.7011
4.1606
3.5757
2.9545
2.3035
1.6281
0.9325
0.2201
0.1000
0.1000
0.1000
0.1000
0.1000
0.1000
0.1000
0.1000
0.1000
0.1000
0.1000
0.1000
0.1000
0.1000
0.1000
0.1000
0.1000
0.1000
0.1000
0.1000
0.1000
0.1000
0.1000
0.1000
0.1000
1.6922
2.1062
2.4624
2.8592
3.4181
3.9330
4.3957
4.7969
5.1265
5.3748
5.5331
5.5954
5.5589
5.4253
5.1999
4.8907
4.5073
4.0598
3.5576
3.0095
2.4229
1.8040
1.1581
0.4896
0.1000
0.1000
0.1000
0.1000
0.1000
0.1000
0.1000
0.1000
0.1000
0.1000
0.1000
0.1000
0.1000
0.1000
0.1000
0.1000
0.1000
0.1000
0.1000
0.1000
0.1000
0.1000
0.1000
0.1000
0.1000
0.1000
1.0038
1.3958
1.7320
2.2653
2.7902
3.2703
3.6984
4.0666
4.3669
4.5915
4.7340
4.7898
4.7571
4.6370
4.4334
4.1522
3.8011
3.3879
2.9207
2.4069
1.8532
1.2654
0.6487
0.1000
0.1000
0.1000
0.1000
0.1000
0.1000
0.1000
0.1000
0.1000
0.1000
0.1000
0.1000
0.1000
0.1000
0.1000
0.1000
0.1000
0.1000
0.1000
0.1000
0.1000
0.1000
0.1000
0.1000
0.1000
0.1000
0.1000
0.2880
0.6596
1.1079
1.6405
2.1339
2.5824
2.9797
3.3193
3.5945
3.7993
3.9287
3.9793
3.9497
3.8407
3.6552
3.3979
3.0746
2.6918
2.2560
1.7738
1.2510
0.6930
0.1046
0.1000
0.1000
0.1000
0.1000
0.1000
0.1000
0.1000
0.1000
0.1000
0.1000
0.1000
0.1000
0.1000
0.1000
0.1000
0.1000
0.1000
0.1000
0.1000
0.1000
0.1000
0.1000
0.1000
0.1000
0.1000
0.1000
0.1000
0.1000
0.1000
0.1000
0.1000
0.1000
0.1000
0.1000
0.1000
0.1000
0.1000
0.1000
0.1000
0.1000
0.1000
0.1000
0.1000
0.1000
0.1000
0.1000
0.1000
0.1000
0.1000
0.1000
0.1000
0.1000
0.1000
0.1000
0.1000
0.1000
0.1000
0.1000
0.1000
0.1000
0.1000
0.1000
0.1000
0.1000
0.1000
0.1000
0.1000
0.1000
0.1000
0.1000
0.1000
0.1000
0.1000
0.1000
0.1000
0.1000
0.1000
0.1000
0.1000
0.1000
0.1000
0.1000
0.1000
0.1000
0.1000
0.1000
0.1000
0.1000
0.1000
0.1000
0.1000
0.1000
0.1000
0.1000
0.1000
0.1000
0.1000
0.1000
0.1000
0.1000
0.1000
0.1000
0.1000
0.1000
0.1000
0.1000
0.1000
0.1000
0.1000
0.1000
0.1000
0.1000
0.1000
0.1000
0.1000
0.1000
0.1000
0.1000
0.1000
0.1000
0.1000
0.1000
0.1000
0.1000
0.1000
0.1000
0.1000
0.1000
0.1000
0.1000
0.1000
0.1000
0.1000
0.1000
0.1000
0.1000
0.1000
0.1000
0.1000
0.1000
0.1000
0.1000
0.1000
0.1000
0.1000
0.1000
0.1000
0.1000
0.1000
0.1000
0.1000
0.1000
0.1000
0.1000
0.1000
0.1000
0.1000
0.1000
0.1000
0.1000
0.1000
0.1000
0.1000
0.1000
0.1000
0.1000
0.1000
0.1000
0.1000
0.1000
0.1000
0.1000
0.1000
0.1000
0.1000
0.1000
0.1000
0.1000
0.1000
0.1000
0.1000
0.1000
0.1000
0.1000
0.1000
0.1000
0.1000
0.1000
0.1000
0.1000
0.1000
0.1000
0.1000
0.1000
0.1000
0.1000
0.1000
0.1000
0.1000
0.1000
0.1000
0.1000
0.1000
0.1000
0.1000
0.1000
0.1000
0.1000
0.1000
0.1000
0.1000
0.1000
0.1000
0.1000
0.1000
0.1000
0.1000
0.1000
0.1000
0.1000
0.1000
0.1000
0.1000
0.1000
0.1000
0.1000
0.1000
0.1000
0.1000
0.1000
0.1000
0.1000
0.1000
0.1000
0.1000
0.1000
0.1000
0.1000
0.1000
0.1000
0.1000
0.1000
0.1000
0.1000
0.1000
0.1000
0.1000
0.1000
0.1000
0.1000
0.1000
0.1000
0.1000
0.1000
0.1000
0.1000
0.1000
0.1000
0.1000
0.1000
0.1000
0.1000
0.1000
0.1000
0.1000
0.1000
0.1000
0.1000
0.1000
0.1000
0.1000
0.1000
0.1000
0.1000
0.1000
0.1000
0.1000
0.1000
0.1000
0.1000
0.1000
0.1000
0.1000
0.1000
0.1000
0.1000
0.1000
0.1000
0.1000
0.1000
0.1000
0.1000
0.1000
0.1000
0.1000
0.1000
0.1000
0.1000
0.1000
0.1000
0.1000
0.1000
0.1000
0.1000
0.1000
0.1000
0.1000
0.1000
0.1000
0.1000
0.1000
0.1000
0.1000
0.1000
0.1000
0.1000
0.1000
0.1000
0.1000
0.1000
0.1000
0.1000
0.1000
0.1000
0.1000
0.1000
0.1000
0.1000
0.1000
0.1000
0.1000
0.1000
0.1000
0.1000
0.1000
0.1000
0.1000
0.1000
0.1000
0.1000
0.1000
0.1000
0.1000
0.1000
0.1000
0.1000
0.1000
0.1000
0.1000
0.1000
0.1000
0.1000
0.1000
0.1000
0.1000
0.1000
0.1000
0.1000
0.1000
0.1000
0.1000
0.1000
0.1000
0.1000
0.1000
0.1000
0.1000
0.1000
0.1000
0.1000
0.1000
0.1000
0.1000
0.1000
0.1000
0.1000
0.1000
0.1000
0.1000
0.1000
0.1000
0.1000
0.1000
0.1000
0.1000
0.1000
0.1000
0.1000
0.1000
0.1000
0.1000
0.1000
0.1000
0.1000
0.1000
0.1000
0.1000
0.1000
0.1000
0.1000
0.1000
0.1000
0.1000
0.1000
0.1000
0.1000
0.1000
0.1000
0.1000
0.1000
0.1000
0.1000
0.1000
0.1000
0.1000
0.1000
0.1000
0.1000
0.1000
0.1000
0.1000
0.1000
0.1000
0.1000
0.1000
0.1000
0.1000
0.1000
0.1000
0.1000
0.1000
0.1000
0.1000
0.1000
0.1000
0.1000
0.1000
0.1000
0.1000
0.1000
0.1000
0.1000
0.1000
0.1000
0.1000
0.1000
0.1000
0.1000
0.1000
0.1000
0.1000
0.1000
0.1000
0.1000
0.1000
0.1000
0.1000
0.1000
0.1000
0.1000
0.1000
0.1000
0.1000
0.1000
0.1000
0.1000
0.1000
0.1000
0.1000
0.1000
0.1000
0.1000
0.1000
0.1000
0.1000
0.1000
0.1000
0.1000
0.1000
0.1000
0.1000
0.1000
0.1000
0.1000
0.1000
0.1000
0.1000
0.1000
0.1000
0.1000
0.1000
0.1000
0.1000
0.1000
0.1000
0.1000
0.1000
0.1000
0.1000
0.1000
0.1000
0.1000
0.1000
0.1000
0.1000
0.1000
0.1000
0.1000
0.1000
0.1000
0.1000
0.1000
0.1000
0.1000
0.1000
0.1000
0.1000
0.1000
0.1000
0.1000
0.1000
0.1000
0.1000
0.1000
0.1000
0.1000
0.1000
0.1000
0.1000
0.1000
0.1000
0.1000
0.1000
0.1000
0.1000
0.1000
0.1000
0.1000
0.1000
0.1000
0.1000
0.1000
0.1000
0.1000
0.1000
0.1000
0.1000
0.1000
0.1000
0.1000
0.1000
0.1000
0.1000
0.1000
0.1000
0.1000
0.1000
0.1000
0.1000
0.1000
0.1000
0.1000
0.1000
0.1000
0.2145
0.4660
0.5486
0.4572
0.1975
0.1000
0.1000
0.1000
0.1000
0.1000
0.1000
0.1000
0.1000
0.1000
0.1000
0.1000
0.1000
0.1000
0.1000
0.1000
0.1000
0.1000
0.1000
0.1000
0.1000
0.1000
0.1000
0.1000
0.1000
0.1000
0.1000
0.1000
0.1000
0.1000
0.1000
0.1000
0.1000
0.1000
0.1000
0.1000
0.1000
0.1000
0.1000
0.1000
0.1000
0.1000
0.1000
0.1000
0.2750
0.8851
1.3507
1.6428
1.7395
1.6325
1.3310
0.8573
0.2406
0.1000
0.1000
0.1000
0.1000
0.1000
0.1000
0.1000
0.1000
0.1000
0.1000
0.1000
0.1000
0.1000
0.1000
0.1000
0.1000
0.1000
0.1000
0.1000
0.1000
0.1000
0.1000
0.1000
0.1000
0.1000
0.1000
0.1000
0.1000
0.1000
0.1000
0.1000
0.1000
0.1000
0.1000
0.1000
0.1000
0.1000
0.1000
0.1000
0.1000
0.4171
1.2272
1.9231
2.4662
2.8139
2.9302
2.8015
2.4430
1.8910
1.1884
0.3734
0.1000
0.1000
0.1000
0.1000
0.1000
0.1000
0.1000
0.1000
0.1000
0.1000
0.1000
0.1000
0.1000
0.1000
0.1000
0.1000
0.1000
0.1000
0.1000
0.1000
0.1000
0.1000
0.1000
0.1000
0.1000
0.1000
0.1000
0.1000
0.1000
0.1000
0.1000
0.1000
0.1000
0.1000
0.1000
0.1000
0.1000
0.1000
0.2186
1.1953
2.1009
2.9015
3.5476
3.9749
4.1209
3.9595
3.5195
2.8640
2.0570
1.1472
0.1675
0.1000
0.1000
0.1000
0.1000
0.1000
0.1000
0.1000
0.1000
0.1000
0.1000
0.1000
0.1000
0.1000
0.1000
0.1000
0.1000
0.1000
0.1000
0.1000
0.1000
0.1000
0.1000
0.1000
0.1000
0.1000
0.1000
0.1000
0.1000
0.1000
0.1000
0.1000
0.1000
0.1000
0.1000
0.1000
0.1000
0.1000
0.7941
1.8530
2.8604
3.7843
4.5677
5.1159
5.3114
5.0956
4.5325
3.7401
2.8109
1.8002
0.7393
0.1000
0.1000
0.1000
0.1000
0.1000
0.1000
0.1000
0.1000
0.1000
0.1000
0.1000
0.1000
0.1000
0.1000
0.1000
0.1000
0.1000
0.1000
0.1000
0.1000
0.1000
0.1000
0.1000
0.1000
0.1000
0.1000
0.1000
0.1000
0.1000
0.1000
0.1000
0.1000
0.1000
0.1000
0.1000
0.1000
0.1000
1.2220
2.3524
3.4556
4.5101
5.4669
6.2090
6.5014
6.1797
5.4220
4.4582
3.4005
2.2955
1.1641
0.1000
0.1000
0.1000
0.1000
0.1000
0.1000
0.1000
0.1000
0.1000
0.1000
0.1000
0.1000
0.1000
0.1000
0.1000
0.1000
0.1000
0.1000
0.1000
0.1000
0.1000
0.1000
0.1000
0.1000
0.1000
0.1000
0.1000
0.1000
0.1000
0.1000
0.1000
0.1000
0.1000
0.1000
0.1000
0.1000
0.2942
1.4758
2.6538
3.8253
4.9844
6.1139
7.1459
7.6892
7.0989
6.0578
4.9260
3.7660
2.5940
1.7069
1.1595
0.4431
0.1000
0.1000
0.1000
0.1000
0.1000
0.1000
0.1000
0.1000
0.1000
0.1000
0.1000
0.1000
0.1000
0.1000
0.1000
0.1000
0.1000
0.1000
0.1000
0.1000
0.1000
0.1000
0.1000
0.1000
0.1000
0.1000
0.1000
0.1000
0.1000
0.1000
0.1000
0.1000
0.1000
0.1000
0.3465
1.5368
2.7268
3.9164
5.1052
6.2916
7.4692
8.4042
7.4099
6.2314
5.0448
3.8560
3.3463
2.9503
2.3459
1.5626
0.6313
0.1000
0.1000
0.1000
0.1000
0.1000
0.1000
0.1000
0.1000
0.1000
0.1000
0.1000
0.1000
0.1000
0.1000
0.1000
0.1000
0.1000
0.1000
0.1000
0.1000
0.1000
0.1000
0.1000
0.1000
0.1000
0.1000
0.1000
0.1000
0.1000
0.1000
0.1000
0.1000
0.1000
0.2291
1.4001
2.5634
3.7136
4.8386
5.9075
6.8196
7.2324
6.7807
5.8555
4.7823
4.7142
4.5293
4.0874
3.4196
2.5645
1.5597
0.4377
0.1000
0.1000
0.1000
0.1000
0.1000
0.1000
0.1000
0.1000
0.1000
0.1000
0.1000
0.1000
0.1000
0.1000
0.1000
0.1000
0.1000
0.1000
0.1000
0.1000
0.1000
0.1000
0.1000
0.1000
0.1000
0.1000
0.1000
0.1000
0.1000
0.1000
0.1000
0.1000
0.1000
1.0765
2.1814
3.2497
4.2545
5.1411
5.7972
6.0432
5.7721
5.2874
5.6803
5.7780
5.5706
5.0786
4.3441
3.4161
2.3396
1.1509
0.1000
0.1000
0.1000
0.1000
0.1000
0.1000
0.1000
0.1000
0.1000
0.1000
0.1000
0.1000
0.1000
0.1000
0.1000
0.1000
0.1000
0.1000
0.1000
0.1000
0.1000
0.1000
0.1000
0.1000
0.1000
0.1000
0.1000
0.1000
0.1000
0.1000
0.1000
0.1000
0.1000
0.5884
1.6163
2.5843
3.4588
4.1848
4.6799
4.8529
5.3895
6.1014
6.5354
6.6439
6.4137
5.8724
5.0745
4.0800
2.9404
1.6950
0.1000
0.1000
0.1000
0.1000
0.1000
0.1000
0.1000
0.1000
0.1000
0.1000
0.1000
0.1000
0.1000
0.1000
0.1000
0.1000
0.1000
0.1000
0.1000
0.1000
0.1000
0.1000
0.1000
0.1000
0.1000
0.1000
0.1000
0.1000
0.1000
0.1000
0.1000
0.1000
0.1000
0.1000
0.9080
1.7756
2.5336
3.1365
3.7757
4.9152
5.8952
6.6540
7.1213
7.2389
6.9899
6.4089
5.5620
4.5178
3.3326
2.0473
0.1000
0.1000
0.1000
0.1000
0.1000
0.1000
0.1000
0.1000
0.1000
0.1000
0.1000
0.1000
0.1000
0.1000
0.1000
0.1000
0.1000
0.1000
0.1000
0.1000
0.1000
0.1000
0.1000
0.1000
0.1000
0.1000
0.1000
0.1000
0.1000
0.1000
0.1000
0.1000
0.1000
0.1000
0.1000
0.8682
1.5290
2.6725
3.9435
5.1038
6.1063
6.8867
7.3696
7.4915
7.2336
6.6341
5.7648
4.6986
3.4936
2.1911
0.1000
0.1000
0.1000
0.1000
0.1000
0.1000
0.1000
0.1000
0.1000
0.1000
0.1000
0.1000
0.1000
0.1000
0.1000
0.1000
0.1000
0.1000
0.1000
0.1000
0.1000
0.1000
0.1000
0.1000
0.1000
0.1000
0.1000
0.1000
0.1000
0.1000
0.1000
0.1000
0.1000
0.1000
0.1000
0.1000
1.2561
2.5975
3.8594
5.0092
6.0002
6.7696
7.2445
7.3642
7.1109
6.5209
5.6629
4.6079
3.4129
2.1191
0.1000
0.1000
0.3108
0.5581
0.7468
0.8743
0.9390
0.9399
0.8770
0.7513
0.5643
0.3187
0.1000
0.1000
0.1000
0.1000
0.1000
0.1000
0.1000
0.1000
0.1000
0.1000
0.1000
0.1000
0.1000
0.1000
0.1000
0.1000
0.1000
0.1000
0.1000
0.1000
0.1000
0.1000
0.1000
0.1000
0.9903
2.3020
3.5292
4.6397
5.5886
6.3182
6.7647
6.8766
6.6394
6.0831
5.2667
4.2531
3.0959
1.8349
0.4045
0.7792
1.0998
1.3621
1.5625
1.6983
1.7672
1.7681
1.7012
1.5673
1.3687
1.1081
0.7892
0.7070
0.5699
0.3775
0.1324
0.1000
0.1000
0.1000
0.1000
0.1000
0.1000
0.1000
0.1000
0.1000
0.1000
0.1000
0.1000
0.1000
0.1000
0.1000
0.1000
0.1000
0.1000
0.1000
0.5376
1.8017
2.9745
4.0249
4.9115
5.5843
5.9912
6.0926
5.8774
5.3685
4.6120
3.6607
2.5617
1.3526
1.1340
1.5300
1.8698
2.1486
2.3622
2.5070
2.5806
2.5817
2.5101
2.3673
2.1556
1.8787
1.6003
1.5145
1.3674
1.1616
0.9001
0.5865
0.2248
0.1000
0.1000
0.1000
0.1000
0.1000
0.1000
0.1000
0.1000
0.1000
0.1000
0.1000
0.1000
0.1000
0.1000
0.1000
0.1000
0.1000
0.1000
1.1198
2.2262
3.2055
4.0212
4.6319
4.9971
5.0875
4.8953
4.4369
3.7470
2.8674
1.8381
0.6932
1.8375
2.2564
2.6171
2.9141
3.1422
3.2972
3.3761
3.3773
3.3006
3.1477
2.9216
2.6266
2.4108
2.3181
2.1597
1.9386
1.6584
1.3237
0.9391
0.5094
0.1000
0.1000
0.1000
0.1000
0.1000
0.1000
0.1000
0.1000
0.1000
0.1000
0.1000
0.1000
0.1000
0.1000
0.1000
0.1000
0.1000
0.2828
1.3177
2.2231
2.9679
3.5188
3.8450
3.9254
3.7543
3.3436
2.7186
1.9118
0.9560
0.1000
2.5102
2.9538
3.3372
3.6540
3.8982
4.0647
4.1495
4.1507
4.0682
3.9041
3.6621
3.3473
3.2176
3.1170
2.9455
2.7067
2.4053
2.0468
1.6367
1.1807
0.6840
0.1514
0.1000
0.1000
0.1000
0.1000
0.1000
0.1000
0.1000
0.1000
0.1000
0.1000
0.1000
0.1000
0.1000
0.1000
0.1000
0.1000
0.2801
1.1141
1.7927
2.2895
2.5815
2.6532
2.5005
2.1320
1.5663
0.8283
0.1000
0.1000
3.1466
3.6164
4.0243
4.3629
4.6248
4.8038
4.8952
4.8965
4.8076
4.6311
4.3715
4.0496
4.0198
3.9099
3.7230
3.4637
3.1382
2.7528
2.3145
1.8297
1.3043
0.7438
0.1529
0.1000
0.1000
0.1000
0.1000
0.1000
0.1000
0.1000
0.1000
0.1000
0.1000
0.1000
0.1000
0.1000
0.1000
0.3584
0.6161
0.7160
0.6532
0.9762
1.2388
1.3031
1.1661
0.8341
0.3208
0.1000
0.1000
0.1000
3.7403
4.2375
4.6715
5.0334
5.3147
5.5076
5.6063
5.6077
5.5117
5.3214
5.0426
4.8487
4.8158
4.6948
4.4897
4.2067
3.8533
3.4378
2.9681
2.4519
1.8959
1.3059
0.6871
0.1000
0.1000
0.1000
0.1000
0.1000
0.1000
0.1000
0.1000
0.1000
0.1000
0.1000
0.1000
0.4114
1.0012
1.4516
1.7413
1.8540
1.7831
1.5327
1.1173
0.5574
0.1000
0.1000
0.1000
0.1000
0.1000
0.1000
4.2836
4.8090
5.2701
5.6569
5.9589
6.1669
6.2737
6.2752
6.1714
5.9662
5.6667
5.6403
5.6036
5.4692
5.2424
4.9314
4.5461
4.0965
3.5924
3.0423
2.4537
1.8331
1.1855
0.5155
0.1000
0.1000
0.1000
0.1000
0.1000
0.1000
0.1000
0.1000
0.1000
0.1000
0.5629
1.3350
1.9882
2.4938
2.8225
2.9513
2.8702
2.5855
2.1180
1.4959
0.7486
0.1000
0.1000
0.1000
0.1000
0.1000
4.7681
5.3215
5.8102
6.2224
6.5462
6.7703
6.8856
6.8873
6.7751
6.5541
6.3509
6.4214
6.3801
6.2292
5.9762
5.6323
5.2102
4.7225
4.1806
3.5944
2.9720
2.3199
1.6435
0.9469
0.2338
0.1000
0.1000
0.1000
0.1000
0.1000
0.1000
0.1000
0.1000
0.3954
1.3262
2.1683
2.8925
3.4623
3.8384
3.9872
3.8934
3.5668
3.0378
2.3456
1.5275
0.6148
0.1000
0.1000
0.1000
0.1000
5.1844
5.7645
6.2798
6.7173
7.0630
7.3033
7.4275
7.4293
7.3086
7.0714
7.1072
7.1875
7.1404
6.9690
6.6841
6.3013
5.8371
5.3072
4.7248
4.1009
3.4438
2.7603
2.0555
1.3334
0.5972
0.1000
0.1000
0.1000
0.1000
0.1000
0.1000
0.1000
0.1000
0.9757
1.9693
2.8819
3.6810
4.3228
4.7545
4.9275
4.8183
4.4420
3.8435
3.0761
2.1862
1.2088
0.1686
0.1000
0.1000
0.1000
5.5230
6.1268
6.6663
7.1270
7.4932
7.7491
7.8818
7.8837
7.7547
7.6058
7.8382
7.9312
7.8766
7.6793
7.3555
6.9269
6.4154
5.8398
5.2152
4.5530
3.8617
3.1479
2.4161
1.6702
0.9126
0.1457
0.1000
0.1000
0.1000
0.1000
0.1000
0.1000
0.3187
1.4160
2.4636
3.4395
4.3098
5.0242
5.5159
5.7162
5.5895
5.1590
4.4891
3.6493
2.6941
1.6606
0.5732
0.1000
0.1000
0.1000
5.7746
6.3975
6.9566
7.4365
7.8199
8.0891
8.2291
8.2311
8.0949
8.2605
8.5303
8.6397
8.5754
8.3453
7.9744
7.4933
6.9302
6.3071
5.6402
4.9410
4.2176
3.4758
2.7197
1.9524
1.1761
0.3925
0.1000
0.1000
0.1000
0.1000
0.1000
0.1000
0.5672
1.6953
2.7806
3.8022
4.7266
5.4998
6.0433
6.2682
6.1257
5.6477
4.9192
4.0238
3.0208
1.9479
0.8283
0.1000
0.1000
0.1000
5.9315
6.5669
7.1390
7.6319
8.0271
8.3054
8.4505
8.4526
8.3848
8.8441
9.1598
9.2900
9.2133
8.9426
8.5166
7.9784
7.3625
6.6935
5.9873
5.2549
4.5033
3.7375
2.9607
2.1756
1.3838
0.5867
0.1000
0.1000
0.1000
0.1000
0.1000
0.1000
0.6584
1.7982
2.8981
3.9379
4.8844
5.6827
6.2493
6.4857
6.3357
5.8363
5.0826
4.1641
3.1421
2.0539
0.9219
0.1000
0.1000
0.1000
5.9884
6.6284
7.2055
7.7033
8.1029
8.3848
8.5319
8.5340
8.8007
9.3182
9.6853
9.8405
9.7487
9.4315
8.9476
8.3540
7.6906
6.9821
6.2437
5.4847
4.7111
3.9268
3.1345
2.3360
1.5327
0.7256
0.1000
0.1000
0.1000
0.1000
0.1000
0.1000
0.5878
1.7185
2.8070
3.8327
4.7619
5.5407
6.0891
6.3165
6.1724
5.6897
4.9558
4.0553
3.0481
1.9718
0.8494
0.1000
0.1000
0.1000
5.9433
6.5796
7.1527
7.6466
8.0427
8.3218
8.4673
8.4694
9.0656
9.6294
10.0413
10.2199
10.1139
9.7552
9.2242
8.5891
7.8922
7.1573
6.3979
5.6221
4.8347
4.0391
3.2372
2.4306
1.6204
0.8072
0.1000
0.1000
0.1000
0.1000
0.1000
0.1000
0.3589
1.4610
2.5145
3.4974
4.3759
5.0991
5.5982
5.8020
5.6731
5.2357
4.5572
3.7091
2.7465
1.7069
0.6144
0.1000
0.1000
0.1000
5.7977
6.4224
6.9833
7.4651
7.8502
8.1207
8.2614
8.4774
9.1444
9.7238
10.1516
10.3390
10.2277
9.8540
9.3068
8.6583
7.9510
7.2080
6.4423
5.6615
4.8701
4.0711
3.2665
2.4576
1.6454
0.8305
0.1000
0.1000
0.1000
0.1000
0.1000
0.1000
0.1000
1.0402
2.0413
2.9626
3.7713
4.4225
4.8618
5.0382
4.9268
4.5437
3.9359
3.1589
2.2601
1.2749
0.2281
0.1000
0.1000
0.1000
5.5567
6.1630
6.7050
7.1682
7.5365
7.7942
7.9278
8.3766
9.0247
9.5807
9.9848
10.1592
10.0558
9.7044
9.1813
8.5530
7.8615
7.1307
6.3745
5.6013
4.8161
4.0221
3.2217
2.4164
1.6072
0.7949
0.1000
0.1000
0.1000
0.1000
0.1000
0.1000
0.1000
0.4765
1.4156
2.2668
3.0004
3.5791
3.9619
4.1135
4.0179
3.6854
3.1479
2.4462
1.6189
0.6978
0.1000
0.1000
0.1000
0.1000
5.2277
5.8107
6.3290
6.7693
7.1174
7.3596
7.4848
8.1202
8.7248
9.2306
9.5869
9.7367
9.6482
9.3408
8.8688
8.2860
7.6317
6.9306
6.1982
5.4440
4.6744
3.8934
3.1039
2.3078
1.5066
0.7012
0.1000
0.1000
0.1000
0.1000
0.1000
0.1000
0.1000
0.1000
0.6662
1.4470
2.1089
2.6222
2.9564
3.0876
3.0050
2.7154
2.2405
1.6099
0.8538
0.1000
0.1000
0.1000
0.1000
0.1000
4.8199
5.3765
5.8683
6.2835
6.6098
6.8358
7.1115
7.7328
8.2825
8.7296
9.0350
9.1605
9.0866
8.8250
8.4111
7.8849
7.2800
6.6202
5.9218
5.1959
4.4498
3.6885
2.9157
2.1340
1.3451
0.5506
0.1000
0.1000
0.1000
0.1000
0.1000
0.1000
0.1000
0.1000
0.1000
0.5335
1.1310
1.5879
1.8821
1.9968
1.9246
1.6703
1.2487
0.6813
0.1000
0.1000
0.1000
0.1000
0.1000
0.1000
4.3428
4.8714
5.3357
5.7254
6.0299
6.2397
6.6731
7.2430
7.7366
8.1284
8.3897
8.4953
8.4333
8.2107
7.8503
7.3807
6.8286
6.2155
5.5573
4.8657
4.1487
3.4125
2.6612
1.8981
1.1255
0.3452
0.1000
0.1000
0.1000
0.1000
0.1000
0.1000
0.1000
0.1000
0.1000
0.1000
0.1000
0.5003
0.7617
0.8631
0.7993
0.5737
0.1967
0.1000
0.1000
0.1000
0.1000
0.1000
0.1000
0.1000
3.8058
4.3062
4.7433
5.1080
5.3916
5.5862
6.1564
6.6762
7.1182
7.4624
7.6879
7.7780
7.7252
7.5338
7.2188
6.8004
6.2991
5.7333
5.1176
4.4634
3.7792
3.0715
2.3453
1.6041
0.8508
0.1000
0.1000
0.1000
0.1000
0.1000
0.1000
0.1000
0.1000
0.1000
0.1000
0.1000
0.1000
0.1000
0.1000
0.1000
0.1000
0.1000
0.1000
0.1000
0.1000
0.1000
0.1000
0.1000
0.1000
0.1000
3.2175
3.6904
4.1013
4.4424
4.7065
5.0430
5.5788
6.0524
6.4493
6.7537
6.9508
7.0289
6.9831
6.8163
6.5387
6.1645
5.7096
5.1888
4.6151
3.9991
3.3493
2.6723
1.9734
1.2566
0.5250
0.1000
0.1000
0.1000
0.1000
0.1000
0.1000
0.1000
0.1000
0.1000
0.1000
0.1000
0.1000
0.1000
0.1000
0.1000
0.1000
0.1000
0.1000
0.1000
0.1000
0.1000
0.1000
0.1000
0.1000
0.1000
2.5857
3.0322
3.4184
3.7377
3.9838
4.4596
4.9542
5.3865
5.7446
6.0162
6.1904
6.2591
6.2189
6.0717
5.8246
5.4881
5.0741
4.5947
4.0610
3.4825
2.8672
2.2217
1.5513
0.8603
0.1521
0.1000
0.1000
0.1000
0.1000
0.1000
0.1000
0.1000
0.1000
0.1000
0.1000
0.1000
0.1000
0.1000
0.1000
0.1000
0.1000
0.1000
0.1000
0.1000
0.1000
0.1000
0.1000
0.1000
0.1000
0.1000
1.9169
2.3386
2.7018
3.0010
3.3264
3.8359
4.2932
4.6892
5.0141
5.2586
5.4143
5.4755
5.4397
5.3083
5.0864
4.7816
4.4034
3.9612
3.4646
2.9217
2.3401
1.7260
1.0845
0.4200
0.1000
0.1000
0.1000
0.1000
0.1000
0.1000
0.1000
0.1000
0.1000
0.1000
0.1000
0.1000
0.1000
0.1000
0.1000
0.1000
0.1000
0.1000
0.1000
0.1000
0.1000
0.1000
0.1000
0.1000
0.1000
0.1000
1.2167
1.6153
1.9574
2.2382
2.7044
3.1801
3.6039
3.9680
4.2647
4.4865
4.6271
4.6821
4.6499
4.5314
4.3304
4.0527
3.7054
3.2965
2.8337
2.3242
1.7748
1.1911
0.5781
0.1000
0.1000
0.1000
0.1000
0.1000
0.1000
0.1000
0.1000
0.1000
0.1000
0.1000
0.1000
0.1000
0.1000
0.1000
0.1000
0.1000
0.1000
0.1000
0.1000
0.1000
0.1000
0.1000
0.1000
0.1000
0.1000
0.1000
0.4900
0.8671
1.1898
1.5636
2.0534
2.4983
2.8922
3.2286
3.5010
3.7037
3.8317
3.8817
3.8524
3.7446
3.5612
3.3065
2.9862
2.6068
2.1746
1.6960
1.1768
0.6223
0.1000
0.1000
0.1000
0.1000
0.1000
0.1000
0.1000
0.1000
0.1000
0.1000
0.1000
0.1000
0.1000
0.1000
0.1000
0.1000
0.1000
0.1000
0.1000
0.1000
0.1000
0.1000
0.1000
0.1000
0.1000
0.1000
0.1000
0.1000
0.1000
0.1000
0.1000
0.1000
0.1000
0.1000
0.1000
0.1000
0.1000
0.1000
0.1000
0.1000
0.1000
0.1000
0.1000
0.1000
0.1000
0.1000
0.1000
0.1000
0.1000
0.1000
0.1000
0.1000
0.1000
0.1000
0.1000
0.1000
0.1000
0.1000
0.1000
0.1000
0.1000
0.1000
0.1000
0.1000
0.1000
0.1000
0.1000
0.1000
0.1000
0.1000
0.1000
0.1000
0.1000
0.1000
0.1000
0.1000
0.1000
0.1000
0.1000
0.1000
0.1000
0.1000
0.1000
0.1000
0.1000
0.1000
0.1000
0.1000
0.1000
0.1000
0.1000
0.1000
0.1000
0.1000
0.1000
0.1000
0.1000
0.1000
0.1000
0.1000
0.1000
0.1000
0.1000
0.1000
0.1000
0.1000
0.1000
0.1000
0.1000
0.1000
0.1000
0.1000
0.1000
0.1000
0.1000
0.1000
0.1000
0.1000
0.1000
0.1000
0.1000
0.1000
0.1000
0.1000
0.1000
0.1000
0.1000
0.1000
0.1000
0.1000
0.1000
0.1000
0.1000
0.1000
0.1000
0.1000
0.1000
0.1000
0.1000
0.1000
0.1000
0.1000
0.1000
0.1000
0.1000
0.1000
0.1000
0.1000
0.1000
0.1000
0.1000
0.1000
0.1000
0.1000
0.1000
0.1000
0.1000
0.1000
0.1000
0.1000
0.1000
0.1000
0.1000
0.1000
0.1000
0.1000
0.1000
0.1000
0.1000
0.1000
0.1000
0.1000
0.1000
0.1000
0.1000
0.1000
0.1000
0.1000
0.1000
0.1000
0.1000
0.1000
0.1000
0.1000
0.1000
0.1000
0.1000
0.1000
0.1000
0.1000
0.1000
0.1000
0.1000
0.1000
0.1000
0.1000
0.1000
0.1000
0.1000
0.1000
0.1000
0.1000
0.1000
0.1000
0.1000
0.1000
0.1000
0.1000
0.1000
0.1000
0.1000
0.1000
0.1000
0.1000
0.1000
0.1000
0.1000
0.1000
0.1000
0.1000
0.1000
0.1000
0.1000
0.1000
0.1000
0.1000
0.1000
0.1000
0.1000
0.1000
0.1000
0.1000
0.1000
0.1000
0.1000
0.1000
0.1000
0.1000
0.1000
0.1000
0.1000
0.1000
0.1000
0.1000
0.1000
0.1000
0.1000
0.1000
0.1000
0.1000
0.1000
0.1000
0.1000
0.1000
0.1000
0.1000
0.1000
0.1000
0.1000
0.1000
0.1000
0.1000
0.1000
0.1000
0.1000
0.1000
0.1000
0.1000
0.1000
0.1000
0.1000
0.1000
0.1000
0.1000
0.1000
0.1000
0.1000
0.1000
0.1000
0.1000
0.1000
0.1000
0.1000
0.1000
0.1000
0.1000
0.1000
0.1000
0.1000
0.1000
0.1000
0.1000
0.1000
0.1000
0.1000
0.1000
0.1000
0.1000
0.1000
0.1000
0.1000
0.1000
0.1000
0.1000
0.1000
0.1000
0.1000
0.1000
0.1000
0.1000
0.1000
0.1000
0.1000
0.1000
0.1000
0.1000
0.1000
0.1000
0.1000
0.1000
0.1000
0.1000
0.1000
0.1000
0.1000
0.1000
0.1000
0.1000
0.1000
0.1000
0.1000
0.1000
0.1000
0.1000
0.1000
0.1000
0.1000
0.1000
0.1000
0.1000
0.1000
0.1000
0.1000
0.1000
0.1000
0.1000
0.1000
0.1000
0.1000
0.1000
0.1000
0.1000
0.1000
0.1000
0.1000
0.1000
0.1000
0.1000
0.1000
0.1000
0.1000
0.1000
0.1000
0.1000
0.1000
0.1000
0.1000
0.1000
0.1000
0.1000
0.1000
0.1000
0.1000
0.1000
0.1000
0.1000
0.1000
0.1000
0.1000
0.1000
0.1000
0.1000
0.1000
0.1000
0.1000
0.1000
0.1000
0.1000
0.1000
0.1000
0.1000
0.1000
0.1000
0.1000
0.1000
0.1000
0.1000
0.1000
0.1000
0.1000
0.1000
0.1000
0.1000
0.1000
0.1000
0.1000
0.1000
0.1000
0.1000
0.1000
0.1000
0.1000
0.1000
0.1000
0.1000
0.1000
0.1000
0.1000
0.1000
0.1000
0.1000
0.1000
0.1000
0.1000
0.1000
0.1000
0.1000
0.1000
0.1000
0.1000
0.1000
0.1000
0.1000
0.1000
0.1000
0.1000
0.1000
0.1000
0.1000
0.1000
0.1000
0.1000
0.1000
0.1000
0.1000
0.1000
0.1000
0.1000
0.1000
0.1000
0.1000
0.1000
0.1000
0.1000
0.1000
0.1000
0.1000
0.1000
0.1000
0.1000
0.1000
0.1000
0.1000
0.1000
0.1000
0.1000
0.1000
0.1000
0.1000
0.1000
0.1000
0.1000
0.1000
0.1000
0.1000
0.1000
0.1000
0.1000
0.1000
0.1000
0.1000
0.1000
0.1000
0.1000
0.1000
0.1000
0.1000
0.1000
0.1000
0.1000
0.1000
0.1000
0.1000
0.1000
0.1000
0.1000
0.1000
0.1000
0.1000
0.1000
0.1000
0.1000
0.1000
0.1000
0.1000
0.1000
0.1000
0.1000
0.1000
0.1000
0.1000
0.1000
0.1000
0.1000
0.1000
0.1000
0.1000
0.1000
0.1000
0.1000
0.1000
0.1000
0.1000
0.1000
0.1000
0.1000
0.1000
0.1000
0.1000
0.1000
0.1000
0.1000
0.1000
0.1000
0.1000
0.1000
0.1000
0.1000
0.1000
0.1000
0.1000
0.1000
0.1000
0.1000
0.1000
0.1000
0.1000
0.1000
0.1000
0.1000
0.1000
0.1000
0.1000
0.1000
0.1000
0.1000
0.1000
0.1000
0.1000
0.1000
0.1000
0.1000
0.1000
0.1000
0.1000
0.2005
0.4516
0.5340
0.4428
0.1835
0.1000
0.1000
0.1000
0.1000
0.1000
0.1000
0.1000
0.1000
0.1000
0.1000
0.1000
0.1000
0.1000
0.1000
0.1000
0.1000
0.1000
0.1000
0.1000
0.1000
0.1000
0.1000
0.1000
0.1000
0.1000
0.1000
0.1000
0.1000
0.1000
0.1000
0.1000
0.1000
0.1000
0.1000
0.1000
0.1000
0.1000
0.1000
0.1000
0.1000
0.1000
0.1000
0.1000
0.2608
0.8699
1.3345
1.6259
1.7223
1.6157
1.3148
0.8421
0.2265
0.1000
0.1000
0.1000
0.1000
0.1000
0.1000
0.1000
0.1000
0.1000
0.1000
0.1000
0.1000
0.1000
0.1000
0.1000
0.1000
0.1000
0.1000
0.1000
0.1000
0.1000
0.1000
0.1000
0.1000
0.1000
0.1000
0.1000
0.1000
0.1000
0.1000
0.1000
0.1000
0.1000
0.1000
0.1000
0.1000
0.1000
0.1000
0.1000
0.1000
0.4027
1.2112
1.9055
2.4471
2.7936
2.9095
2.7813
2.4239
1.8735
1.1726
0.3591
0.1000
0.1000
0.1000
0.1000
0.1000
0.1000
0.1000
0.1000
0.1000
0.1000
0.1000
0.1000
0.1000
0.1000
0.1000
0.1000
0.1000
0.1000
0.1000
0.1000
0.1000
0.1000
0.1000
0.1000
0.1000
0.1000
0.1000
0.1000
0.1000
0.1000
0.1000
0.1000
0.1000
0.1000
0.1000
0.1000
0.1000
0.1000
0.2045
1.1794
2.0828
2.8809
3.5245
3.9496
4.0948
3.9343
3.4964
2.8436
2.0391
1.1314
0.1535
0.1000
0.1000
0.1000
0.1000
0.1000
0.1000
0.1000
0.1000
0.1000
0.1000
0.1000
0.1000
0.1000
0.1000
0.1000
0.1000
0.1000
0.1000
0.1000
0.1000
0.1000
0.1000
0.1000
0.1000
0.1000
0.1000
0.1000
0.1000
0.1000
0.1000
0.1000
0.1000
0.1000
0.1000
0.1000
0.1000
0.1000
0.7791
1.8356
2.8400
3.7600
4.5387
5.0826
5.2761
5.0624
4.5039
3.7160
2.7906
1.7830
0.7243
0.1000
0.1000
0.1000
0.1000
0.1000
0.1000
0.1000
0.1000
0.1000
0.1000
0.1000
0.1000
0.1000
0.1000
0.1000
0.1000
0.1000
0.1000
0.1000
0.1000
0.1000
0.1000
0.1000
0.1000
0.1000
0.1000
0.1000
0.1000
0.1000
0.1000
0.1000
0.1000
0.1000
0.1000
0.1000
0.1000
0.1000
1.2061
2.3336
3.4329
4.4816
5.4300
6.1610
6.4471
6.1322
5.3856
4.4301
3.3780
2.2768
1.1482
0.2541
0.1000
0.1000
0.1000
0.1000
0.1000
0.1000
0.1000
0.1000
0.1000
0.1000
0.1000
0.1000
0.1000
0.1000
0.1000
0.1000
0.1000
0.1000
0.1000
0.1000
0.1000
0.1000
0.1000
0.1000
0.1000
0.1000
0.1000
0.1000
0.1000
0.1000
0.1000
0.1000
0.1000
0.1000
0.1000
0.2800
1.4593
2.6340
3.8008
4.9523
6.0677
7.0693
7.5735
7.0245
6.0126
4.8943
3.7418
2.5744
2.1273
1.5618
0.8240
0.1000
0.1000
0.1000
0.1000
0.1000
0.1000
0.1000
0.1000
0.1000
0.1000
0.1000
0.1000
0.1000
0.1000
0.1000
0.1000
0.1000
0.1000
0.1000
0.1000
0.1000
0.1000
0.1000
0.1000
0.1000
0.1000
0.1000
0.1000
0.1000
0.1000
0.1000
0.1000
0.1000
0.1000
0.3322
1.5201
2.7069
3.8915
5.0719
6.2420
7.3731
8.1079
7.3181
6.1830
5.0121
4.0047
3.8323
3.4186
2.7896
1.9781
1.0176
0.1000
0.1000
0.1000
0.1000
0.1000
0.1000
0.1000
0.1000
0.1000
0.1000
0.1000
0.1000
0.1000
0.1000
0.1000
0.1000
0.1000
0.1000
0.1000
0.1000
0.1000
0.1000
0.1000
0.1000
0.1000
0.1000
0.1000
0.1000
0.1000
0.1000
0.1000
0.1000
0.1000
0.2150
1.3838
2.5440
3.6896
4.8076
5.8647
6.7561
7.1514
6.7185
5.8135
5.1813
5.2736
5.0775
4.6105
3.9090
3.0168
1.9751
0.8185
0.1000
0.1000
0.1000
0.1000
0.1000
0.1000
0.1000
0.1000
0.1000
0.1000
0.1000
0.1000
0.1000
0.1000
0.1000
0.1000
0.1000
0.1000
0.1000
0.1000
0.1000
0.1000
0.1000
0.1000
0.1000
0.1000
0.1000
0.1000
0.1000
0.1000
0.1000
0.1000
0.1000
1.0609
2.1631
3.2278
4.2276
5.1075
5.7560
5.9982
5.7313
5.8848
6.3070
6.4124
6.1887
5.6615
4.8815
3.9054
2.7831
1.5530
0.1000
0.1000
0.1000
0.1000
0.1000
0.1000
0.1000
0.1000
0.1000
0.1000
0.1000
0.1000
0.1000
0.1000
0.1000
0.1000
0.1000
0.1000
0.1000
0.1000
0.1000
0.1000
0.1000
0.1000
0.1000
0.1000
0.1000
0.1000
0.1000
0.1000
0.1000
0.1000
0.1000
0.5737
1.5995
2.5648
3.4361
4.1583
4.6502
5.0038
5.9942
6.7630
7.2374
7.3570
7.1039
6.5144
5.6571
4.6027
3.4083
2.1150
0.1000
0.1000
0.1000
0.1000
0.1000
0.1000
0.1000
0.1000
0.1000
0.1000
0.1000
0.1000
0.1000
0.1000
0.1000
0.1000
0.1000
0.1000
0.1000
0.1000
0.1000
0.1000
0.1000
0.1000
0.1000
0.1000
0.1000
0.1000
0.1000
0.1000
0.1000
0.1000
0.1000
0.1000
0.8927
1.7584
2.5142
3.1150
4.2825
5.4873
6.5392
7.3681
7.8872
8.0191
7.7404
7.0987
6.1795
5.0653
3.8180
2.4798
0.1000
0.1000
0.1000
0.1000
0.1000
0.1000
0.1000
0.1000
0.1000
0.1000
0.1000
0.1000
0.1000
0.1000
0.1000
0.1000
0.1000
0.1000
0.1000
0.1000
0.1000
0.1000
0.1000
0.1000
0.1000
0.1000
0.1000
0.1000
0.1000
0.1000
0.1000
0.1000
0.1000
0.1000
0.1000
0.8530
1.7309
3.1292
4.4589
5.6884
6.7683
7.6256
8.1664
8.3044
8.0131
7.3462
6.3981
5.2570
3.9865
2.6289
0.1000
0.1000
0.1000
0.1000
0.1000
0.2208
0.2825
0.2833
0.2234
0.1034
0.1000
0.1000
0.1000
0.1000
0.1000
0.1000
0.1000
0.1000
0.1000
0.1000
0.1000
0.1000
0.1000
0.1000
0.1000
0.1000
0.1000
0.1000
0.1000
0.1000
0.1000
0.1000
0.1000
0.1000
0.1000
0.2223
1.6615
3.0511
4.3705
5.5874
6.6530
7.4958
8.0254
8.1603
7.8755
7.2215
6.2882
5.1607
3.9020
2.5542
0.1000
0.1905
0.4974
0.7481
0.9394
1.0688
1.1345
1.1354
1.0716
0.9440
0.7545
0.5054
0.2000
0.1000
0.1000
0.1000
0.1000
0.1000
0.1000
0.1000
0.1000
0.1000
0.1000
0.1000
0.1000
0.1000
0.1000
0.1000
0.1000
0.1000
0.1000
0.1000
0.1000
0.1000
0.1000
0.1000
1.3874
2.7441
4.0239
5.1944
6.2081
6.9994
7.4903
7.6144
7.3519
6.7431
5.8625
4.7854
3.5706
2.2598
0.5924
0.9724
1.2976
1.5640
1.7677
1.9056
1.9757
1.9767
1.9086
1.7726
1.5707
1.3061
0.9825
0.6215
0.4854
0.2943
0.1000
0.1000
0.1000
0.1000
0.1000
0.1000
0.1000
0.1000
0.1000
0.1000
0.1000
0.1000
0.1000
0.1000
0.1000
0.1000
0.1000
0.1000
0.1000
0.1000
0.9212
2.2254
3.4439
4.5446
5.4833
6.2035
6.6432
6.7534
6.5199
5.9716
5.1651
4.1617
3.0139
1.7611
1.3324
1.7347
2.0801
2.3637
2.5812
2.7288
2.8038
2.8049
2.7319
2.5864
2.3709
2.0891
1.7454
1.4228
1.2770
1.0728
0.8132
0.5019
0.1427
0.1000
0.1000
0.1000
0.1000
0.1000
0.1000
0.1000
0.1000
0.1000
0.1000
0.1000
0.1000
0.1000
0.1000
0.1000
0.1000
0.1000
0.2820
1.5209
2.6654
3.6851
4.5408
5.1862
5.5745
5.6710
5.4661
4.9796
4.2524
3.3322
2.2631
1.0813
2.0472
2.4735
2.8410
3.1438
3.3767
3.5351
3.6158
3.6169
3.5385
3.3823
3.1515
2.8506
2.4849
2.2193
2.0624
1.8433
1.5655
1.2335
0.8519
0.4253
0.1000
0.1000
0.1000
0.1000
0.1000
0.1000
0.1000
0.1000
0.1000
0.1000
0.1000
0.1000
0.1000
0.1000
0.1000
0.1000
0.1000
0.6592
1.7251
2.6622
3.4370
4.0129
4.3554
4.4399
4.2601
3.8295
3.1772
2.3394
1.3520
0.2466
2.7320
3.1844
3.5760
3.9000
4.1501
4.3207
4.4077
4.4089
4.3243
4.1561
3.9083
3.5862
3.1965
3.0100
2.8403
2.6040
2.3057
1.9505
1.5441
1.0917
0.5987
0.1000
0.1000
0.1000
0.1000
0.1000
0.1000
0.1000
0.1000
0.1000
0.1000
0.1000
0.1000
0.1000
0.1000
0.1000
0.1000
0.1000
0.6565
1.5150
2.2161
2.7311
3.0345
3.1091
2.9503
2.5676
1.9819
1.2205
0.3119
0.1000
3.3813
3.8615
4.2793
4.6267
4.8959
5.0801
5.1743
5.1756
5.0841
4.9024
4.6355
4.2903
3.9016
3.7932
3.6087
3.3527
3.0309
2.6497
2.2158
1.7353
1.2143
0.6580
0.1000
0.1000
0.1000
0.1000
0.1000
0.1000
0.1000
0.1000
0.1000
0.1000
0.1000
0.1000
0.1000
0.1000
0.1811
0.5944
0.8583
0.9607
0.9100
1.3729
1.6437
1.7100
1.5687
1.2264
0.6983
0.1000
0.1000
0.1000
3.9883
4.4980
4.9439
5.3167
5.6070
5.8065
5.9088
5.9102
5.8108
5.6141
5.3262
4.9557
4.6857
4.5666
4.3647
4.0859
3.7374
3.3270
2.8627
2.3518
1.8010
1.2159
0.6017
0.1000
0.1000
0.1000
0.1000
0.1000
0.1000
0.1000
0.1000
0.1000
0.1000
0.1000
0.1000
0.6486
1.2534
1.7167
2.0154
2.1319
2.0586
1.8003
1.3728
0.7981
0.1362
0.1000
0.1000
0.1000
0.1000
0.1000
4.5453
5.0855
5.5611
5.9611
6.2745
6.4908
6.6020
6.6036
6.4955
6.2821
5.9714
5.5736
5.4591
5.3273
5.1048
4.7994
4.4203
3.9773
3.4797
2.9361
2.3536
1.7387
1.0965
0.4313
0.1000
0.1000
0.1000
0.1000
0.1000
0.1000
0.1000
0.1000
0.1000
0.1000
0.8038
1.5966
2.2706
2.7945
3.1366
3.2709
3.1863
2.8899
2.4048
1.7623
0.9942
0.1281
0.1000
0.1000
0.1000
0.1000
5.0434
5.6141
6.1201
6.5486
6.8865
7.1210
7.2420
7.2438
7.1261
6.8947
6.5596
6.2581
6.2179
6.0707
5.8237
5.4872
5.0732
4.5939
4.0602
3.4817
2.8665
2.2211
1.5507
0.8597
0.1515
0.1000
0.1000
0.1000
0.1000
0.1000
0.1000
0.1000
0.1000
0.6322
1.5876
2.4569
3.2096
3.8062
4.2026
4.3602
4.2608
3.9161
3.3613
2.6406
1.7950
0.8570
0.1000
0.1000
0.1000
0.1000
5.4726
6.0727
6.6084
7.0655
7.4284
7.6819
7.8132
7.8151
7.6874
7.4373
7.0773
7.0017
6.9561
6.7902
6.5137
6.1410
5.6876
5.1684
4.5962
3.9816
3.3330
2.6571
1.9592
1.2432
0.5125
0.1000
0.1000
0.1000
0.1000
0.1000
0.1000
0.1000
0.1499
1.2273
2.2510
3.1985
4.0365
4.7173
5.1807
5.3680
5.2497
4.8448
4.2080
3.4013
2.4754
1.4668
0.4002
0.1000
0.1000
0.1000
5.8225
6.4491
7.0121
7.4959
7.8828
8.1547
8.2962
8.2983
8.1606
7.8923
7.6278
7.7168
7.6646
7.4755
7.1639
6.7494
6.2522
5.6903
5.0781
4.4270
3.7457
3.0405
2.3164
1.5772
0.8257
0.1000
0.1000
0.1000
0.1000
0.1000
0.1000
0.1000
0.5537
1.6801
2.7632
3.7822
4.7034
5.4731
6.0133
6.2367
6.0952
5.6201
4.8952
4.0031
3.0029
1.9322
0.8144
0.1000
0.1000
0.1000
6.0832
6.7311
7.3165
7.8227
8.2301
8.5181
8.6686
8.6708
8.5244
8.2401
8.2858
8.3888
8.3283
8.1110
7.7581
7.2967
6.7525
6.1467
5.4949
4.8088
4.0967
3.3646
2.6169
1.8569
1.0871
0.3092
0.1000
0.1000
0.1000
0.1000
0.1000
0.1000
0.8082
1.9680
3.0929
4.1644
5.1506
5.9954
6.6068
6.8662
6.7013
6.1600
5.3589
4.3990
3.3435
2.2289
1.0759
0.1000
0.1000
0.1000
6.2461
6.9081
7.5085
8.0300
8.4516
8.7509
8.9078
8.9101
8.7575
8.5804
8.8735
8.9933
8.9228
8.6722
8.2729
7.7619
7.1707
6.5228
5.8345
5.1171
4.3781
3.6230
2.8554
2.0781
1.2932
0.5021
0.1000
0.1000
0.1000
0.1000
0.1000
0.1000
0.9017
2.0742
3.2154
4.3080
5.3212
6.1992
6.8442
7.1215
6.9449
6.3718
5.5367
4.5482
3.4704
2.3385
1.1720
0.1000
0.1000
0.1000
6.3052
6.9724
7.5786
8.1059
8.5330
8.8366
8.9960
8.9983
8.8433
9.0191
9.3519
9.4903
9.4087
9.1226
8.6769
8.1192
7.4863
6.8029
6.0848
5.3425
4.5827
3.8099
3.0273
2.2371
1.4409
0.6399
0.1000
0.1000
0.1000
0.1000
0.1000
0.1000
0.8293
1.9919
3.1205
4.1966
5.1887
6.0408
6.6593
6.9224
6.7551
6.2071
5.3986
4.4325
3.3721
2.2536
1.0976
0.1000
0.1000
0.1000
6.2583
6.9214
7.5230
8.0456
8.4684
8.7686
8.9260
8.9282
8.7864
9.3017
9.6667
9.8209
9.7298
9.4145
8.9328
8.3413
7.6796
6.9725
6.2352
5.4771
4.7043
3.9206
3.1288
2.3308
1.5278
0.7210
0.1000
0.1000
0.1000
0.1000
0.1000
0.1000
0.5948
1.7265
2.8161
3.8431
4.7740
5.5546
6.1048
6.3331
6.1884
5.7042
4.9683
4.0661
3.0574
1.9800
0.8566
0.1000
0.1000
0.1000
6.1072
6.7571
7.3447
7.8531
8.2625
8.5521
8.7035
8.7056
8.8593
9.3864
9.7623
9.9221
9.8276
9.5022
9.0087
8.4064
7.7357
7.0215
6.2784
5.5157
4.7391
3.9522
3.1578
2.3575
1.5526
0.7441
0.1000
0.1000
0.1000
0.1000
0.1000
0.1000
0.2092
1.2935
2.3255
3.2827
4.1317
4.8239
5.2967
5.4883
5.3672
4.9538
4.3059
3.4880
2.5520
1.5348
0.4610
0.1000
0.1000
0.1000
5.8574
6.4867
7.0526
7.5393
7.9288
8.2027
8.3453
8.3474
8.7485
9.2578
9.6174
9.7689
9.6794
9.3690
8.8933
8.3073
7.6501
6.9467
6.2124
5.4568
4.6859
3.9039
3.1135
2.3167
1.5148
0.7088
0.1000
0.1000
0.1000
0.1000
0.1000
0.1000
0.1000
0.7153
1.6796
2.5590
3.3223
3.9291
4.3334
4.4943
4.3928
4.0411
3.4765
2.7451
1.8892
0.9420
0.1000
0.1000
0.1000
0.1000
5.5172
6.1207
6.6597
7.1200
7.4858
7.7414
7.8739
7.8971
8.4687
8.9387
9.2634
9.3979
9.3186
9.0398
8.6034
8.0548
7.4298
6.7530
6.0404
5.3026
4.5466
3.7769
2.9970
2.2091
1.4150
0.6158
0.1000
0.1000
0.1000
0.1000
0.1000
0.1000
0.1000
0.1000
0.9096
1.7120
2.3954
2.9280
3.2763
3.4133
3.3270
3.0250
2.5318
1.8798
1.1021
0.2270
0.1000
0.1000
0.1000
0.1000
5.0967
5.6709
6.1804
6.6122
6.9530
7.1897
7.3119
7.5269
8.0514
8.4732
8.7581
8.8741
8.8058
8.5626
8.1732
7.6726
7.0910
6.4515
5.7705
5.0592
4.3254
3.5747
2.8109
2.0369
1.2548
0.4662
0.1000
0.1000
0.1000
0.1000
0.1000
0.1000
0.1000
0.1000
0.1000
0.7737
1.3868
1.8572
2.1609
2.2794
2.2048
1.9422
1.5079
0.9252
0.2191
0.1000
0.1000
0.1000
0.1000
0.1000
4.6061
5.1498
5.6288
6.0321
6.3483
6.5666
6.6789
7.0553
7.5305
7.9050
8.1530
8.2528
8.1942
7.9833
7.6395
7.1882
6.6541
6.0573
5.4137
4.7347
4.0288
3.3020
2.5590
1.8031
1.0369
0.2622
0.1000
0.1000
0.1000
0.1000
0.1000
0.1000
0.1000
0.1000
0.1000
0.1000
0.3205
0.7396
1.0076
1.1116
1.0462
0.8148
0.4289
0.1000
0.1000
0.1000
0.1000
0.1000
0.1000
0.1000
4.0554
4.5685
5.0178
5.3937
5.6866
5.8879
5.9996
6.5060
6.9347
7.2669
7.4838
7.5702
7.5195
7.3357
7.0319
6.6266
6.1389
5.5861
4.9823
4.3388
3.6642
2.9650
2.2462
1.5117
0.7643
0.1000
0.1000
0.1000
0.1000
0.1000
0.1000
0.1000
0.1000
0.1000
0.1000
0.1000
0.1000
0.1000
0.1000
0.1000
0.1000
0.1000
0.1000
0.1000
0.1000
0.1000
0.1000
0.1000
0.1000
0.1000
3.4537
3.9373
4.3582
4.7084
4.9800
5.1659
5.4348
5.8981
6.2852
6.5813
6.7725
6.8482
6.8038
6.6421
6.3723
6.0076
5.5628
5.0522
4.4882
3.8812
3.2396
2.5701
1.8778
1.1670
0.4408
0.1000
0.1000
0.1000
0.1000
0.1000
0.1000
0.1000
0.1000
0.1000
0.1000
0.1000
0.1000
0.1000
0.1000
0.1000
0.1000
0.1000
0.1000
0.1000
0.1000
0.1000
0.1000
0.1000
0.1000
0.1000
2.8090
3.2644
3.6590
3.9856
4.2378
4.4099
4.8218
5.2462
5.5971
5.8627
6.0329
6.0999
6.0606
5.9170
5.6754
5.3458
4.9395
4.4681
3.9422
3.3712
2.7629
2.1238
1.4593
0.7737
0.1000
0.1000
0.1000
0.1000
0.1000
0.1000
0.1000
0.1000
0.1000
0.1000
0.1000
0.1000
0.1000
0.1000
0.1000
0.1000
0.1000
0.1000
0.1000
0.1000
0.1000
0.1000
0.1000
0.1000
0.1000
0.1000
2.1280
2.5572
2.9273
3.2325
3.4673
3.7202
4.1712
4.5611
4.8806
5.1207
5.2735
5.3335
5.2984
5.1695
4.9516
4.6520
4.2797
3.8438
3.3535
2.8168
2.2411
1.6325
0.9962
0.3365
0.1000
0.1000
0.1000
0.1000
0.1000
0.1000
0.1000
0.1000
0.1000
0.1000
0.1000
0.1000
0.1000
0.1000
0.1000
0.1000
0.1000
0.1000
0.1000
0.1000
0.1000
0.1000
0.1000
0.1000
0.1000
0.1000
1.4164
1.8213
2.1691
2.4549
2.6741
3.0723
3.4911
3.8505
4.1431
4.3616
4.5000
4.5542
4.5225
4.4058
4.2078
3.9340
3.5914
3.1874
2.7297
2.2254
1.6809
1.1020
0.4936
0.1000
0.1000
0.1000
0.1000
0.1000
0.1000
0.1000
0.1000
0.1000
0.1000
0.1000
0.1000
0.1000
0.1000
0.1000
0.1000
0.1000
0.1000
0.1000
0.1000
0.1000
0.1000
0.1000
0.1000
0.1000
0.1000
0.1000
0.6790
1.0615
1.3890
1.6573
1.9571
2.3978
2.7876
3.1203
3.3895
3.5897
3.7160
3.7654
3.7365
3.6301
3.4489
3.1972
2.8806
2.5052
2.0772
1.6028
1.0878
0.5374
0.1000
0.1000
0.1000
0.1000
0.1000
0.1000
0.1000
0.1000
0.1000
0.1000
0.1000
0.1000
0.1000
0.1000
0.1000
0.1000
0.1000
0.1000
0.1000
0.1000
0.1000
0.1000
0.1000
0.1000
0.1000
0.1000
0.1000
0.1000
0.1000
0.1000
0.1000
0.1000
0.1000
0.1000
0.1000
0.1000
0.1000
0.1000
0.1000
0.1000
0.1000
0.1000
0.1000
0.1000
0.1000
0.1000
0.1000
0.1000
0.1000
0.1000
0.1000
0.1000
0.1000
0.1000
0.1000
0.1000
0.1000
0.1000
0.1000
0.1000
0.1000
0.1000
0.1000
0.1000
0.1000
0.1000
0.1000
0.1000
0.1000
0.1000
0.1000
0.1000
0.1000
0.1000
0.1000
0.1000
0.1000
0.1000
0.1000
0.1000
0.1000
0.1000
0.1000
0.1000
0.1000
0.1000
0.1000
0.1000
0.1000
0.1000
0.1000
0.1000
0.1000
0.1000
0.1000
0.1000
0.1000
0.1000
0.1000
0.1000
0.1000
0.1000
0.1000
0.1000
0.1000
0.1000
0.1000
0.1000
0.1000
0.1000
0.1000
0.1000
0.1000
0.1000
0.1000
0.1000
0.1000
0.1000
0.1000
0.1000
0.1000
0.1000
0.1000
0.1000
0.1000
0.1000
0.1000
0.1000
0.1000
0.1000
0.1000
0.1000
0.1000
0.1000
0.1000
0.1000
0.1000
0.1000
0.1000
0.1000
0.1000
0.1000
0.1000
0.1000
0.1000
0.1000
0.1000
0.1000
0.1000
0.1000
0.1000
0.1000
0.1000
0.1000
0.1000
0.1000
0.1000
0.1000
0.1000
0.1000
0.1000
0.1000
0.1000
0.1000
0.1000
0.1000
0.1000
0.1000
0.1000
0.1000
0.1000
0.1000
0.1000
0.1000
0.1000
0.1000
0.1000
0.1000
0.1000
0.1000
0.1000
0.1000
0.1000
0.1000
0.1000
0.1000
0.1000
0.1000
0.1000
0.1000
0.1000
0.1000
0.1000
0.1000
0.1000
0.1000
0.1000
0.1000
0.1000
0.1000
0.1000
0.1000
0.1000
0.1000
0.1000
0.1000
0.1000
0.1000
0.1000
0.1000
0.1000
0.1000
0.1000
0.1000
0.1000
0.1000
0.1000
0.1000
0.1000
0.1000
0.1000
0.1000
0.1000
0.1000
0.1000
0.1000
0.1000
0.1000
0.1000
0.1000
0.1000
0.1000
0.1000
0.1000
0.1000
0.1000
0.1000
0.1000
0.1000
0.1000
0.1000
0.1000
0.1000
0.1000
0.1000
0.1000
0.1000
0.1000
0.1000
0.1000
0.1000
0.1000
0.1000
0.1000
0.1000
0.1000
0.1000
0.1000
0.1000
0.1000
0.1000
0.1000
0.1000
0.1000
0.1000
0.1000
0.1000
0.1000
0.1000
0.1000
0.1000
0.1000
0.1000
0.1000
0.1000
0.1000
0.1000
0.1000
0.1000
0.1000
0.1000
0.1000
0.1000
0.1000
0.1000
0.1000
0.1000
0.1000
0.1000
0.1000
0.1000
0.1000
0.1000
0.1000
0.1000
0.1000
0.1000
0.1000
0.1000
0.1000
0.1000
0.1000
0.1000
0.1000
0.1000
0.1000
0.1000
0.1000
0.1000
0.1000
0.1000
0.1000
0.1000
0.1000
0.1000
0.1000
0.1000
0.1000
0.1000
0.1000
0.1000
0.1000
0.1000
0.1000
0.1000
0.1000
0.1000
0.1000
0.1000
0.1000
0.1000
0.1000
0.1000
0.1000
0.1000
0.1000
0.1000
0.1000
0.1000
0.1000
0.1000
0.1000
0.1000
0.1000
0.1000
0.1000
0.1000
0.1000
0.1000
0.1000
0.1000
0.1000
0.1000
0.1000
0.1000
0.1000
0.1000
0.1000
0.1000
0.1000
0.1000
0.1000
0.1000
0.1000
0.1000
0.1000
0.1000
0.1000
0.1000
0.1000
0.1000
0.1000
0.1000
0.1000
0.1000
0.1000
0.1000
0.1000
0.1000
0.1000
0.1000
0.1000
0.1000
0.1000
0.1000
0.1000
0.1000
0.1000
0.1000
0.1000
0.1000
0.1000
0.1000
0.1000
0.1000
0.1000
0.1000
0.1000
0.1000
0.1000
0.1000
0.1000
0.1000
0.1000
0.1000
0.1000
0.1000
0.1000
0.1000
0.1000
0.1000
0.1000
0.1000
0.1000
0.1000
0.1000
0.1000
0.1000
0.1000
0.1000
0.1000
0.1000
0.1000
0.1000
0.1000
0.1000
0.1000
0.1000
0.1000
0.1000
0.1000
0.1000
0.1000
0.1000
0.1000
0.1000
0.1000
0.1000
0.1000
0.1000
0.1000
0.1000
0.1000
0.1000
0.1000
0.1000
0.1000
0.1000
0.1000
0.1000
0.1000
0.1000
0.1000
0.1000
0.1000
0.1000
0.1000
0.1000
0.1000
0.1000
0.1000
0.1000
0.1000
0.1000
0.1000
0.1000
0.1000
0.1000
0.1000
0.1000
0.1000
0.1000
0.1000
0.1000
0.1000
0.1000
0.1000
0.1000
0.1000
0.1000
0.1000
0.1000
0.1000
0.1000
0.1000
0.1000
0.1000
0.1000
0.1000
0.1000
0.1000
0.1000
0.1000
0.1000
0.1000
0.1000
0.1000
0.1000
0.1000
0.1000
0.1000
0.1000
0.1000
0.1000
0.1000
0.1000
0.1000
0.1000
0.1000
0.1000
0.1000
0.1000
0.1000
0.1000
0.1000
0.1000
0.1000
0.1000
0.1000
0.1000
0.1000
0.1000
0.1000
0.1000
0.1000
0.1000
0.1000
0.1000
0.1000
0.1000
0.1000
0.1000
0.1000
0.1000
0.1000
0.1000
0.1000
0.1000
0.1000
0.1000
0.1000
0.1000
0.1000
0.1000
0.1000
0.1000
0.1000
0.1000
0.1000
0.1000
0.1000
0.1000
0.1000
0.1000
0.1000
0.1000
0.1000
0.1000
0.1000
0.1000
0.1000
0.1000
0.1000
0.1000
0.1000
0.1443
0.3937
0.4755
0.3849
0.1274
0.1000
0.1000
0.1000
0.1000
0.1000
0.1000
0.1000
0.1000
0.1000
0.1000
0.1000
0.1000
0.1000
0.1000
0.1000
0.1000
0.1000
0.1000
0.1000
0.1000
0.1000
0.1000
0.1000
0.1000
0.1000
0.1000
0.1000
0.1000
0.1000
0.1000
0.1000
0.1000
0.1000
0.1000
0.1000
0.1000
0.1000
0.1000
0.1000
0.1000
0.1000
0.1000
0.1000
0.2042
0.8089
1.2697
1.5584
1.6539
1.5483
1.2502
0.7814
0.1702
0.1000
0.1000
0.1000
0.1000
0.1000
0.1000
0.1000
0.1000
0.1000
0.1000
0.1000
0.1000
0.1000
0.1000
0.1000
0.1000
0.1000
0.1000
0.1000
0.1000
0.1000
0.1000
0.1000
0.1000
0.1000
0.1000
0.1000
0.1000
0.1000
0.1000
0.1000
0.1000
0.1000
0.1000
0.1000
0.1000
0.1000
0.1000
0.1000
0.1000
0.3451
1.1475
1.8352
2.3708
2.7128
2.8272
2.7007
2.3479
1.8036
1.1091
0.3019
0.1000
0.1000
0.1000
0.1000
0.1000
0.1000
0.1000
0.1000
0.1000
0.1000
0.1000
0.1000
0.1000
0.1000
0.1000
0.1000
0.1000
0.1000
0.1000
0.1000
0.1000
0.1000
0.1000
0.1000
0.1000
0.1000
0.1000
0.1000
0.1000
0.1000
0.1000
0.1000
0.1000
0.1000
0.1000
0.1000
0.1000
0.1000
0.1483
1.1159
2.0107
2.7989
3.4324
3.8494
3.9915
3.8344
3.4048
2.7621
1.9674
1.0683
0.1000
0.1000
0.1000
0.1000
0.1000
0.1000
0.1000
0.1000
0.1000
0.1000
0.1000
0.1000
0.1000
0.1000
0.1000
0.1000
0.1000
0.1000
0.1000
0.1000
0.1000
0.1000
0.1000
0.1000
0.1000
0.1000
0.1000
0.1000
0.1000
0.1000
0.1000
0.1000
0.1000
0.1000
0.1000
0.1000
0.1000
0.1000
0.7188
1.7661
2.7586
3.6636
4.4245
4.9516
5.1379
4.9321
4.3906
3.6205
2.7099
1.7139
0.6645
0.1000
0.1000
0.1000
0.1000
0.1000
0.1000
0.1000
0.1000
0.1000
0.1000
0.1000
0.1000
0.1000
0.1000
0.1000
0.1000
0.1000
0.1000
0.1000
0.1000
0.1000
0.1000
0.1000
0.1000
0.1000
0.1000
0.1000
0.1000
0.1000
0.1000
0.1000
0.1000
0.1000
0.1000
0.1000
0.1000
0.1000
1.1424
2.2586
3.3424
4.3689
5.2854
5.9767
6.2409
5.9499
5.2429
4.3187
3.2884
2.2025
1.1047
0.5813
0.1000
0.1000
0.1000
0.1000
0.1000
0.1000
0.1000
0.1000
0.1000
0.1000
0.1000
0.1000
0.1000
0.1000
0.1000
0.1000
0.1000
0.1000
0.1000
0.1000
0.1000
0.1000
0.1000
0.1000
0.1000
0.1000
0.1000
0.1000
0.1000
0.1000
0.1000
0.1000
0.1000
0.1000
0.1000
0.2233
1.3934
2.5554
3.7036
4.8257
5.8897
6.7930
7.1983
6.7547
5.8380
4.7697
3.6457
2.8869
2.5063
1.9236
1.1655
0.2604
0.1000
0.1000
0.1000
0.1000
0.1000
0.1000
0.1000
0.1000
0.1000
0.1000
0.1000
0.1000
0.1000
0.1000
0.1000
0.1000
0.1000
0.1000
0.1000
0.1000
0.1000
0.1000
0.1000
0.1000
0.1000
0.1000
0.1000
0.1000
0.1000
0.1000
0.1000
0.1000
0.1000
0.2751
1.4536
2.6273
3.7925
4.9413
6.0520
7.0439
7.5365
6.9997
5.9972
4.8835
4.4558
4.2757
3.8444
3.1912
2.3524
1.3641
0.2577
0.1000
0.1000
0.1000
0.1000
0.1000
0.1000
0.1000
0.1000
0.1000
0.1000
0.1000
0.1000
0.1000
0.1000
0.1000
0.1000
0.1000
0.1000
0.1000
0.1000
0.1000
0.1000
0.1000
0.1000
0.1000
0.1000
0.1000
0.1000
0.1000
0.1000
0.1000
0.1000
0.1587
1.3185
2.4665
3.5945
4.6857
5.6988
6.5199
6.8624
6.4864
5.6504
5.6938
5.7916
5.5839
5.0912
4.3558
3.4268
2.3493
1.1597
0.1000
0.1000
0.1000
0.1000
0.1000
0.1000
0.1000
0.1000
0.1000
0.1000
0.1000
0.1000
0.1000
0.1000
0.1000
0.1000
0.1000
0.1000
0.1000
0.1000
0.1000
0.1000
0.1000
0.1000
0.1000
0.1000
0.1000
0.1000
0.1000
0.1000
0.1000
0.1000
0.1000
0.9984
2.0901
3.1406
4.1212
4.9756
5.5961
5.8245
5.7028
6.4430
6.8970
7.0109
6.7694
6.2043
5.3767
4.3520
3.1845
1.9145
0.1000
0.1000
0.1000
0.1000
0.1000
0.1000
0.1000
0.1000
0.1000
0.1000
0.1000
0.1000
0.1000
0.1000
0.1000
0.1000
0.1000
0.1000
0.1000
0.1000
0.1000
0.1000
0.1000
0.1000
0.1000
0.1000
0.1000
0.1000
0.1000
0.1000
0.1000
0.1000
0.1000
0.5149
1.5322
2.4870
3.3455
4.0536
4.5329
5.5059
6.5603
7.3918
7.9127
8.0452
7.7654
7.1214
6.1997
5.0830
3.8337
2.4936
0.1000
0.1000
0.1000
0.1000
0.1000
0.1000
0.1000
0.1000
0.1000
0.1000
0.1000
0.1000
0.1000
0.1000
0.1000
0.1000
0.1000
0.1000
0.1000
0.1000
0.1000
0.1000
0.1000
0.1000
0.1000
0.1000
0.1000
0.1000
0.1000
0.1000
0.1000
0.1000
0.1000
0.1000
0.8315
1.6896
2.4371
3.3818
4.7467
6.0187
7.1483
8.0576
8.6394
8.7893
8.4737
7.7597
6.7595
5.5710
4.2607
2.8705
0.1000
0.1000
0.1000
0.1000
0.1000
0.1000
0.1000
0.1000
0.1000
0.1000
0.1000
0.1000
0.1000
0.1000
0.1000
0.1000
0.1000
0.1000
0.1000
0.1000
0.1000
0.1000
0.1000
0.1000
0.1000
0.1000
0.1000
0.1000
0.1000
0.1000
0.1000
0.1000
0.1000
0.1000
0.1000
0.7921
2.0976
3.5435
4.9319
6.2330
7.3976
8.3447
8.9578
9.1168
8.7825
8.0332
6.9955
5.7740
4.4368
3.0249
0.1000
0.1000
0.1000
0.1000
0.2675
0.3907
0.4531
0.4540
0.3933
0.2719
0.1000
0.1000
0.1000
0.1000
0.1000
0.1000
0.1000
0.1000
0.1000
0.1000
0.1000
0.1000
0.1000
0.1000
0.1000
0.1000
0.1000
0.1000
0.1000
0.1000
0.1000
0.1000
0.1000
0.1000
0.1000
0.5487
2.0261
3.4625
4.8390
6.1253
7.2720
8.1997
8.7965
8.9508
8.6262
7.8952
6.8767
5.6720
4.3485
2.9475
0.1000
0.3600
0.6708
0.9247
1.1186
1.2497
1.3163
1.3172
1.2525
1.1232
0.9311
0.6789
0.3697
0.1000
0.1000
0.1000
0.1000
0.1000
0.1000
0.1000
0.1000
0.1000
0.1000
0.1000
0.1000
0.1000
0.1000
0.1000
0.1000
0.1000
0.1000
0.1000
0.1000
0.1000
0.1000
0.2964
1.7441
3.1441
4.4758
5.7077
6.7904
7.6505
8.1935
8.3322
8.0396
7.3701
6.4192
5.2754
4.0026
2.6432
0.7669
1.1520
1.4817
1.7520
1.9587
2.0988
2.1700
2.1710
2.1019
1.9637
1.7588
1.4903
1.1622
0.7787
0.3871
0.1976
0.1000
0.1000
0.1000
0.1000
0.1000
0.1000
0.1000
0.1000
0.1000
0.1000
0.1000
0.1000
0.1000
0.1000
0.1000
0.1000
0.1000
0.1000
0.1000
0.1000
1.2651
2.6076
3.8707
5.0219
6.0145
6.7854
7.2613
7.3813
7.1274
6.5361
5.6767
4.6201
3.4238
2.1288
1.5170
1.9252
2.2760
2.5644
2.7856
2.9359
3.0123
3.0133
2.9391
2.7909
2.5717
2.2852
1.9361
1.5295
1.1719
0.9695
0.7122
0.4035
0.1000
0.1000
0.1000
0.1000
0.1000
0.1000
0.1000
0.1000
0.1000
0.1000
0.1000
0.1000
0.1000
0.1000
0.1000
0.1000
0.1000
0.1000
0.6099
1.8814
3.0626
4.1220
5.0179
5.6990
6.1116
6.2145
5.9961
5.4804
4.7151
3.7544
2.6466
1.4296
2.2427
2.6761
3.0501
3.3587
3.5962
3.7579
3.8403
3.8414
3.7614
3.6019
3.3665
3.0599
2.6877
2.2559
1.9496
1.7327
1.4577
1.1289
0.7506
0.3275
0.1000
0.1000
0.1000
0.1000
0.1000
0.1000
0.1000
0.1000
0.1000
0.1000
0.1000
0.1000
0.1000
0.1000
0.1000
0.1000
0.1000
0.9964
2.0917
3.0593
3.8635
4.4644
4.8231
4.9119
4.7232
4.2727
3.5933
2.7254
1.7077
0.5737
2.9392
3.4000
3.7996
4.1307
4.3866
4.5612
4.6504
4.6517
4.5650
4.3927
4.1392
3.8101
3.4124
2.9532
2.7186
2.4851
2.1902
1.8389
1.4365
0.9883
0.4995
0.1000
0.1000
0.1000
0.1000
0.1000
0.1000
0.1000
0.1000
0.1000
0.1000
0.1000
0.1000
0.1000
0.1000
0.1000
0.1000
0.1000
0.9936
1.8754
2.5980
3.1306
3.4452
3.5226
3.3578
2.9614
2.3564
1.5725
0.6405
0.1000
3.6009
4.0913
4.5189
4.8750
5.1514
5.3409
5.4378
5.4391
5.3450
5.1581
4.8841
4.5301
4.1045
3.6584
3.4766
3.2242
2.9067
2.5303
2.1013
1.6259
1.1098
0.5584
0.1000
0.1000
0.1000
0.1000
0.1000
0.1000
0.1000
0.1000
0.1000
0.1000
0.1000
0.1000
0.1000
0.1000
0.3730
0.7944
1.0639
1.1685
1.2536
1.7292
2.0078
2.0761
1.9306
1.5786
1.0365
0.3264
0.1000
0.1000
4.2210
4.7430
5.2008
5.5845
5.8839
6.0901
6.1959
6.1974
6.0945
5.8912
5.5943
5.2129
4.7571
4.4191
4.2207
3.9465
3.6034
3.1990
2.7407
2.2358
1.6908
1.1114
0.5025
0.1000
0.1000
0.1000
0.1000
0.1000
0.1000
0.1000
0.1000
0.1000
0.1000
0.1000
0.1136
0.8497
1.4680
1.9428
2.2496
2.3694
2.2940
2.0286
1.5901
1.0024
0.4607
0.1452
0.1000
0.1000
0.1000
0.1000
4.7915
5.3464
5.8365
6.2501
6.5750
6.7999
6.9157
6.9174
6.8048
6.5829
6.2607
5.8495
5.3614
5.1646
4.9468
4.6475
4.2753
3.8397
3.3495
2.8131
2.2376
1.6292
0.9931
0.3335
0.1000
0.1000
0.1000
0.1000
0.1000
0.1000
0.1000
0.1000
0.1000
0.1058
1.0082
1.8196
2.5122
3.0531
3.4075
3.5471
3.4592
3.1518
2.6506
1.9896
1.2027
0.3190
0.1000
0.1000
0.1000
0.1000
5.3031
5.8913
6.4148
6.8601
7.2126
7.4582
7.5852
7.5870
7.4635
7.2212
6.8715
6.4287
6.0329
5.8898
5.6492
5.3208
4.9159
4.4458
3.9213
3.3515
2.7444
2.1065
1.4431
0.7584
0.1000
0.1000
0.1000
0.1000
0.1000
0.1000
0.1000
0.1000
0.1000
0.8330
1.8103
2.7044
3.4833
4.1053
4.5215
4.6876
4.5828
4.2205
3.6411
2.8940
2.0231
1.0626
0.1000
0.1000
0.1000
0.1000
5.7451
6.3657
6.9224
7.4000
7.7813
8.0488
8.1879
8.1899
8.0547
7.7906
7.4123
6.9373
6.7477
6.5875
6.3200
5.9582
5.5165
5.0091
4.4481
3.8439
3.2048
2.5376
1.8474
1.1385
0.4140
0.1000
0.1000
0.1000
0.1000
0.1000
0.1000
0.1000
0.3412
1.4412
2.4921
3.4719
4.3467
5.0660
5.5618
5.7640
5.6361
5.2018
4.5271
3.6827
2.7234
1.6865
0.5963
0.1000
0.1000
0.1000
6.1066
6.7565
7.3440
7.8524
8.2617
8.5513
8.7027
8.7048
8.5576
8.2718
7.8656
7.4771
7.4274
7.2467
6.9477
6.5481
6.0663
5.5191
4.9206
4.2819
3.6116
2.9162
2.2008
1.4693
0.7246
0.1000
0.1000
0.1000
0.1000
0.1000
0.1000
0.1000
0.7529
1.9052
3.0207
4.0802
5.0512
5.8780
6.4717
6.7219
6.5630
6.0383
5.2557
4.3116
3.2688
2.1641
1.0190
0.1000
0.1000
0.1000
6.3765
7.0503
7.6635
8.1980
8.6319
8.9411
9.1036
9.1060
8.9479
8.6426
8.2119
8.1129
8.0561
7.8513
7.5164
7.0753
6.5511
5.9637
5.3284
4.6567
3.9571
3.2360
2.4979
1.7462
0.9837
0.2124
0.1000
0.1000
0.1000
0.1000
0.1000
0.1000
1.0127
2.2009
3.3622
4.4812
5.5294
6.4518
7.1445
7.4487
7.2545
6.6356
5.7542
4.7286
3.6226
2.4693
1.2863
0.1000
0.1000
0.1000
6.5455
7.2352
7.8657
8.4183
8.8695
9.1928
9.3635
9.3660
9.1999
8.8807
8.5640
8.6743
8.6095
8.3776
8.0040
7.5201
6.9543
6.3288
5.6598
4.9588
4.2339
3.4907
2.7335
1.9651
1.1880
0.4037
0.1000
0.1000
0.1000
0.1000
0.1000
0.1000
1.1082
2.3101
3.4894
4.6324
5.7134
6.6796
7.4226
7.7570
7.5427
6.8748
5.9472
4.8865
3.7547
2.5822
1.3846
0.1706
0.1000
0.1000
6.6069
7.3025
7.9396
8.4992
8.9571
9.2860
9.4599
9.4624
9.2932
8.9685
9.0007
9.1250
9.0518
8.7927
8.3819
7.8590
7.2570
6.5998
5.9036
5.1794
4.4348
3.6748
2.9031
2.1223
1.3343
0.5404
0.1000
0.1000
0.1000
0.1000
0.1000
0.1000
1.0343
2.2255
3.3908
4.5151
5.5704
6.5023
7.2055
7.5158
7.3175
6.6885
5.7972
4.7640
3.6523
2.4947
1.3085
0.1033
0.1000
0.1000
6.5582
7.2491
7.8809
8.4349
8.8875
9.2120
9.3833
9.3858
9.2191
8.9554
9.2818
9.4171
9.3373
9.0570
8.6187
8.0683
7.4416
6.7634
6.0497
5.3110
4.5541
3.7839
3.0034
2.2150
1.4204
0.6208
0.1000
0.1000
0.1000
0.1000
0.1000
0.1000
0.7948
1.9528
3.0754
4.1440
5.1264
5.9668
6.5738
6.8308
6.6675
6.1303
5.3338
4.3778
3.3254
2.2132
1.0621
0.1000
0.1000
0.1000
6.4014
7.0774
7.6931
8.2302
8.6665
8.9777
9.1414
9.1437
8.9845
9.0318
9.3659
9.5049
9.4229
9.1357
8.6884
8.1293
7.4952
6.8107
6.0918
5.3487
4.5883
3.8150
3.0320
2.2414
1.4449
0.6437
0.1000
0.1000
0.1000
0.1000
0.1000
0.1000
0.4016
1.5090
2.5688
3.5594
4.4468
5.1795
5.6869
5.8946
5.7632
5.3183
4.6303
3.7730
2.8025
1.7562
0.6583
0.1000
0.1000
0.1000
6.1427
6.7956
7.3865
7.8981
8.3106
8.6026
8.7553
8.7575
8.6090
8.9157
9.2382
9.3716
9.2929
9.0162
8.5823
8.0363
7.4135
6.7386
6.0276
5.2911
4.5361
3.7674
2.9883
2.2011
1.4075
0.6088
0.1000
0.1000
0.1000
0.1000
0.1000
0.1000
0.1000
0.9178
1.9047
2.8097
3.6005
4.2340
4.6593
4.8294
4.7220
4.3515
3.7610
3.0020
2.1199
1.1494
0.1152
0.1000
0.1000
0.1000
5.7912
6.4154
6.9758
7.4571
7.8417
8.1118
8.2523
8.2544
8.1878
8.6241
8.9207
9.0422
8.9707
8.7170
8.3135
7.7981
7.2029
6.5516
5.8604
5.1404
4.3994
3.6424
2.8733
2.0947
1.3086
0.5164
0.1000
0.1000
0.1000
0.1000
0.1000
0.1000
0.1000
0.2044
1.1163
1.9379
2.6409
3.1912
3.5527
3.6952
3.6054
3.2918
2.7816
2.1103
1.3131
0.4197
0.1000
0.1000
0.1000
0.1000
5.3579
5.9499
6.4773
6.9263
7.2822
7.5302
7.6586
7.6604
7.7949
8.1919
8.4573
8.5646
8.5015
8.2755
7.9101
7.4350
6.8776
6.2597
5.5974
4.9021
4.1821
3.4431
2.6895
1.9244
1.1500
0.3681
0.1000
0.1000
0.1000
0.1000
0.1000
0.1000
0.1000
0.1000
0.2322
0.9774
1.6045
2.0871
2.3993
2.5213
2.4445
2.1743
1.7286
1.1322
0.4117
0.1000
0.1000
0.1000
0.1000
0.1000
4.8539
5.4125
5.9064
6.3236
6.6517
6.8788
6.9959
6.9976
7.2993
7.6561
7.8910
7.9851
7.9298
7.7304
7.4034
6.9711
6.4559
5.8768
5.2490
4.5840
3.8903
3.1743
2.4407
1.6930
0.9340
0.1657
0.1000
0.1000
0.1000
0.1000
0.1000
0.1000
0.1000
0.1000
0.1000
0.1000
0.5151
0.9427
1.2165
1.3229
1.2560
1.0195
0.6255
0.1000
0.1000
0.1000
0.1000
0.1000
0.1000
0.1000
4.2896
4.8153
5.2768
5.6638
5.9661
6.1743
6.2812
6.3125
6.7270
7.0468
7.2546
7.3373
7.2888
7.1127
6.8207
6.4293
5.9562
5.4174
4.8268
4.1952
3.5313
2.8417
2.1314
1.4044
0.6638
0.1000
0.1000
0.1000
0.1000
0.1000
0.1000
0.1000
0.1000
0.1000
0.1000
0.1000
0.1000
0.1000
0.1000
0.1083
0.1000
0.1000
0.1000
0.1000
0.1000
0.1000
0.1000
0.1000
0.1000
0.1000
3.6748
4.1688
4.5997
4.9589
5.2379
5.4291
5.5270
5.7218
6.0983
6.3855
6.5704
6.6435
6.6007
6.4443
6.1828
5.8284
5.3947
4.8953
4.3420
3.7451
3.1127
2.4516
1.7669
1.0629
0.3429
0.1000
0.1000
0.1000
0.1000
0.1000
0.1000
0.1000
0.1000
0.1000
0.1000
0.1000
0.1000
0.1000
0.1000
0.1000
0.1000
0.1000
0.1000
0.1000
0.1000
0.1000
0.1000
0.1000
0.1000
0.1000
3.0175
3.4817
3.8844
4.2183
4.4764
4.6526
4.7426
5.0852
5.4282
5.6873
5.8530
5.9182
5.8800
5.7401
5.5046
5.1826
4.7849
4.3223
3.8051
3.2425
2.6421
2.0103
1.3525
0.6731
0.1000
0.1000
0.1000
0.1000
0.1000
0.1000
0.1000
0.1000
0.1000
0.1000
0.1000
0.1000
0.1000
0.1000
0.1000
0.1000
0.1000
0.1000
0.1000
0.1000
0.1000
0.1000
0.1000
0.1000
0.1000
0.1000
2.3247
2.7612
3.1381
3.4491
3.6887
3.8518
4.0304
4.4136
4.7271
4.9624
5.1119
5.1706
5.1362
5.0101
4.7967
4.5029
4.1371
3.7083
3.2250
2.6954
2.1264
1.5241
0.8937
0.2394
0.1000
0.1000
0.1000
0.1000
0.1000
0.1000
0.1000
0.1000
0.1000
0.1000
0.1000
0.1000
0.1000
0.1000
0.1000
0.1000
0.1000
0.1000
0.1000
0.1000
0.1000
0.1000
0.1000
0.1000
0.1000
0.1000
1.6022
2.0132
2.3666
2.6572
2.8802
3.0317
3.3607
3.7149
4.0028
4.2176
4.3536
4.4068
4.3757
4.2611
4.0664
3.7971
3.4596
3.0612
2.6093
2.1108
1.5720
0.9985
0.3953
0.1000
0.1000
0.1000
0.1000
0.1000
0.1000
0.1000
0.1000
0.1000
0.1000
0.1000
0.1000
0.1000
0.1000
0.1000
0.1000
0.1000
0.1000
0.1000
0.1000
0.1000
0.1000
0.1000
0.1000
0.1000
0.1000
0.1000
0.8547
1.2423
1.5744
1.8466
2.0550
2.2813
2.6665
2.9950
3.2606
3.4579
3.5824
3.6310
3.6026
3.4977
3.3191
3.0709
2.7584
2.3874
1.9642
1.4946
0.9844
0.4387
0.1000
0.1000
0.1000
0.1000
0.1000
0.1000
0.1000
0.1000
0.1000
0.1000
0.1000
0.1000
0.1000
0.1000
0.1000
0.1000
0.1000
0.1000
0.1000
0.1000
0.1000
0.1000
0.1000
0.1000
0.1000
0.1000
0.1000
0.1000
0.1000
0.1000
0.1000
0.1000
0.1000
0.1000
0.1000
0.1000
0.1000
0.1000
0.1000
0.1000
0.1000
0.1000
0.1000
0.1000
0.1000
0.1000
0.1000
0.1000
0.1000
0.1000
0.1000
0.1000
0.1000
0.1000
0.1000
0.1000
0.1000
0.1000
0.1000
0.1000
0.1000
0.1000
0.1000
0.1000
0.1000
0.1000
0.1000
0.1000
0.1000
0.1000
0.1000
0.1000
0.1000
0.1000
0.1000
0.1000
0.1000
0.1000
0.1000
0.1000
0.1000
0.1000
0.1000
0.1000
0.1000
0.1000
0.1000
0.1000
0.1000
0.1000
0.1000
0.1000
0.1000
0.1000
0.1000
0.1000
0.1000
0.1000
0.1000
0.1000
0.1000
0.1000
0.1000
0.1000
0.1000
0.1000
0.1000
0.1000
0.1000
0.1000
0.1000
0.1000
0.1000
0.1000
0.1000
0.1000
0.1000
0.1000
0.1000
0.1000
0.1000
0.1000
0.1000
0.1000
0.1000
0.1000
0.1000
0.1000
0.1000
0.1000
0.1000
0.1000
0.1000
0.1000
0.1000
0.1000
0.1000
0.1000
0.1000
0.1000
0.1000
0.1000
0.1000
0.1000
0.1000
0.1000
0.1000
0.1000
0.1000
0.1000
0.1000
0.1000
0.1000
0.1000
0.1000
0.1000
0.1000
0.1000
0.1000
0.1000
0.1000
0.1000
0.1000
0.1000
0.1000
0.1000
0.1000
0.1000
0.1000
0.1000
0.1000
0.1000
0.1000
0.1000
0.1000
0.1000
0.1000
0.1000
0.1000
0.1000
0.1000
0.1000
0.1000
0.1000
0.1000
0.1000
0.1000
0.1000
0.1000
0.1000
0.1000
0.1000
0.1000
0.1000
0.1000
0.1000
0.1000
0.1000
0.1000
0.1000
0.1000
0.1000
0.1000
0.1000
0.1000
0.1000
0.1000
0.1000
0.1000
0.1000
0.1000
0.1000
0.1000
0.1000
0.1000
0.1000
0.1000
0.1000
0.1000
0.1000
0.1000
0.1000
0.1000
0.1000
0.1000
0.1000
0.1000
0.1000
0.1000
0.1000
0.1000
0.1000
0.1000
0.1000
0.1000
0.1000
0.1000
0.1000
0.1000
0.1000
0.1000
0.1000
0.1000
0.1000
0.1000
0.1000
0.1000
0.1000
0.1000
0.1000
0.1000
0.1000
0.1000
0.1000
0.1000
0.1000
0.1000
0.1000
0.1000
0.1000
0.1000
0.1000
0.1000
0.1000
0.1000
0.1000
0.1000
0.1000
0.1000
0.1000
0.1000
0.1000
0.1000
0.1000
0.1000
0.1000
0.1000
0.1000
0.1000
0.1000
0.1000
0.1000
0.1000
0.1000
0.1000
0.1000
0.1000
0.1000
0.1000
0.1000
0.1000
0.1000
0.1000
0.1000
0.1000
0.1000
0.1000
0.1000
0.1000
0.1000
0.1000
0.1000
0.1000
0.1000
0.1000
0.1000
0.1000
0.1000
0.1000
0.1000
0.1000
0.1000
0.1000
0.1000
0.1000
0.1000
0.1000
0.1000
0.1000
0.1000
0.1000
0.1000
0.1000
0.1000
0.1000
0.1000
0.1000
0.1000
0.1000
0.1000
0.1000
0.1000
0.1000
0.1000
0.1000
0.1000
0.1000
0.1000
0.1000
0.1000
0.1000
0.1000
0.1000
0.1000
0.1000
0.1000
0.1000
0.1000
0.1000
0.1000
0.1000
0.1000
0.1000
0.1000
0.1000
0.1000
0.1000
0.1000
0.1000
0.1000
0.1000
0.1000
0.1000
0.1000
0.1000
0.1000
0.1000
0.1000
0.1000
0.1000
0.1000
0.1000
0.1000
0.1000
0.1000
0.1000
0.1000
0.1000
0.1000
0.1000
0.1000
0.1000
0.1000
0.1000
0.1000
0.1000
0.1000
0.1000
0.1000
0.1000
0.1000
0.1000
0.1000
0.1000
0.1000
0.1000
0.1000
0.1000
0.1000
0.1000
0.1000
0.1000
0.1000
0.1000
0.1000
0.1000
0.1000
0.1000
0.1000
0.1000
0.1000
0.1000
0.1000
0.1000
0.1000
0.1000
0.1000
0.1000
0.1000
0.1000
0.1000
0.1000
0.1000
0.1000
0.1000
0.1000
0.1000
0.1000
0.1000
0.1000
0.1000
0.1000
0.1000
0.1000
0.1000
0.1000
0.1000
0.1000
0.1000
0.1000
0.1000
0.1000
0.1000
0.1000
0.1000
0.1000
0.1000
0.1000
0.1000
0.1000
0.1000
0.1000
0.1000
0.1000
0.1000
0.1000
0.1000
0.1000
0.1000
0.1000
0.1000
0.1000
0.1000
0.1000
0.1000
0.1000
0.1000
0.1000
0.1000
0.1000
0.1000
0.1000
0.1000
0.1000
0.1000
0.1000
0.1000
0.1000
0.1000
0.1000
0.1000
0.1000
0.1000
0.1000
0.1000
0.1000
0.1000
0.1000
0.1000
0.1000
0.1000
0.1000
0.1000
0.1000
0.1000
0.1000
0.1000
0.1000
0.1000
0.1000
0.1000
0.1000
0.1000
0.1000
0.1000
0.1000
0.1000
0.1000
0.1000
0.1000
0.1000
0.1000
0.1000
0.1000
0.1000
0.1000
0.1000
0.1000
0.1000
0.1000
0.1000
0.1000
0.1000
0.1000
0.1000
0.1000
0.1000
0.1000
0.1000
0.1000
0.1000
0.1000
0.1000
0.1000
0.1000
0.1000
0.1000
0.1000
0.1000
0.1000
0.1000
0.1000
0.1000
0.1000
0.1000
0.1000
0.1000
0.1000
0.1000
0.1000
0.1000
0.1000
0.1000
0.1000
0.1000
0.1000
0.1000
0.1000
0.1000
0.1000
0.1000
0.1000
0.1000
0.1000
0.1000
0.1000
0.2932
0.3741
0.2846
0.1000
0.1000
0.1000
0.1000
0.1000
0.1000
0.1000
0.1000
0.1000
0.1000
0.1000
0.1000
0.1000
0.1000
0.1000
0.1000
0.1000
0.1000
0.1000
0.1000
0.1000
0.1000
0.1000
0.1000
0.1000
0.1000
0.1000
0.1000
0.1000
0.1000
0.1000
0.1000
0.1000
0.1000
0.1000
0.1000
0.1000
0.1000
0.1000
0.1000
0.1000
0.1000
0.1000
0.1000
0.1060
0.7032
1.1575
1.4418
1.5357
1.4318
1.1383
0.6761
0.1000
0.1000
0.1000
0.1000
0.1000
0.1000
0.1000
0.1000
0.1000
0.1000
0.1000
0.1000
0.1000
0.1000
0.1000
0.1000
0.1000
0.1000
0.1000
0.1000
0.1000
0.1000
0.1000
0.1000
0.1000
0.1000
0.1000
0.1000
0.1000
0.1000
0.1000
0.1000
0.1000
0.1000
0.1000
0.1000
0.1000
0.1000
0.1000
0.1000
0.1000
0.2453
1.0371
1.7139
2.2393
2.5740
2.6857
2.5621
2.2169
1.6828
0.9993
0.2025
0.1000
0.1000
0.1000
0.1000
0.1000
0.1000
0.1000
0.1000
0.1000
0.1000
0.1000
0.1000
0.1000
0.1000
0.1000
0.1000
0.1000
0.1000
0.1000
0.1000
0.1000
0.1000
0.1000
0.1000
0.1000
0.1000
0.1000
0.1000
0.1000
0.1000
0.1000
0.1000
0.1000
0.1000
0.1000
0.1000
0.1000
0.1000
0.1000
1.0060
1.8862
2.6581
3.2749
3.6787
3.8158
3.6642
3.2482
2.6221
1.8437
0.9590
0.1000
0.1000
0.1000
0.1000
0.1000
0.1000
0.1000
0.1000
0.1000
0.1000
0.1000
0.1000
0.1000
0.1000
0.1000
0.1000
0.1000
0.1000
0.1000
0.1000
0.1000
0.1000
0.1000
0.1000
0.1000
0.1000
0.1000
0.1000
0.1000
0.1000
0.1000
0.1000
0.1000
0.1000
0.1000
0.1000
0.1000
0.1000
0.6143
1.6460
2.6187
3.4991
4.2317
4.7327
4.9081
4.7143
4.1992
3.4573
2.5711
1.5947
0.5607
0.1000
0.1000
0.1000
0.1000
0.1000
0.1000
0.1000
0.1000
0.1000
0.1000
0.1000
0.1000
0.1000
0.1000
0.1000
0.1000
0.1000
0.1000
0.1000
0.1000
0.1000
0.1000
0.1000
0.1000
0.1000
0.1000
0.1000
0.1000
0.1000
0.1000
0.1000
0.1000
0.1000
0.1000
0.1000
0.1000
0.1000
1.0321
2.1295
3.1875
4.1784
5.0462
5.6814
5.9170
5.6573
5.0065
4.1303
3.1350
2.0744
1.4020
0.8671
0.1655
0.1000
0.1000
0.1000
0.1000
0.1000
0.1000
0.1000
0.1000
0.1000
0.1000
0.1000
0.1000
0.1000
0.1000
0.1000
0.1000
0.1000
0.1000
0.1000
0.1000
0.1000
0.1000
0.1000
0.1000
0.1000
0.1000
0.1000
0.1000
0.1000
0.1000
0.1000
0.1000
0.1000
0.1000
0.1248
1.2793
2.4200
3.5378
4.6136
5.6028
6.3888
6.7081
6.3572
5.5559
4.5605
3.4818
3.2320
2.8400
2.2411
1.4642
0.5395
0.1000
0.1000
0.1000
0.1000
0.1000
0.1000
0.1000
0.1000
0.1000
0.1000
0.1000
0.1000
0.1000
0.1000
0.1000
0.1000
0.1000
0.1000
0.1000
0.1000
0.1000
0.1000
0.1000
0.1000
0.1000
0.1000
0.1000
0.1000
0.1000
0.1000
0.1000
0.1000
0.1000
0.1761
1.3386
2.4903
3.6237
4.7230
5.7491
6.5900
6.9465
6.5554
5.6999
4.7698
4.8580
4.6704
4.2222
3.5461
2.6817
1.6675
0.5368
0.1000
0.1000
0.1000
0.1000
0.1000
0.1000
0.1000
0.1000
0.1000
0.1000
0.1000
0.1000
0.1000
0.1000
0.1000
0.1000
0.1000
0.1000
0.1000
0.1000
0.1000
0.1000
0.1000
0.1000
0.1000
0.1000
0.1000
0.1000
0.1000
0.1000
0.1000
0.1000
0.1000
1.2056
2.3330
3.4322
4.4807
5.4288
6.1595
6.4454
6.1308
5.7422
6.1569
6.2604
6.0408
5.5225
4.7538
3.7896
2.6784
1.4584
0.1000
0.1000
0.1000
0.1000
0.1000
0.1000
0.1000
0.1000
0.1000
0.1000
0.1000
0.1000
0.1000
0.1000
0.1000
0.1000
0.1000
0.1000
0.1000
0.1000
0.1000
0.1000
0.1000
0.1000
0.1000
0.1000
0.1000
0.1000
0.1000
0.1000
0.1000
0.1000
0.1000
0.8901
1.9642
2.9913
3.9407
4.7553
5.3344
5.5436
6.1665
6.9532
7.4408
7.5640
7.3034
6.6985
5.8226
4.7499
3.5391
2.2317
0.1000
0.1000
0.1000
0.1000
0.1000
0.1000
0.1000
0.1000
0.1000
0.1000
0.1000
0.1000
0.1000
0.1000
0.1000
0.1000
0.1000
0.1000
0.1000
0.1000
0.1000
0.1000
0.1000
0.1000
0.1000
0.1000
0.1000
0.1000
0.1000
0.1000
0.1000
0.1000
0.1000
0.4130
1.4160
2.3531
3.1906
3.8756
4.6945
5.9586
7.0788
7.9781
8.5519
8.6994
8.3886
7.6838
6.6936
5.5139
4.2111
2.8269
0.1000
0.1000
0.1000
0.1000
0.1000
0.1000
0.1000
0.1000
0.1000
0.1000
0.1000
0.1000
0.1000
0.1000
0.1000
0.1000
0.1000
0.1000
0.1000
0.1000
0.1000
0.1000
0.1000
0.1000
0.1000
0.1000
0.1000
0.1000
0.1000
0.1000
0.1000
0.1000
0.1000
0.1000
0.7256
1.5708
2.3043
3.7431
5.1617
6.5012
7.7129
8.7132
9.3719
9.5447
9.1824
8.3823
7.2927
6.0272
4.6548
3.2151
0.1000
0.1000
0.1000
0.1000
0.1000
0.1000
0.1000
0.1000
0.1000
0.1000
0.1000
0.1000
0.1000
0.1000
0.1000
0.1000
0.1000
0.1000
0.1000
0.1000
0.1000
0.1000
0.1000
0.1000
0.1000
0.1000
0.1000
0.1000
0.1000
0.1000
0.1000
0.1000
0.1000
0.1000
0.1000
0.8989
2.4198
3.9104
5.3555
6.7291
7.9844
9.0361
9.7411
9.9285
9.5369
8.6860
7.5473
6.2418
4.8382
3.3743
0.1000
0.1000
0.1000
0.2381
0.4225
0.5470
0.6102
0.6111
0.5497
0.4269
0.2442
0.1000
0.1000
0.1000
0.1000
0.1000
0.1000
0.1000
0.1000
0.1000
0.1000
0.1000
0.1000
0.1000
0.1000
0.1000
0.1000
0.1000
0.1000
0.1000
0.1000
0.1000
0.1000
0.1000
0.1000
0.8338
2.3464
3.8265
5.2582
6.6144
7.8474
8.8725
9.5532
9.7329
9.3567
8.5324
7.4190
6.1340
4.7462
3.2945
0.1482
0.5160
0.8303
1.0873
1.2836
1.4164
1.4838
1.4847
1.4192
1.2883
1.0938
0.8385
0.5258
0.1594
0.1000
0.1000
0.1000
0.1000
0.1000
0.1000
0.1000
0.1000
0.1000
0.1000
0.1000
0.1000
0.1000
0.1000
0.1000
0.1000
0.1000
0.1000
0.1000
0.1000
0.1000
0.5762
2.0570
3.4974
4.8790
6.1717
7.3259
8.2619
8.8656
9.0218
8.6932
7.9544
6.9278
5.7159
4.3865
2.9809
0.9276
1.3174
1.6515
1.9253
2.1350
2.2772
2.3494
2.3504
2.2802
2.1401
1.9323
1.6602
1.3278
0.9395
0.5002
0.1000
0.1000
0.1000
0.1000
0.1000
0.1000
0.1000
0.1000
0.1000
0.1000
0.1000
0.1000
0.1000
0.1000
0.1000
0.1000
0.1000
0.1000
0.1000
0.1000
0.1367
1.5662
2.9443
4.2495
5.4499
6.4967
7.3206
7.8358
7.9666
7.6902
7.0529
6.1388
5.0295
3.7865
2.4518
1.6872
2.1010
2.4570
2.7499
2.9747
3.1275
3.2052
3.2063
3.1307
2.9801
2.7573
2.4663
2.1121
1.6998
1.2350
0.8523
0.5976
0.2917
0.1000
0.1000
0.1000
0.1000
0.1000
0.1000
0.1000
0.1000
0.1000
0.1000
0.1000
0.1000
0.1000
0.1000
0.1000
0.1000
0.1000
0.1000
0.8963
2.1978
3.4133
4.5105
5.4456
6.1625
6.5998
6.7093
6.4772
5.9317
5.1287
4.1289
2.9844
1.7346
2.4232
2.8634
3.2437
3.5578
3.7998
3.9646
4.0486
4.0498
3.9682
3.8056
3.5658
3.2537
2.8752
2.4366
1.9442
1.6073
1.3354
1.0100
0.6356
0.2164
0.1000
0.1000
0.1000
0.1000
0.1000
0.1000
0.1000
0.1000
0.1000
0.1000
0.1000
0.1000
0.1000
0.1000
0.1000
0.1000
0.1000
1.2913
2.4137
3.4098
4.2421
4.8670
5.2417
5.3346
5.1372
4.6673
3.9620
3.0655
2.0197
0.8593
3.1308
3.5999
4.0072
4.3451
4.6066
4.7852
4.8765
4.8778
4.7891
4.6129
4.3537
4.0179
3.6125
3.1451
2.6230
2.3505
2.0594
1.7123
1.3144
0.8709
0.3868
0.1000
0.1000
0.1000
0.1000
0.1000
0.1000
0.1000
0.1000
0.1000
0.1000
0.1000
0.1000
0.1000
0.1000
0.1000
0.1000
0.2556
1.2884
2.1916
2.9344
3.4835
3.8086
3.8887
3.7183
3.3089
2.6857
1.8810
0.9275
0.1000
3.8045
4.3049
4.7419
5.1066
5.3901
5.5847
5.6843
5.6857
5.5889
5.3970
5.1159
4.7534
4.3183
3.8197
3.3276
3.0791
2.7663
2.3951
1.9715
1.5017
0.9912
0.4452
0.1000
0.1000
0.1000
0.1000
0.1000
0.1000
0.1000
0.1000
0.1000
0.1000
0.1000
0.1000
0.1000
0.1000
0.5280
0.9562
1.2304
1.3369
1.5545
2.0417
2.3276
2.3977
2.2483
1.8873
1.3323
0.6069
0.1000
0.1000
4.4373
4.9713
5.4408
5.8352
6.1438
6.3566
6.4659
6.4675
6.3612
6.1513
5.8453
5.4532
4.9857
4.4535
4.0586
3.7895
3.4523
3.0543
2.6027
2.1044
1.5659
0.9928
0.3898
0.1000
0.1000
0.1000
0.1000
0.1000
0.1000
0.1000
0.1000
0.1000
0.1000
0.1000
0.2646
1.0125
1.6420
2.1267
2.4405
2.5632
2.4859
2.2144
1.7666
1.1678
0.7439
0.4219
0.1000
0.1000
0.1000
0.1000
5.0210
5.5904
6.0948
6.5220
6.8587
7.0923
7.2128
7.2146
7.0974
6.8669
6.5330
6.1082
5.6058
5.0382
4.7696
4.4768
4.1122
3.6845
3.2025
2.6741
2.1062
1.5050
0.8756
0.2223
0.1000
0.1000
0.1000
0.1000
0.1000
0.1000
0.1000
0.1000
0.1000
0.2568
1.1738
2.0008
2.7095
3.2650
3.6303
3.7745
3.6836
3.3666
2.8514
2.1745
1.3718
0.4732
0.1000
0.1000
0.1000
0.1000
5.5458
6.1514
6.6925
7.1549
7.5226
7.7796
7.9130
7.9149
7.7852
7.5316
7.1669
6.7070
6.1678
5.6883
5.4545
5.1347
4.7394
4.2793
3.7647
3.2045
2.6063
1.9767
1.3209
0.6432
0.1000
0.1000
0.1000
0.1000
0.1000
0.1000
0.1000
0.1000
0.1000
0.9955
1.9914
2.9066
3.7086
4.3532
4.7872
4.9613
4.8514
4.4730
3.8717
3.1014
2.2088
1.2290
0.1869
0.1000
0.1000
0.1000
6.0007
6.6417
7.2198
7.7187
8.1193
8.4020
8.5495
8.5516
8.4081
8.1291
7.7316
7.2353
6.6592
6.3633
6.1051
5.7546
5.3254
4.8304
4.2815
3.6886
3.0600
2.4023
1.7207
1.0196
0.3021
0.1000
0.1000
0.1000
0.1000
0.1000
0.1000
0.1000
0.4957
1.6147
2.6888
3.6967
4.6046
5.3597
5.8867
6.1037
5.9663
5.5034
4.7932
3.9148
2.9262
1.8650
0.7548
0.1000
0.1000
0.1000
6.3737
7.0472
7.6601
8.1943
8.6279
8.9369
9.0993
9.1016
8.9437
8.6386
8.2082
7.6766
7.1682
6.9959
6.7098
6.3253
5.8595
5.3279
4.7441
4.1187
3.4603
2.7757
2.0699
1.3469
0.6098
0.1000
0.1000
0.1000
0.1000
0.1000
0.1000
0.1000
0.9140
2.0883
3.2317
4.3271
5.3440
6.2267
6.8765
7.1564
6.9781
6.4004
5.5605
4.5681
3.4872
2.3530
1.1847
0.1000
0.1000
0.1000
6.6529
7.3531
7.9953
8.5602
9.0233
9.3565
9.5329
9.5355
9.3639
9.0348
8.5750
8.0127
7.7629
7.5701
7.2530
6.8320
6.3283
5.7600
5.1421
4.4859
3.7999
3.0907
2.3631
1.6207
0.8664
0.1023
0.1000
0.1000
0.1000
0.1000
0.1000
0.1000
1.1783
2.3906
3.5835
4.7451
5.8520
6.8544
7.6419
8.0051
7.7715
7.0594
6.0931
5.0043
3.8526
2.6655
1.4569
0.2344
0.1000
0.1000
6.8281
7.5462
8.2083
8.7947
9.2791
9.6302
9.8172
9.8199
9.6379
9.2911
8.8102
8.3381
8.2784
8.0634
7.7140
7.2564
6.7160
6.1136
5.4648
4.7814
4.0716
3.3415
2.5955
1.8371
1.0685
0.2919
0.1000
0.1000
0.1000
0.1000
0.1000
0.1000
1.2755
2.5024
3.7149
4.9035
6.0492
7.1089
7.9733
8.3919
8.1207
7.3300
6.3016
5.1703
3.9893
2.7812
1.5571
0.3225
0.1000
0.1000
6.8918
7.6166
8.2864
8.8811
9.3738
9.7321
9.9233
9.9261
9.7400
9.3861
8.8968
8.7490
8.6829
8.4468
8.0675
7.5774
7.0058
6.3751
5.7016
4.9968
4.2685
3.5225
2.7628
1.9923
1.2133
0.4274
0.1000
0.1000
0.1000
0.1000
0.1000
0.1000
1.2002
2.4158
3.6131
4.7806
5.8959
6.9105
7.7135
8.0874
7.8466
7.1188
6.1395
5.0415
3.8833
2.6916
1.4795
0.2543
0.1000
0.1000
6.8412
7.5607
8.2244
8.8125
9.2985
9.6511
9.8389
9.8417
9.6589
9.3107
8.8897
9.0101
8.9392
8.6876
8.2869
7.7744
7.1818
6.5327
5.8434
5.1251
4.3855
3.6297
2.8616
2.0839
1.2985
0.5070
0.1000
0.1000
0.1000
0.1000
0.1000
0.1000
0.9567
2.1369
3.2880
4.3934
5.4235
6.3228
6.9902
7.2799
7.0952
6.5007
5.6435
4.6371
3.5456
2.4032
1.2286
0.1000
0.1000
0.1000
6.6787
7.3814
8.0264
8.5943
9.0605
9.3961
9.5740
9.5766
9.4036
9.0720
8.9647
9.0876
9.0152
8.7586
8.3511
7.8316
7.2327
6.5781
5.8842
5.1619
4.4189
3.6603
2.8898
2.1099
1.3228
0.5297
0.1000
0.1000
0.1000
0.1000
0.1000
0.1000
0.5571
1.6839
2.7675
3.7872
4.7092
5.4798
6.0208
6.2446
6.1028
5.6270
4.9012
4.0082
3.0073
1.9361
0.8178
0.1000
0.1000
0.1000
6.4110
7.0879
7.7045
8.2426
8.6799
8.9918
9.1560
9.1583
8.9987
8.6907
8.8507
8.9697
8.8997
8.6506
8.2533
7.7443
7.1550
6.5088
5.8220
5.1058
4.3678
3.6135
2.8467
2.0701
1.2857
0.4950
0.1000
0.1000
0.1000
0.1000
0.1000
0.1000
0.1000
1.0817
2.0878
3.0147
3.8297
4.4872
4.9316
5.1102
4.9974
4.6097
3.9958
3.2124
2.3078
1.3175
0.2663
0.1000
0.1000
0.1000
6.0482
6.6932
7.2755
7.7785
8.1830
8.4687
8.6179
8.6201
8.4750
8.2919
8.5638
8.6741
8.6093
8.3774
8.0038
7.5199
6.9541
6.3287
5.6597
4.9587
4.2338
3.4906
2.7334
1.9651
1.1879
0.4036
0.1000
0.1000
0.1000
0.1000
0.1000
0.1000
0.1000
0.3569
1.2838
2.1217
2.8415
3.4073
3.7802
3.9277
3.8348
3.5109
2.9859
2.2979
1.4842
0.5755
0.1000
0.1000
0.1000
0.1000
5.6022
6.2119
6.7574
7.2239
7.5953
7.8552
7.9901
7.9921
7.8609
7.8903
8.1375
8.2370
8.1786
7.9683
7.6255
7.1755
6.6425
6.0468
5.4041
4.7259
4.0207
3.2946
2.5522
1.7968
1.0309
0.2566
0.1000
0.1000
0.1000
0.1000
0.1000
0.1000
0.1000
0.1000
0.3850
1.1424
1.7813
2.2742
2.5938
2.7188
2.6401
2.3635
1.9079
1.2999
0.5673
0.1000
0.1000
0.1000
0.1000
0.1000
5.0849
5.6584
6.1670
6.5981
6.9382
7.1745
7.2964
7.2981
7.1796
7.3855
7.6076
7.6962
7.6442
7.4559
7.1454
6.7322
6.2364
5.6757
5.0647
4.4147
3.7343
3.0300
2.3066
1.5681
0.8171
0.1000
0.1000
0.1000
0.1000
0.1000
0.1000
0.1000
0.1000
0.1000
0.1000
0.1011
0.6723
1.1071
1.3858
1.4941
1.4260
1.1852
0.7845
0.2427
0.1000
0.1000
0.1000
0.1000
0.1000
0.1000
4.5075
5.0454
5.5188
5.9169
6.2286
6.4437
6.5542
6.5558
6.4977
6.8047
7.0035
7.0824
7.0361
6.8678
6.5878
6.2107
5.7527
5.2289
4.6523
4.0336
3.3814
2.7022
2.0013
1.2827
0.5496
0.1000
0.1000
0.1000
0.1000
0.1000
0.1000
0.1000
0.1000
0.1000
0.1000
0.1000
0.1000
0.1000
0.1638
0.2593
0.1993
0.1000
0.1000
0.1000
0.1000
0.1000
0.1000
0.1000
0.1000
0.1000
3.8799
4.3840
4.8246
5.1926
5.4789
5.6754
5.7761
5.7775
5.8905
6.1684
6.3469
6.4173
6.3760
6.2252
5.9724
5.6286
5.2067
4.7193
4.1776
3.5916
2.9693
2.3174
1.6411
0.9448
0.2317
0.1000
0.1000
0.1000
0.1000
0.1000
0.1000
0.1000
0.1000
0.1000
0.1000
0.1000
0.1000
0.1000
0.1000
0.1000
0.1000
0.1000
0.1000
0.1000
0.1000
0.1000
0.1000
0.1000
0.1000
0.1000
3.2105
3.6831
4.0936
4.4345
4.6984
4.8788
4.9709
4.9722
5.2393
5.4916
5.6526
5.7159
5.6788
5.5429
5.3138
4.9999
4.6113
4.1582
3.6506
3.0971
2.5054
1.8817
1.2314
0.5587
0.1000
0.1000
0.1000
0.1000
0.1000
0.1000
0.1000
0.1000
0.1000
0.1000
0.1000
0.1000
0.1000
0.1000
0.1000
0.1000
0.1000
0.1000
0.1000
0.1000
0.1000
0.1000
0.1000
0.1000
0.1000
0.1000
2.5065
2.9499
3.3332
3.6499
3.8940
4.0604
4.1451
4.2478
4.5548
4.7848
4.9309
4.9882
4.9547
4.8315
4.6229
4.3353
3.9766
3.5554
3.0799
2.5580
1.9963
1.4011
0.7772
0.1291
0.1000
0.1000
0.1000
0.1000
0.1000
0.1000
0.1000
0.1000
0.1000
0.1000
0.1000
0.1000
0.1000
0.1000
0.1000
0.1000
0.1000
0.1000
0.1000
0.1000
0.1000
0.1000
0.1000
0.1000
0.1000
0.1000
1.7735
2.1903
2.5490
2.8441
3.0708
3.2249
3.3033
3.5619
3.8447
4.0556
4.1889
4.2411
4.2106
4.0982
3.9072
3.6427
3.3108
2.9186
2.4731
1.9809
1.4484
0.8810
0.2835
0.1000
0.1000
0.1000
0.1000
0.1000
0.1000
0.1000
0.1000
0.1000
0.1000
0.1000
0.1000
0.1000
0.1000
0.1000
0.1000
0.1000
0.1000
0.1000
0.1000
0.1000
0.1000
0.1000
0.1000
0.1000
0.1000
0.1000
1.0165
1.4089
1.7454
2.0214
2.2327
2.3760
2.5295
2.8533
3.1149
3.3091
3.4316
3.4794
3.4514
3.3483
3.1726
2.9281
2.6201
2.2541
1.8361
1.3719
0.8671
0.3266
0.1000
0.1000
0.1000
0.1000
0.1000
0.1000
0.1000
0.1000
0.1000
0.1000
0.1000
0.1000
0.1000
0.1000
0.1000
0.1000
0.1000
0.1000
0.1000
0.1000
0.1000
0.1000
0.1000
0.1000
0.1000
0.1000
0.1000
0.1000
0.1000
0.1000
0.1000
0.1000
0.1000
0.1000
0.1000
0.1000
0.1000
0.1000
0.1000
0.1000
0.1000
0.1000
0.1000
0.1000
0.1000
0.1000
0.1000
0.1000
0.1000
0.1000
0.1000
0.1000
0.1000
0.1000
0.1000
0.1000
0.1000
0.1000
0.1000
0.1000
0.1000
0.1000
0.1000
0.1000
0.1000
0.1000
0.1000
0.1000
0.1000
0.1000
0.1000
0.1000
0.1000
0.1000
0.1000
0.1000
0.1000
0.1000
0.1000
0.1000
0.1000
0.1000
0.1000
0.1000
0.1000
0.1000
0.1000
0.1000
0.1000
0.1000
0.1000
0.1000
0.1000
0.1000
0.1000
0.1000
0.1000
0.1000
0.1000
0.1000
0.1000
0.1000
0.1000
0.1000
0.1000
0.1000
0.1000
0.1000
0.1000
0.1000
0.1000
0.1000
0.1000
0.1000
0.1000
0.1000
0.1000
0.1000
0.1000
0.1000
0.1000
0.1000
0.1000
0.1000
0.1000
0.1000
0.1000
0.1000
0.1000
0.1000
0.1000
0.1000
0.1000
0.1000
0.1000
0.1000
0.1000
0.1000
0.1000
0.1000
0.1000
0.1000
0.1000
0.1000
0.1000
0.1000
0.1000
0.1000
0.1000
0.1000
0.1000
0.1000
0.1000
0.1000
0.1000
0.1000
0.1000
0.1000
0.1000
0.1000
0.1000
0.1000
0.1000
0.1000
0.1000
0.1000
0.1000
0.1000
0.1000
0.1000
0.1000
0.1000
0.1000
0.1000
0.1000
0.1000
0.1000
0.1000
0.1000
0.1000
0.1000
0.1000
0.1000
0.1000
0.1000
0.1000
0.1000
0.1000
0.1000
0.1000
0.1000
0.1000
0.1000
0.1000
0.1000
0.1000
0.1000
0.1000
0.1000
0.1000
0.1000
0.1000
0.1000
0.1000
0.1000
0.1000
0.1000
0.1000
0.1000
0.1000
0.1000
0.1000
0.1000
0.1000
0.1000
0.1000
0.1000
0.1000
0.1000
0.1000
0.1000
0.1000
0.1000
0.1000
0.1000
0.1000
0.1000
0.1000
0.1000
0.1000
0.1000
0.1000
0.1000
0.1000
0.1000
0.1000
0.1000
0.1000
0.1000
0.1000
0.1000
0.1000
0.1000
0.1000
0.1000
0.1000
0.1000
0.1000
0.1000
0.1000
0.1000
0.1000
0.1000
0.1000
0.1000
0.1000
0.1000
0.1000
0.1000
0.1000
0.1000
0.1000
0.1000
0.1000
0.1000
0.1000
0.1000
0.1000
0.1000
0.1000
0.1000
0.1000
0.1000
0.1000
0.1000
0.1000
0.1000
0.1000
0.1000
0.1000
0.1000
0.1000
0.1000
0.1000
0.1000
0.1000
0.1000
0.1000
0.1000
0.1000
0.1000
0.1000
0.1000
0.1000
0.1000
0.1000
0.1000
0.1000
0.1000
0.1000
0.1000
0.1000
0.1000
0.1000
0.1000
0.1000
0.1000
0.1000
0.1000
0.1000
0.1000
0.1000
0.1000
0.1000
0.1000
0.1000
0.1000
0.1000
0.1000
0.1000
0.1000
0.1000
0.1000
0.1000
0.1000
0.1000
0.1000
0.1000
0.1000
0.1000
0.1000
0.1000
0.1000
0.1000
0.1000
0.1000
0.1000
0.1000
0.1000
0.1000
0.1000
0.1000
0.1000
0.1000
0.1000
0.1000
0.1000
0.1000
0.1000
0.1000
0.1000
0.1000
0.1000
0.1000
0.1000
0.1000
0.1000
0.1000
0.1000
0.1000
0.1000
0.1000
0.1000
0.1000
0.1000
0.1000
0.1000
0.1000
0.1000
0.1000
0.1000
0.1000
0.1000
0.1000
0.1000
0.1000
0.1000
0.1000
0.1000
0.1000
0.1000
0.1000
0.1000
0.1000
0.1000
0.1000
0.1000
0.1000
0.1000
0.1000
0.1000
0.1000
0.1000
0.1000
0.1000
0.1000
0.1000
0.1000
0.1000
0.1000
0.1000
0.1000
0.1000
0.1000
0.1000
0.1000
0.1000
0.1000
0.1000
0.1000
0.1000
0.1000
0.1000
0.1000
0.1000
0.1000
0.1000
0.1000
0.1000
0.1000
0.1000
0.1000
0.1000
0.1000
0.1000
0.1000
0.1000
0.1000
0.1000
0.1000
0.1000
0.1000
0.1000
0.1000
0.1000
0.1000
0.1000
0.1000
0.1000
0.1000
0.1000
0.1000
0.1000
0.1000
0.1000
0.1000
0.1000
0.1000
0.1000
0.1000
0.1000
0.1000
0.1000
0.1000
0.1000
0.1000
0.1000
0.1000
0.1000
0.1000
0.1000
0.1000
0.1000
0.1000
0.1000
0.1000
0.1000
0.1000
0.1000
0.1000
0.1000
0.1000
0.1000
0.1000
0.1000
0.1000
0.1000
0.1000
0.1000
0.1000
0.1000
0.1000
0.1000
0.1000
0.1000
0.1000
0.1000
0.1000
0.1000
0.1000
0.1000
0.1000
0.1000
0.1000
0.1000
0.1000
0.1000
0.1000
0.1000
0.1000
0.1000
0.1000
0.1000
0.1000
0.1000
0.1000
0.1000
0.1000
0.1000
0.1000
0.1000
0.1000
0.1000
0.1000
0.1000
0.1000
0.1000
0.1000
0.1000
0.1000
0.1000
0.1000
0.1000
0.1000
0.1000
0.1000
0.1000
0.1000
0.1000
0.1000
0.1000
0.1000
0.1000
0.1000
0.1000
0.1000
0.1000
0.1000
0.1000
0.1000
0.1000
0.1000
0.1000
0.1000
0.1000
0.1000
0.1000
0.1000
0.1000
0.1000
0.1000
0.1000
0.1000
0.1000
0.1000
0.1000
0.1000
0.1000
0.1000
0.1000
0.1000
0.1000
0.1000
0.1000
0.1000
0.1000
0.1518
0.2313
0.1433
0.1000
0.1000
0.1000
0.1000
0.1000
0.1000
0.1000
0.1000
0.1000
0.1000
0.1000
0.1000
0.1000
0.1000
0.1000
0.1000
0.1000
0.1000
0.1000
0.1000
0.1000
0.1000
0.1000
0.1000
0.1000
0.1000
0.1000
0.1000
0.1000
0.1000
0.1000
0.1000
0.1000
0.1000
0.1000
0.1000
0.1000
0.1000
0.1000
0.1000
0.1000
0.1000
0.1000
0.1000
0.1000
0.5546
1.0000
1.2783
1.3701
1.2685
0.9812
0.5279
0.1000
0.1000
0.1000
0.1000
0.1000
0.1000
0.1000
0.1000
0.1000
0.1000
0.1000
0.1000
0.1000
0.1000
0.1000
0.1000
0.1000
0.1000
0.1000
0.1000
0.1000
0.1000
0.1000
0.1000
0.1000
0.1000
0.1000
0.1000
0.1000
0.1000
0.1000
0.1000
0.1000
0.1000
0.1000
0.1000
0.1000
0.1000
0.1000
0.1000
0.1000
0.1046
0.8821
1.5441
2.0560
2.3809
2.4891
2.3694
2.0342
1.5138
0.8451
0.1000
0.1000
0.1000
0.1000
0.1000
0.1000
0.1000
0.1000
0.1000
0.1000
0.1000
0.1000
0.1000
0.1000
0.1000
0.1000
0.1000
0.1000
0.1000
0.1000
0.1000
0.1000
0.1000
0.1000
0.1000
0.1000
0.1000
0.1000
0.1000
0.1000
0.1000
0.1000
0.1000
0.1000
0.1000
0.1000
0.1000
0.1000
0.1000
0.1000
0.8516
1.7122
2.4624
3.0576
3.4445
3.5753
3.4307
3.0319
2.4276
1.6708
0.8056
0.1000
0.1000
0.1000
0.1000
0.1000
0.1000
0.1000
0.1000
0.1000
0.1000
0.1000
0.1000
0.1000
0.1000
0.1000
0.1000
0.1000
0.1000
0.1000
0.1000
0.1000
0.1000
0.1000
0.1000
0.1000
0.1000
0.1000
0.1000
0.1000
0.1000
0.1000
0.1000
0.1000
0.1000
0.1000
0.1000
0.1000
0.1000
0.4673
1.4778
2.4242
3.2727
3.9698
4.4396
4.6023
4.4225
3.9391
3.2327
2.3781
1.4277
0.4146
0.1000
0.1000
0.1000
0.1000
0.1000
0.1000
0.1000
0.1000
0.1000
0.1000
0.1000
0.1000
0.1000
0.1000
0.1000
0.1000
0.1000
0.1000
0.1000
0.1000
0.1000
0.1000
0.1000
0.1000
0.1000
0.1000
0.1000
0.1000
0.1000
0.1000
0.1000
0.1000
0.1000
0.1000
0.1000
0.1000
0.1000
0.8772
1.9492
2.9736
3.9195
4.7297
5.3043
5.5115
5.2829
4.6931
3.8740
2.9230
2.0080
1.6538
1.1087
0.3949
0.1000
0.1000
0.1000
0.1000
0.1000
0.1000
0.1000
0.1000
0.1000
0.1000
0.1000
0.1000
0.1000
0.1000
0.1000
0.1000
0.1000
0.1000
0.1000
0.1000
0.1000
0.1000
0.1000
0.1000
0.1000
0.1000
0.1000
0.1000
0.1000
0.1000
0.1000
0.1000
0.1000
0.1000
0.1000
1.1193
2.2316
3.3098
4.3286
5.2343
5.9127
6.1701
5.8865
5.1924
4.2789
3.6939
3.5265
3.1241
2.5108
1.7173
0.7752
0.1000
0.1000
0.1000
0.1000
0.1000
0.1000
0.1000
0.1000
0.1000
0.1000
0.1000
0.1000
0.1000
0.1000
0.1000
0.1000
0.1000
0.1000
0.1000
0.1000
0.1000
0.1000
0.1000
0.1000
0.1000
0.1000
0.1000
0.1000
0.1000
0.1000
0.1000
0.1000
0.1000
0.1000
1.1774
2.2998
3.3920
4.4305
5.3642
6.0765
6.3521
6.0487
5.3207
5.1134
5.2050
5.0103
4.5466
3.8494
2.9618
1.9247
0.7725
0.1000
0.1000
0.1000
0.1000
0.1000
0.1000
0.1000
0.1000
0.1000
0.1000
0.1000
0.1000
0.1000
0.1000
0.1000
0.1000
0.1000
0.1000
0.1000
0.1000
0.1000
0.1000
0.1000
0.1000
0.1000
0.1000
0.1000
0.1000
0.1000
0.1000
0.1000
0.1000
0.1000
1.0472
2.1471
3.2086
4.2042
5.0783
5.7203
5.9593
5.6959
6.1265
6.5619
6.6708
6.4398
5.8968
5.0968
4.1002
2.9585
1.7113
0.1000
0.1000
0.1000
0.1000
0.1000
0.1000
0.1000
0.1000
0.1000
0.1000
0.1000
0.1000
0.1000
0.1000
0.1000
0.1000
0.1000
0.1000
0.1000
0.1000
0.1000
0.1000
0.1000
0.1000
0.1000
0.1000
0.1000
0.1000
0.1000
0.1000
0.1000
0.1000
0.1000
0.7380
1.7882
2.7845
3.6942
4.4607
4.9929
5.5161
6.5719
7.4048
7.9268
8.0595
7.7791
7.1340
6.2107
5.0928
3.8422
2.5012
0.1000
0.1000
0.1000
0.1000
0.1000
0.1000
0.1000
0.1000
0.1000
0.1000
0.1000
0.1000
0.1000
0.1000
0.1000
0.1000
0.1000
0.1000
0.1000
0.1000
0.1000
0.1000
0.1000
0.1000
0.1000
0.1000
0.1000
0.1000
0.1000
0.1000
0.1000
0.1000
0.1000
0.2695
1.2530
2.1666
2.9765
3.6335
5.0354
6.3535
7.5387
8.5089
9.1414
9.3063
8.9601
8.1890
7.1287
5.8879
4.5350
3.1107
0.1000
0.1000
0.1000
0.1000
0.1000
0.1000
0.1000
0.1000
0.1000
0.1000
0.1000
0.1000
0.1000
0.1000
0.1000
0.1000
0.1000
0.1000
0.1000
0.1000
0.1000
0.1000
0.1000
0.1000
0.1000
0.1000
0.1000
0.1000
0.1000
0.1000
0.1000
0.1000
0.1000
0.1000
0.5765
1.4044
2.5437
4.0522
5.5207
6.9250
8.2205
9.3218
10.0742
10.2771
9.8547
8.9531
7.7677
6.4255
4.9942
3.5091
0.1000
0.1000
0.1000
0.1000
0.1000
0.1000
0.1000
0.1000
0.1000
0.1000
0.1000
0.1000
0.1000
0.1000
0.1000
0.1000
0.1000
0.1000
0.1000
0.1000
0.1000
0.1000
0.1000
0.1000
0.1000
0.1000
0.1000
0.1000
0.1000
0.1000
0.1000
0.1000
0.1000
0.1000
0.1000
1.1411
2.6936
4.2246
5.7225
7.1664
8.5158
9.6870
10.5112
10.7388
10.2678
9.2913
8.0415
6.6512
5.1844
3.6727
0.1000
0.1000
0.1331
0.3772
0.5634
0.6893
0.7531
0.7540
0.6920
0.5679
0.3834
0.1409
0.1000
0.1000
0.1000
0.1000
0.1000
0.1000
0.1000
0.1000
0.1000
0.1000
0.1000
0.1000
0.1000
0.1000
0.1000
0.1000
0.1000
0.1000
0.1000
0.1000
0.1000
0.1000
0.1000
1.0748
2.6185
4.1382
5.6212
7.0449
8.3666
9.5012
10.2870
10.5013
10.0565
9.1197
7.9033
6.5377
5.0889
3.5907
0.2864
0.6580
0.9756
1.2354
1.4339
1.5683
1.6365
1.6375
1.5712
1.4387
1.2420
0.9839
0.6678
0.2978
0.1000
0.1000
0.1000
0.1000
0.1000
0.1000
0.1000
0.1000
0.1000
0.1000
0.1000
0.1000
0.1000
0.1000
0.1000
0.1000
0.1000
0.1000
0.1000
0.1000
0.1000
0.8126
2.3225
3.7993
5.2267
6.5774
7.8033
8.8201
9.4934
9.6708
9.2993
8.4831
7.3776
6.0991
4.7164
3.2686
1.0739
1.4681
1.8062
2.0835
2.2960
2.4400
2.5132
2.5143
2.4431
2.3011
2.0905
1.8150
1.4786
1.0860
0.6419
0.1513
0.1000
0.1000
0.1000
0.1000
0.1000
0.1000
0.1000
0.1000
0.1000
0.1000
0.1000
0.1000
0.1000
0.1000
0.1000
0.1000
0.1000
0.1000
0.1000
0.3656
1.8214
3.2311
4.5748
5.8210
6.9202
7.7975
8.3539
8.4964
8.1959
7.5110
6.5428
5.3831
4.0970
2.7264
1.8424
2.2615
2.6224
2.9194
3.1477
3.3028
3.3817
3.3829
3.3061
3.1531
2.9270
2.6318
2.2727
1.8552
1.3848
0.8672
0.4695
0.1668
0.1000
0.1000
0.1000
0.1000
0.1000
0.1000
0.1000
0.1000
0.1000
0.1000
0.1000
0.1000
0.1000
0.1000
0.1000
0.1000
0.1000
0.1000
1.1384
2.4665
3.7128
4.8447
5.8166
6.5677
7.0294
7.1455
6.8996
6.3252
5.4863
4.4502
3.2723
1.9932
2.5880
3.0346
3.4209
3.7402
3.9864
4.1543
4.2398
4.2411
4.1579
3.9924
3.7483
3.4310
3.0466
2.6016
2.1026
1.5560
1.1991
0.8775
0.5071
0.1000
0.1000
0.1000
0.1000
0.1000
0.1000
0.1000
0.1000
0.1000
0.1000
0.1000
0.1000
0.1000
0.1000
0.1000
0.1000
0.1000
0.3003
1.5409
2.6874
3.7092
4.5671
5.2143
5.6039
5.7007
5.4951
5.0071
4.2779
3.3555
2.2844
1.1007
3.3062
3.7830
4.1976
4.5421
4.8089
4.9914
5.0847
5.0860
4.9954
4.8154
4.5509
4.2085
3.7958
3.3207
2.7907
2.2131
1.9138
1.5713
1.1783
0.7399
0.2610
0.1000
0.1000
0.1000
0.1000
0.1000
0.1000
0.1000
0.1000
0.1000
0.1000
0.1000
0.1000
0.1000
0.1000
0.1000
0.1000
0.4865
1.5380
2.4602
3.2209
3.7850
4.1198
4.2023
4.0267
3.6054
2.9660
2.1428
1.1702
0.1000
3.9912
4.5011
4.9471
5.3201
5.6105
5.8101
5.9124
5.9138
5.8144
5.6175
5.3296
4.9589
4.5148
4.0067
3.4435
2.9181
2.6104
2.2448
1.8271
1.3633
0.8589
0.3187
0.1000
0.1000
0.1000
0.1000
0.1000
0.1000
0.1000
0.1000
0.1000
0.1000
0.1000
0.1000
0.1000
0.1000
0.6444
1.0779
1.3557
1.4637
1.8093
2.3069
2.5993
2.6711
2.5182
2.1491
1.5827
0.8438
0.1000
0.1000
4.6362
5.1817
5.6625
6.0674
6.3849
6.6043
6.7172
6.7188
6.6091
6.3926
6.0778
5.6752
5.1964
4.6526
4.0542
3.6157
3.2848
2.8937
2.4492
1.9582
1.4268
0.8604
0.2640
0.1000
0.1000
0.1000
0.1000
0.1000
0.1000
0.1000
0.1000
0.1000
0.1000
0.1000
0.3780
1.1349
1.7732
2.2656
2.5849
2.7098
2.6311
2.3548
1.8997
1.2923
0.9832
0.6556
0.1488
0.1000
0.1000
0.1000
5.2326
5.8159
6.3345
6.7751
7.1235
7.3660
7.4913
7.4931
7.3712
7.1320
6.7865
6.3483
5.8317
5.2501
4.6149
4.2886
3.9319
3.5128
3.0394
2.5196
1.9600
1.3666
0.7446
0.1000
0.1000
0.1000
0.1000
0.1000
0.1000
0.1000
0.1000
0.1000
0.1000
0.3701
1.2983
2.1377
2.8589
3.4261
3.8001
3.9480
3.8548
3.5301
3.0036
2.3142
1.4990
0.5890
0.1000
0.1000
0.1000
0.1000
5.7702
6.3927
6.9515
7.4310
7.8141
8.0831
8.2229
8.2249
8.0889
7.8235
7.4435
6.9664
6.4097
5.7889
5.2412
4.9303
4.5450
4.0955
3.5914
3.0414
2.4529
1.8323
1.1848
0.5147
0.1000
0.1000
0.1000
0.1000
0.1000
0.1000
0.1000
0.1000
0.1000
1.1177
2.1280
3.0599
3.8804
4.5435
4.9924
5.1731
5.0590
4.6672
4.0479
3.2589
2.3491
1.3543
0.2994
0.1000
0.1000
0.1000
6.2376
6.8989
7.4985
8.0192
8.4400
8.7387
8.8953
8.8975
8.7453
8.4504
8.0327
7.5147
6.9170
6.2573
5.8710
5.5322
5.1158
4.6339
4.0977
3.5168
2.8994
2.2519
1.5796
0.8869
0.1772
0.1000
0.1000
0.1000
0.1000
0.1000
0.1000
0.1000
0.6117
1.7455
2.8379
3.8683
4.8033
5.5885
6.1429
6.3732
6.2272
5.7390
4.9985
4.0921
3.0799
1.9996
0.8740
0.1000
0.1000
0.1000
6.6220
7.3191
7.9578
8.5191
8.9787
9.3090
9.4837
9.4863
9.3163
8.9901
8.5338
7.9751
7.3383
6.7261
6.4525
6.0833
5.6337
5.1182
4.5496
3.9383
3.2927
2.6196
1.9241
1.2104
0.4816
0.1000
0.1000
0.1000
0.1000
0.1000
0.1000
0.1000
1.0351
2.2265
3.3920
4.5165
5.5721
6.5044
7.2080
7.5185
7.3201
6.6907
5.7990
4.7654
3.6535
2.4958
1.3094
0.1041
0.1000
0.1000
6.9105
7.6373
8.3095
8.9066
9.4019
9.7623
9.9548
9.9576
9.7703
9.4142
8.9224
8.3277
7.6575
7.2709
6.9707
6.5695
6.0861
5.5374
4.9375
4.2975
3.6260
2.9295
2.2132
1.4809
0.7355
0.1000
0.1000
0.1000
0.1000
0.1000
0.1000
0.1000
1.3029
2.5341
3.7522
4.9487
6.1062
7.1837
8.0744
8.5138
8.2282
7.4102
6.3620
5.2178
4.0282
2.8141
1.5854
0.3474
0.1000
0.1000
7.0918
7.8388
8.5340
9.1567
9.6782
10.0615
10.2681
10.2711
10.0701
9.6913
9.1732
8.5529
7.9332
7.7337
7.4064
6.9740
6.4585
5.8792
5.2512
4.5860
3.8921
3.1760
2.4422
1.6944
0.9353
0.1670
0.1000
0.1000
0.1000
0.1000
0.1000
0.1501
1.4014
2.6479
3.8869
5.1130
6.3152
7.4653
8.4741
9.0257
8.6604
7.7143
6.5845
5.3907
4.1687
2.9321
1.6870
0.4366
0.1000
0.1000
7.1578
7.9124
8.6165
9.2492
9.7811
10.1738
10.3862
10.3893
10.1826
9.7945
9.2660
8.6357
8.3049
8.0887
7.7374
7.2778
6.7355
6.1312
5.4809
4.7960
4.0849
3.3538
2.6069
1.8477
1.0784
0.3011
0.1000
0.1000
0.1000
0.1000
0.1000
0.1000
1.3252
2.5597
3.7825
4.9855
6.1526
7.2454
8.1590
8.6177
8.3187
7.4765
6.4113
5.2565
4.0597
2.8406
1.6083
0.3676
0.1000
0.1000
7.1054
7.8539
8.5509
9.1757
9.6993
10.0845
10.2923
10.2953
10.0932
9.7125
9.1923
8.6009
8.5372
8.3092
7.9412
7.4632
6.9031
6.2827
5.6182
4.9210
4.1993
3.4590
2.7041
1.9379
1.1626
0.3799
0.1000
0.1000
0.1000
0.1000
0.1000
0.1000
1.0784
2.2760
3.4496
4.5850
5.6554
6.6073
7.3334
7.6575
7.4501
6.7987
5.8863
4.8368
3.7133
2.5469
1.3539
0.1435
0.1000
0.1000
6.9371
7.6668
8.3422
8.9430
9.4419
9.8054
9.9999
10.0027
9.8135
9.4543
8.9589
8.6703
8.6055
8.3738
8.0005
7.5169
6.9515
6.3263
5.6575
4.9568
4.2320
3.4890
2.7319
1.9637
1.1866
0.4024
0.1000
0.1000
0.1000
0.1000
0.1000
0.1000
0.6738
1.8157
2.9181
3.9611
4.9115
5.7143
6.2850
6.5235
6.3722
5.8689
5.1106
4.1882
3.1628
2.0719
0.9378
0.1000
0.1000
0.1000
6.6604
7.3614
8.0043
8.5701
9.0341
9.3680
9.5449
9.5474
9.3754
9.0456
8.5850
8.5646
8.5015
8.2755
7.9101
7.4350
6.8776
6.2597
5.5974
4.9021
4.1821
3.4431
2.6895
1.9244
1.1500
0.3681
0.1000
0.1000
0.1000
0.1000
0.1000
0.1000
0.1300
1.2051
2.2260
3.1704
4.0047
4.6818
5.1422
5.3281
5.2106
4.8085
4.1754
3.3723
2.4498
1.4440
0.3797
0.1000
0.1000
0.1000
6.2865
6.9521
7.5564
8.0819
8.5072
8.8095
8.9681
8.9704
8.8161
8.5177
8.1961
8.2969
8.2377
8.0247
7.6780
7.2235
6.6862
6.0865
5.4402
4.7589
4.0510
3.3225
2.5780
1.8207
1.0533
0.2776
0.1000
0.1000
0.1000
0.1000
0.1000
0.1000
0.1000
0.4713
1.4098
2.2605
2.9935
3.5716
3.9539
4.1054
4.0099
3.6778
3.1409
2.4398
1.6131
0.6925
0.1000
0.1000
0.1000
0.1000
5.8281
6.4551
7.0186
7.5028
7.8901
8.1623
8.3040
8.3061
8.1683
7.8996
7.8026
7.8949
7.8407
7.6449
7.3232
6.8970
6.3880
5.8147
5.1922
4.5319
3.8423
3.1299
2.3995
1.6547
0.8981
0.1321
0.1000
0.1000
0.1000
0.1000
0.1000
0.1000
0.1000
0.1000
0.4998
1.2665
1.9146
2.4156
2.7410
2.8684
2.7882
2.5064
2.0432
1.4262
0.6842
0.1000
0.1000
0.1000
0.1000
0.1000
5.2979
5.8857
6.4089
6.8538
7.2060
7.4514
7.5782
7.5800
7.4567
7.2146
7.3063
7.3897
7.3408
7.1630
6.8684
6.4740
5.9976
5.4557
4.8622
4.2279
3.5616
2.8698
2.1576
1.4289
0.6867
0.1000
0.1000
0.1000
0.1000
0.1000
0.1000
0.1000
0.1000
0.1000
0.1000
0.2127
0.7905
1.2307
1.5133
1.6232
1.5540
1.3099
0.9041
0.3558
0.1000
0.1000
0.1000
0.1000
0.1000
0.1000
4.7078
5.2575
5.7425
6.1514
6.4723
6.6942
6.8084
6.8100
6.6990
6.5434
6.7333
6.8084
6.7644
6.6038
6.3356
5.9729
5.5303
5.0219
4.4600
3.8550
3.2152
2.5473
1.8565
1.1470
0.4220
0.1000
0.1000
0.1000
0.1000
0.1000
0.1000
0.1000
0.1000
0.1000
0.1000
0.1000
0.1000
0.1000
0.2761
0.3726
0.3120
0.1000
0.1000
0.1000
0.1000
0.1000
0.1000
0.1000
0.1000
0.1000
4.0680
4.5818
5.0317
5.4081
5.7015
5.9032
6.0066
6.0081
5.9076
5.9321
6.1040
6.1718
6.1321
5.9868
5.7428
5.4101
5.0004
4.5254
3.9960
3.4216
2.8101
2.1682
1.5010
0.8130
0.1074
0.1000
0.1000
0.1000
0.1000
0.1000
0.1000
0.1000
0.1000
0.1000
0.1000
0.1000
0.1000
0.1000
0.1000
0.1000
0.1000
0.1000
0.1000
0.1000
0.1000
0.1000
0.1000
0.1000
0.1000
0.1000
3.3871
3.8676
4.2857
4.6333
4.9027
5.0871
5.1813
5.1826
5.0910
5.2772
5.4333
5.4946
5.4587
5.3270
5.1045
4.7991
4.4200
3.9770
3.4795
2.9358
2.3534
1.7385
1.0963
0.4311
0.1000
0.1000
0.1000
0.1000
0.1000
0.1000
0.1000
0.1000
0.1000
0.1000
0.1000
0.1000
0.1000
0.1000
0.1000
0.1000
0.1000
0.1000
0.1000
0.1000
0.1000
0.1000
0.1000
0.1000
0.1000
0.1000
2.6725
3.1225
3.5118
3.8339
4.0824
4.2518
4.3382
4.3394
4.3648
4.5894
4.7318
4.7876
4.7549
4.6349
4.4313
4.1502
3.7991
3.3861
2.9189
2.4052
1.8516
1.2639
0.6473
0.1000
0.1000
0.1000
0.1000
0.1000
0.1000
0.1000
0.1000
0.1000
0.1000
0.1000
0.1000
0.1000
0.1000
0.1000
0.1000
0.1000
0.1000
0.1000
0.1000
0.1000
0.1000
0.1000
0.1000
0.1000
0.1000
0.1000
1.9298
2.3519
2.7156
3.0151
3.2453
3.4018
3.4815
3.4826
3.6699
3.8765
4.0071
4.0581
4.0282
3.9183
3.7312
3.4717
3.1459
2.7602
2.3216
1.8364
1.3107
0.7499
0.1588
0.1000
0.1000
0.1000
0.1000
0.1000
0.1000
0.1000
0.1000
0.1000
0.1000
0.1000
0.1000
0.1000
0.1000
0.1000
0.1000
0.1000
0.1000
0.1000
0.1000
0.1000
0.1000
0.1000
0.1000
0.1000
0.1000
0.1000
1.1638
1.5607
1.9013
2.1808
2.3949
2.5402
2.6140
2.6960
2.9534
3.1442
3.2645
3.3115
3.2840
3.1827
3.0100
2.7696
2.4664
2.1058
1.6935
1.2352
0.7362
0.2014
0.1000
0.1000
0.1000
0.1000
0.1000
0.1000
0.1000
0.1000
0.1000
0.1000
0.1000
0.1000
0.1000
0.1000
0.1000
0.1000
0.1000
0.1000
0.1000
0.1000
0.1000
0.1000
0.1000
0.1000
0.1000
0.1000
0.1000
0.1000
0.1000
0.1000
0.1000
0.1000
0.1000
0.1000
0.1000
0.1000
0.1000
0.1000
0.1000
0.1000
0.1000
0.1000
0.1000
0.1000
0.1000
0.1000
0.1000
0.1000
0.1000
0.1000
0.1000
0.1000
0.1000
0.1000
0.1000
0.1000
0.1000
0.1000
0.1000
0.1000
0.1000
0.1000
0.1000
0.1000
0.1000
0.1000
0.1000
0.1000
0.1000
0.1000
0.1000
0.1000
0.1000
0.1000
0.1000
0.1000
0.1000
0.1000
0.1000
0.1000
0.1000
0.1000
0.1000
0.1000
0.1000
0.1000
0.1000
0.1000
0.1000
0.1000
0.1000
0.1000
0.1000
0.1000
0.1000
0.1000
0.1000
0.1000
0.1000
0.1000
0.1000
0.1000
0.1000
0.1000
0.1000
0.1000
0.1000
0.1000
0.1000
0.1000
0.1000
0.1000
0.1000
0.1000
0.1000
0.1000
0.1000
0.1000
0.1000
0.1000
0.1000
0.1000
0.1000
0.1000
0.1000
0.1000
0.1000
0.1000
0.1000
0.1000
0.1000
0.1000
0.1000
0.1000
0.1000
0.1000
0.1000
0.1000
0.1000
0.1000
0.1000
0.1000
0.1000
0.1000
0.1000
0.1000
0.1000
0.1000
0.1000
0.1000
0.1000
0.1000
0.1000
0.1000
0.1000
0.1000
0.1000
0.1000
0.1000
0.1000
0.1000
0.1000
0.1000
0.1000
0.1000
0.1000
0.1000
0.1000
0.1000
0.1000
0.1000
0.1000
0.1000
0.1000
0.1000
0.1000
0.1000
0.1000
0.1000
0.1000
0.1000
0.1000
0.1000
0.1000
0.1000
0.1000
0.1000
0.1000
0.1000
0.1000
0.1000
0.1000
0.1000
0.1000
0.1000
0.1000
0.1000
0.1000
0.1000
0.1000
0.1000
0.1000
0.1000
0.1000
0.1000
0.1000
0.1000
0.1000
0.1000
0.1000
0.1000
0.1000
0.1000
0.1000
0.1000
0.1000
0.1000
0.1000
0.1000
0.1000
0.1000
0.1000
0.1000
0.1000
0.1000
0.1000
0.1000
0.1000
0.1000
0.1000
0.1000
0.1000
0.1000
0.1000
0.1000
0.1000
0.1000
0.1000
0.1000
0.1000
0.1000
0.1000
0.1000
0.1000
0.1000
0.1000
0.1000
0.1000
0.1000
0.1000
0.1000
0.1000
0.1000
0.1000
0.1000
0.1000
0.1000
0.1000
0.1000
0.1000
0.1000
0.1000
0.1000
0.1000
0.1000
0.1000
0.1000
0.1000
0.1000
0.1000
0.1000
0.1000
0.1000
0.1000
0.1000
0.1000
0.1000
0.1000
0.1000
0.1000
0.1000
0.1000
0.1000
0.1000
0.1000
0.1000
0.1000
0.1000
0.1000
0.1000
0.1000
0.1000
0.1000
0.1000
0.1000
0.1000
0.1000
0.1000
0.1000
0.1000
0.1000
0.1000
0.1000
0.1000
0.1000
0.1000
0.1000
0.1000
0.1000
0.1000
0.1000
0.1000
0.1000
0.1000
0.1000
0.1000
0.1000
0.1000
0.1000
0.1000
0.1000
0.1000
0.1000
0.1000
0.1000
0.1000
0.1000
0.1000
0.1000
0.1000
0.1000
0.1000
0.1000
0.1000
0.1000
0.1000
0.1000
0.1000
0.1000
0.1000
0.1000
0.1000
0.1000
0.1000
0.1000
0.1000
0.1000
0.1000
0.1000
0.1000
0.1000
0.1000
0.1000
0.1000
0.1000
0.1000
0.1000
0.1000
0.1000
0.1000
0.1000
0.1000
0.1000
0.1000
0.1000
0.1000
0.1000
0.1000
0.1000
0.1000
0.1000
0.1000
0.1000
0.1000
0.1000
0.1000
0.1000
0.1000
0.1000
0.1000
0.1000
0.1000
0.1000
0.1000
0.1000
0.1000
0.1000
0.1000
0.1000
0.1000
0.1000
0.1000
0.1000
0.1000
0.1000
0.1000
0.1000
0.1000
0.1000
0.1000
0.1000
0.1000
0.1000
0.1000
0.1000
0.1000
0.1000
0.1000
0.1000
0.1000
0.1000
0.1000
0.1000
0.1000
0.1000
0.1000
0.1000
0.1000
0.1000
0.1000
0.1000
0.1000
0.1000
0.1000
0.1000
0.1000
0.1000
0.1000
0.1000
0.1000
0.1000
0.1000
0.1000
0.1000
0.1000
0.1000
0.1000
0.1000
0.1000
0.1000
0.1000
0.1000
0.1000
0.1000
0.1000
0.1000
0.1000
0.1000
0.1000
0.1000
0.1000
0.1000
0.1000
0.1000
0.1000
0.1000
0.1000
0.1000
0.1000
0.1000
0.1000
0.1000
0.1000
0.1000
0.1000
0.1000
0.1000
0.1000
0.1000
0.1000
0.1000
0.1000
0.1000
0.1000
0.1000
0.1000
0.1000
0.1000
0.1000
0.1000
0.1000
0.1000
0.1000
0.1000
0.1000
0.1000
0.1000
0.1000
0.1000
0.1000
0.1000
0.1000
0.1000
0.1000
0.1000
0.1000
0.1000
0.1000
0.1000
0.1000
0.1000
0.1000
0.1000
0.1000
0.1000
0.1000
0.1000
0.1000
0.1000
0.1000
0.1000
0.1000
0.1000
0.1000
0.1000
0.1000
0.1000
0.1000
0.1000
0.1000
0.1000
0.1000
0.1000
0.1000
0.1000
0.1000
0.1000
0.1000
0.1000
0.1000
0.1000
0.1000
0.1000
0.1000
0.1000
0.1000
0.1000
0.1000
0.1000
0.1000
0.1000
0.1000
0.1000
0.1000
0.1000
0.1000
0.1000
0.1000
0.1000
0.1000
0.1000
0.1000
0.1000
0.1000
0.1000
0.1000
0.1000
0.1000
0.1000
0.1000
0.1000
0.1000
0.1000
0.1000
0.1000
0.1000
0.1000
0.1000
0.1000
0.1000
0.1000
0.1000
0.1000
0.1000
0.1000
0.1000
0.1000
0.1000
0.1000
0.1000
0.1000
0.1000
0.1000
0.1000
0.1000
0.1000
0.1000
0.1000
0.1000
0.1000
0.1000
0.1000
0.1000
0.1000
0.1000
0.1000
0.1000
0.1000
0.1000
0.1000
0.1000
0.1000
0.1000
0.1000
0.1000
0.1000
0.1000
0.1000
0.1000
0.1000
0.1000
0.1000
0.1000
0.1000
0.3653
0.8001
1.0709
1.1602
1.0614
0.7817
0.3393
0.1000
0.1000
0.1000
0.1000
0.1000
0.1000
0.1000
0.1000
0.1000
0.1000
0.1000
0.1000
0.1000
0.1000
0.1000
0.1000
0.1000
0.1000
0.1000
0.1000
0.1000
0.1000
0.1000
0.1000
0.1000
0.1000
0.1000
0.1000
0.1000
0.1000
0.1000
0.1000
0.1000
0.1000
0.1000
0.1000
0.1000
0.1000
0.1000
0.1000
0.1000
0.1000
0.6850
1.3293
1.8251
2.1384
2.2425
2.1274
1.8040
1.2998
0.6489
0.1000
0.1000
0.1000
0.1000
0.1000
0.1000
0.1000
0.1000
0.1000
0.1000
0.1000
0.1000
0.1000
0.1000
0.1000
0.1000
0.1000
0.1000
0.1000
0.1000
0.1000
0.1000
0.1000
0.1000
0.1000
0.1000
0.1000
0.1000
0.1000
0.1000
0.1000
0.1000
0.1000
0.1000
0.1000
0.1000
0.1000
0.1000
0.1000
0.1000
0.6554
1.4923
2.2168
2.7871
3.1550
3.2787
3.1419
2.7626
2.1833
1.4522
0.6104
0.1000
0.1000
0.1000
0.1000
0.1000
0.1000
0.1000
0.1000
0.1000
0.1000
0.1000
0.1000
0.1000
0.1000
0.1000
0.1000
0.1000
0.1000
0.1000
0.1000
0.1000
0.1000
0.1000
0.1000
0.1000
0.1000
0.1000
0.1000
0.1000
0.1000
0.1000
0.1000
0.1000
0.1000
0.1000
0.1000
0.1000
0.1000
0.2800
1.2649
2.1801
2.9919
3.6497
4.0865
4.2362
4.0707
3.6210
2.9539
2.1357
1.2162
0.3322
0.1000
0.1000
0.1000
0.1000
0.1000
0.1000
0.1000
0.1000
0.1000
0.1000
0.1000
0.1000
0.1000
0.1000
0.1000
0.1000
0.1000
0.1000
0.1000
0.1000
0.1000
0.1000
0.1000
0.1000
0.1000
0.1000
0.1000
0.1000
0.1000
0.1000
0.1000
0.1000
0.1000
0.1000
0.1000
0.1000
0.1000
0.6803
1.7217
2.7069
3.6026
4.3527
4.8697
5.0519
4.8507
4.3194
3.5600
2.6586
2.2175
1.8573
1.3036
0.5797
0.1000
0.1000
0.1000
0.1000
0.1000
0.1000
0.1000
0.1000
0.1000
0.1000
0.1000
0.1000
0.1000
0.1000
0.1000
0.1000
0.1000
0.1000
0.1000
0.1000
0.1000
0.1000
0.1000
0.1000
0.1000
0.1000
0.1000
0.1000
0.1000
0.1000
0.1000
0.1000
0.1000
0.1000
0.1000
0.9162
1.9945
3.0272
3.9839
4.8076
5.3960
5.6094
5.3740
4.7704
3.9378
3.9374
3.7661
3.3549
2.7293
1.9218
0.9653
0.1000
0.1000
0.1000
0.1000
0.1000
0.1000
0.1000
0.1000
0.1000
0.1000
0.1000
0.1000
0.1000
0.1000
0.1000
0.1000
0.1000
0.1000
0.1000
0.1000
0.1000
0.1000
0.1000
0.1000
0.1000
0.1000
0.1000
0.1000
0.1000
0.1000
0.1000
0.1000
0.1000
0.1000
0.9728
2.0603
3.1052
4.0782
4.9226
5.5326
5.7560
5.5096
5.0147
5.3956
5.4901
5.2893
4.8119
4.0966
3.1893
2.1328
0.9625
0.1000
0.1000
0.1000
0.1000
0.1000
0.1000
0.1000
0.1000
0.1000
0.1000
0.1000
0.1000
0.1000
0.1000
0.1000
0.1000
0.1000
0.1000
0.1000
0.1000
0.1000
0.1000
0.1000
0.1000
0.1000
0.1000
0.1000
0.1000
0.1000
0.1000
0.1000
0.1000
0.1000
0.8460
1.9130
2.9310
3.8684
4.6682
5.2326
5.4351
5.7046
6.4450
6.8991
7.0130
6.7715
6.2062
5.3785
4.3536
3.1859
1.9157
0.1000
0.1000
0.1000
0.1000
0.1000
0.1000
0.1000
0.1000
0.1000
0.1000
0.1000
0.1000
0.1000
0.1000
0.1000
0.1000
0.1000
0.1000
0.1000
0.1000
0.1000
0.1000
0.1000
0.1000
0.1000
0.1000
0.1000
0.1000
0.1000
0.1000
0.1000
0.1000
0.1000
0.5444
1.5659
2.5260
3.3909
4.1060
4.5915
5.8117
6.9095
7.7854
8.3407
8.4828
8.1830
7.4994
6.5327
5.3743
4.0892
2.7196
0.1000
0.1000
0.1000
0.1000
0.1000
0.1000
0.1000
0.1000
0.1000
0.1000
0.1000
0.1000
0.1000
0.1000
0.1000
0.1000
0.1000
0.1000
0.1000
0.1000
0.1000
0.1000
0.1000
0.1000
0.1000
0.1000
0.1000
0.1000
0.1000
0.1000
0.1000
0.1000
0.1000
0.1000
1.0464
1.9318
2.7097
3.8756
5.3151
6.6814
7.9273
8.9677
9.6624
9.8465
9.4615
8.6219
7.4939
6.1970
4.8000
3.3412
0.1000
0.1000
0.1000
0.1000
0.1000
0.1000
0.1000
0.1000
0.1000
0.1000
0.1000
0.1000
0.1000
0.1000
0.1000
0.1000
0.1000
0.1000
0.1000
0.1000
0.1000
0.1000
0.1000
0.1000
0.1000
0.1000
0.1000
0.1000
0.1000
0.1000
0.1000
0.1000
0.1000
0.1000
0.3868
1.2021
2.7628
4.3044
5.8164
7.2796
8.6559
9.8639
10.7286
10.9711
10.4714
9.4537
8.1708
6.7566
5.2727
3.7483
0.1000
0.1000
0.1000
0.1000
0.1000
0.1000
0.1000
0.1000
0.1000
0.1000
0.1000
0.1000
0.1000
0.1000
0.1000
0.1000
0.1000
0.1000
0.1000
0.1000
0.1000
0.1000
0.1000
0.1000
0.1000
0.1000
0.1000
0.1000
0.1000
0.1000
0.1000
0.1000
0.1000
0.1000
0.1000
1.3365
2.9157
4.4813
6.0255
7.5337
8.9752
10.2779
11.2580
11.5467
10.9599
9.8297
8.4635
6.9925
5.4689
3.9157
0.1000
0.1000
0.2558
0.5021
0.6900
0.8170
0.8814
0.8823
0.8197
0.6945
0.5083
0.2636
0.1000
0.1000
0.1000
0.1000
0.1000
0.1000
0.1000
0.1000
0.1000
0.1000
0.1000
0.1000
0.1000
0.1000
0.1000
0.1000
0.1000
0.1000
0.1000
0.1000
0.1000
0.1000
0.1000
1.2692
2.8391
4.3926
5.9204
7.4056
8.8135
10.0662
10.9831
11.2458
10.7077
9.6382
8.3156
6.8738
5.3704
3.8318
0.4105
0.7854
1.1061
1.3685
1.5691
1.7049
1.7738
1.7748
1.7078
1.5739
1.3751
1.1144
0.7954
0.4219
0.1000
0.1000
0.1000
0.1000
0.1000
0.1000
0.1000
0.1000
0.1000
0.1000
0.1000
0.1000
0.1000
0.1000
0.1000
0.1000
0.1000
0.1000
0.1000
0.1000
0.1000
1.0032
2.5376
4.0453
5.5125
6.9153
8.2088
9.3075
10.0573
10.2594
9.8386
8.9397
7.7567
6.4164
4.9865
3.5025
1.2054
1.6036
1.9454
2.2259
2.4409
2.5867
2.6608
2.6619
2.5898
2.4460
2.2330
1.9543
1.6143
1.2176
0.7692
0.2742
0.1000
0.1000
0.1000
0.1000
0.1000
0.1000
0.1000
0.1000
0.1000
0.1000
0.1000
0.1000
0.1000
0.1000
0.1000
0.1000
0.1000
0.1000
0.1000
0.5500
2.0276
3.4641
4.8409
6.1276
7.2746
8.2026
8.7998
8.9542
8.6294
7.8980
6.8792
5.6741
4.3503
2.9491
1.9820
2.4060
2.7713
3.0723
3.3037
3.4610
3.5411
3.5423
3.4644
3.3093
3.0800
2.7809
2.4173
1.9949
1.5195
0.9966
0.4317
0.1000
0.1000
0.1000
0.1000
0.1000
0.1000
0.1000
0.1000
0.1000
0.1000
0.1000
0.1000
0.1000
0.1000
0.1000
0.1000
0.1000
0.1000
0.1000
1.3338
2.6842
3.9567
5.1187
6.1230
6.9051
7.3893
7.5115
7.2529
6.6520
5.7808
4.7128
3.5062
2.2024
2.7365
3.1891
3.5809
3.9051
4.1553
4.3259
4.4130
4.4142
4.3296
4.1613
3.9133
3.5911
3.2012
2.7503
2.2452
1.6925
1.0979
0.7317
0.3658
0.1000
0.1000
0.1000
0.1000
0.1000
0.1000
0.1000
0.1000
0.1000
0.1000
0.1000
0.1000
0.1000
0.1000
0.1000
0.1000
0.1000
0.4839
1.7426
2.9093
3.9531
4.8329
5.4997
5.9025
6.0028
5.7899
5.2859
4.5359
3.5913
2.4988
1.2955
3.4645
3.9486
4.3700
4.7206
4.9925
5.1787
5.2739
5.2752
5.1827
4.9991
4.7296
4.3811
3.9616
3.4792
2.9419
2.3571
1.7540
1.4164
1.0287
0.5958
0.1224
0.1000
0.1000
0.1000
0.1000
0.1000
0.1000
0.1000
0.1000
0.1000
0.1000
0.1000
0.1000
0.1000
0.1000
0.1000
0.1000
0.6726
1.7396
2.6778
3.4538
4.0306
4.3737
4.4584
4.2782
3.8468
3.1935
2.3546
1.3661
0.2596
4.1602
4.6788
5.1335
5.5142
5.8113
6.0156
6.1204
6.1219
6.0200
5.8184
5.5240
5.1455
4.6928
4.1758
3.6038
2.9849
2.4396
2.0799
1.6686
1.2113
0.7133
0.1795
0.1000
0.1000
0.1000
0.1000
0.1000
0.1000
0.1000
0.1000
0.1000
0.1000
0.1000
0.1000
0.1000
0.1470
0.7209
1.1579
1.4382
1.5471
2.0154
2.5216
2.8195
2.8927
2.7369
2.3611
1.7850
1.0348
0.1381
0.1000
4.8165
5.3729
5.8645
6.2795
6.6056
6.8314
6.9477
6.9494
6.8363
6.6136
6.2901
5.8775
5.3879
4.8332
4.2241
3.5697
3.1019
2.7180
2.2812
1.7978
1.2739
0.7148
0.1253
0.1000
0.1000
0.1000
0.1000
0.1000
0.1000
0.1000
0.1000
0.1000
0.1000
0.1000
0.4525
1.2154
1.8596
2.3572
2.6802
2.8066
2.7270
2.4474
1.9874
1.3741
1.1763
0.8440
0.3304
0.1000
0.1000
0.1000
5.4248
6.0216
6.5538
7.0075
7.3674
7.6186
7.7487
7.7505
7.6240
7.3762
7.0192
6.5680
6.0378
5.4427
4.7948
4.1040
3.7356
3.3253
2.8611
2.3503
1.7995
1.2145
0.6004
0.1000
0.1000
0.1000
0.1000
0.1000
0.1000
0.1000
0.1000
0.1000
0.1000
0.4445
1.3802
2.2278
2.9577
3.5329
3.9129
4.0634
3.9685
3.6384
3.1043
2.4064
1.5828
0.6650
0.1000
0.1000
0.1000
0.1000
5.9748
6.6137
7.1895
7.6861
8.0847
8.3657
8.5123
8.5144
8.3718
8.0945
7.6990
7.2049
6.6311
5.9939
5.3065
4.7090
4.3341
3.8955
3.4023
2.8630
2.2847
1.6737
1.0351
0.3733
0.1000
0.1000
0.1000
0.1000
0.1000
0.1000
0.1000
0.1000
0.1236
1.1980
2.2181
3.1614
3.9946
4.6705
5.1300
5.3154
5.1983
4.7970
4.1650
3.3631
2.4416
1.4368
0.3732
0.1000
0.1000
0.1000
6.4542
7.1352
7.7562
8.2988
8.7405
9.0560
9.2222
9.2245
9.0629
8.7514
8.3130
7.7729
7.1539
6.4744
5.7488
5.2926
4.8891
4.4206
3.8976
3.3293
2.7236
2.0869
1.4246
0.7410
0.1000
0.1000
0.1000
0.1000
0.1000
0.1000
0.1000
0.1000
0.6879
1.8317
2.9363
3.9822
4.9362
5.7431
6.3178
6.5583
6.4057
5.8987
5.1363
4.2101
3.1817
2.0883
0.9522
0.1000
0.1000
0.1000
6.8496
7.5700
8.2347
8.8238
9.3110
9.6645
9.8529
9.8556
9.6723
9.3231
8.8394
8.2528
7.5899
6.8709
6.1783
5.8240
5.3907
4.8915
4.3385
3.7418
3.1096
2.4487
1.7642
1.0604
0.3406
0.1000
0.1000
0.1000
0.1000
0.1000
0.1000
0.1000
1.1148
2.3177
3.4982
4.6430
5.7263
6.6958
7.4426
7.7794
7.5635
6.8918
5.9608
4.8975
3.7639
2.5900
1.3914
0.1766
0.1000
0.1000
7.1472
7.9005
8.6031
9.2342
9.7644
10.1556
10.3670
10.3701
10.1644
9.7778
9.2510
8.6224
7.9215
7.1694
6.6723
6.2902
5.8268
5.2976
4.7160
4.0927
3.4362
2.7532
2.0489
1.3273
0.5914
0.1000
0.1000
0.1000
0.1000
0.1000
0.1000
0.1355
1.3849
2.6288
3.8642
5.0852
6.2796
7.4165
8.4021
8.9288
8.5815
7.6613
6.5465
5.3614
4.1450
2.9122
1.6699
0.4216
0.1000
0.1000
7.3346
8.1104
8.8395
9.5011
10.0639
10.4849
10.7152
10.7186
10.4944
10.0781
9.5187
8.8595
8.1320
7.3912
7.0843
6.6754
6.1840
5.6276
5.0205
4.3740
3.6967
2.9951
2.2742
1.5378
0.7888
0.1000
0.1000
0.1000
0.1000
0.1000
0.1000
0.2229
1.4843
2.7440
4.0011
5.2537
6.4976
7.7213
8.8792
9.6555
9.1176
7.9952
6.7800
5.5392
4.2881
3.0318
1.7726
0.5115
0.1000
0.1000
7.4029
8.1872
8.9266
9.6002
10.1762
10.6098
10.8482
10.8517
10.6196
10.1909
9.6183
8.9470
8.2091
7.7211
7.3947
6.9631
6.4486
5.8701
5.2429
4.5784
3.8851
3.1695
2.4362
1.6889
0.9301
0.1621
0.1000
0.1000
0.1000
0.1000
0.1000
0.1552
1.4073
2.6547
3.8949
5.1229
6.3280
7.4829
8.5004
9.0617
8.6893
7.7334
6.5982
5.4011
4.1771
2.9391
1.6931
0.4419
0.1000
0.1000
7.3487
8.1262
8.8574
9.5214
10.0869
10.5105
10.7424
10.7458
10.5200
10.1013
9.5392
8.8775
8.1479
7.9241
7.5844
7.1377
6.6081
6.0156
5.3757
4.6999
3.9968
3.2726
2.5318
1.7778
1.0132
0.2400
0.1000
0.1000
0.1000
0.1000
0.1000
0.1000
1.1584
2.3677
3.5567
4.7129
5.8122
6.8040
7.5780
7.9322
7.7047
7.0060
6.0512
4.9706
3.8246
2.6417
1.4363
0.2162
0.1000
0.1000
7.1747
7.9312
8.6376
9.2729
9.8076
10.2028
10.4167
10.4198
10.2117
9.8211
9.2898
8.6569
8.1942
7.9833
7.6395
7.1882
6.6541
6.0574
5.4137
4.7347
4.0288
3.3020
2.5590
1.8031
1.0369
0.2622
0.1000
0.1000
0.1000
0.1000
0.1000
0.1000
0.7505
1.9025
3.0176
4.0766
5.0470
5.8731
6.4661
6.7158
6.5572
6.0332
5.2513
4.3079
3.2657
2.1614
1.0166
0.1000
0.1000
0.1000
6.8892
7.6138
8.2833
8.8777
9.3700
9.7280
9.9191
9.9218
9.7359
9.3823
8.8934
8.3015
8.0998
7.8931
7.5555
7.1112
6.5839
5.9936
5.3556
4.6816
3.9800
3.2571
2.5174
1.7644
1.0007
0.2283
0.1000
0.1000
0.1000
0.1000
0.1000
0.1000
0.2026
1.2862
2.3172
3.2733
4.1210
4.8119
5.2837
5.4748
5.3540
4.9416
4.2950
3.4783
2.5435
1.5273
0.4542
0.1000
0.1000
0.1000
6.5044
7.1902
7.8164
8.3644
8.8113
9.1310
9.2997
9.3021
9.1381
8.8224
8.3788
7.9129
7.8585
7.6619
7.3392
6.9118
6.4015
5.8271
5.2036
4.5423
3.8519
3.1388
2.4078
1.6623
0.9053
0.1388
0.1000
0.1000
0.1000
0.1000
0.1000
0.1000
0.1000
0.5465
1.4928
2.3520
3.0941
3.6807
4.0694
4.2236
4.1264
3.7885
3.2434
2.5333
1.6979
0.7693
0.1000
0.1000
0.1000
0.1000
6.0340
6.6778
7.2588
7.7606
8.1640
8.4487
8.5975
8.5996
8.4550
8.1739
7.7737
7.5414
7.4910
7.3082
7.0059
6.6024
6.1165
5.5654
4.9633
4.3213
3.6480
2.9500
2.2322
1.4986
0.7521
0.1000
0.1000
0.1000
0.1000
0.1000
0.1000
0.1000
0.1000
0.1000
0.5751
1.3482
2.0024
2.5089
2.8382
2.9673
2.8860
2.6008
2.1324
1.5093
0.7610
0.1000
0.1000
0.1000
0.1000
0.1000
5.4916
6.0931
6.6302
7.0887
7.4528
7.7072
7.8390
7.8409
7.7127
7.4617
7.1005
7.0686
7.0225
6.8546
6.5752
6.1988
5.7416
5.2186
4.6427
4.0248
3.3732
2.6945
1.9941
1.2760
0.5433
0.1000
0.1000
0.1000
0.1000
0.1000
0.1000
0.1000
0.1000
0.1000
0.1000
0.2859
0.8681
1.3120
1.5972
1.7081
1.6383
1.3919
0.9826
0.4301
0.1000
0.1000
0.1000
0.1000
0.1000
0.1000
4.8894
5.4503
5.9464
6.3657
6.6955
6.9240
7.0418
7.0435
6.9290
6.7035
6.4465
6.5181
6.4761
6.3229
6.0663
5.7178
5.2908
4.7980
4.2512
3.6604
3.0336
2.3776
1.6976
0.9978
0.2816
0.1000
0.1000
0.1000
0.1000
0.1000
0.1000
0.1000
0.1000
0.1000
0.1000
0.1000
0.1000
0.1000
0.3498
0.4470
0.3859
0.1692
0.1000
0.1000
0.1000
0.1000
0.1000
0.1000
0.1000
0.1000
4.2381
4.7610
5.2198
5.6042
5.9044
6.1111
6.2171
6.2186
6.1155
5.9117
5.8440
5.9091
5.8709
5.7313
5.4961
5.1744
4.7771
4.3149
3.7982
3.2360
2.6359
2.0046
1.3471
0.6680
0.1000
0.1000
0.1000
0.1000
0.1000
0.1000
0.1000
0.1000
0.1000
0.1000
0.1000
0.1000
0.1000
0.1000
0.1000
0.1000
0.1000
0.1000
0.1000
0.1000
0.1000
0.1000
0.1000
0.1000
0.1000
0.1000
3.5466
4.0345
4.4596
4.8135
5.0881
5.2763
5.3725
5.3738
5.2803
5.0948
5.1969
5.2562
5.2215
5.0939
4.8782
4.5814
4.2122
3.7797
3.2927
2.7594
2.1869
1.5813
0.9477
0.2906
0.1000
0.1000
0.1000
0.1000
0.1000
0.1000
0.1000
0.1000
0.1000
0.1000
0.1000
0.1000
0.1000
0.1000
0.1000
0.1000
0.1000
0.1000
0.1000
0.1000
0.1000
0.1000
0.1000
0.1000
0.1000
0.1000
2.8221
3.2781
3.6732
4.0003
4.2528
4.4251
4.5130
4.5143
4.4288
4.3773
4.5159
4.5703
4.5385
4.4216
4.2232
3.9489
3.6057
3.2012
2.7428
2.2378
1.6927
1.1132
0.5042
0.1000
0.1000
0.1000
0.1000
0.1000
0.1000
0.1000
0.1000
0.1000
0.1000
0.1000
0.1000
0.1000
0.1000
0.1000
0.1000
0.1000
0.1000
0.1000
0.1000
0.1000
0.1000
0.1000
0.1000
0.1000
0.1000
0.1000
2.0704
2.4975
2.8658
3.1693
3.4027
3.5615
3.6423
3.6435
3.5649
3.6814
3.8090
3.8589
3.8297
3.7222
3.5392
3.2851
2.9656
2.5869
2.1556
1.6778
1.1594
0.6057
0.1000
0.1000
0.1000
0.1000
0.1000
0.1000
0.1000
0.1000
0.1000
0.1000
0.1000
0.1000
0.1000
0.1000
0.1000
0.1000
0.1000
0.1000
0.1000
0.1000
0.1000
0.1000
0.1000
0.1000
0.1000
0.1000
0.1000
0.1000
1.2961
1.6972
2.0416
2.3243
2.5411
2.6881
2.7629
2.7640
2.7766
2.9640
3.0820
3.1280
3.1011
3.0018
2.8322
2.5961
2.2980
1.9431
1.5369
1.0848
0.5921
0.1000
0.1000
0.1000
0.1000
0.1000
0.1000
0.1000
0.1000
0.1000
0.1000
0.1000
0.1000
0.1000
0.1000
0.1000
0.1000
0.1000
0.1000
0.1000
0.1000
0.1000
0.1000
0.1000
0.1000
0.1000
0.1000
0.1000
0.1000
0.1000
0.1000
0.1000
0.1000
0.1000
0.1000
0.1000
0.1000
0.1000
0.1000
0.1000
0.1000
0.1000
0.1000
0.1000
0.1000
0.1000
0.1000
0.1000
0.1000
0.1000
0.1000
0.1000
0.1000
0.1000
0.1000
0.1000
0.1000
0.1000
0.1000
0.1000
0.1000
0.1000
0.1000
0.1000
0.1000
0.1000
0.1000
0.1000
0.1000
0.1000
0.1000
0.1000
0.1000
0.1000
0.1000
0.1000
0.1000
0.1000
0.1000
0.1000
0.1000
0.1000
0.1000
0.1000
0.1000
0.1000
0.1000
0.1000
0.1000
0.1000
0.1000
0.1000
0.1000
0.1000
0.1000
0.1000
0.1000
0.1000
0.1000
0.1000
0.1000
0.1000
0.1000
0.1000
0.1000
0.1000
0.1000
0.1000
0.1000
0.1000
0.1000
0.1000
0.1000
0.1000
0.1000
0.1000
0.1000
0.1000
0.1000
0.1000
0.1000
0.1000
0.1000
0.1000
0.1000
0.1000
0.1000
0.1000
0.1000
0.1000
0.1000
0.1000
0.1000
0.1000
0.1000
0.1000
0.1000
0.1000
0.1000
0.1000
0.1000
0.1000
0.1000
0.1000
0.1000
0.1000
0.1000
0.1000
0.1000
0.1000
0.1000
0.1000
0.1000
0.1000
0.1000
0.1000
0.1000
0.1000
0.1000
0.1000
0.1000
0.1000
0.1000
0.1000
0.1000
0.1000
0.1000
0.1000
0.1000
0.1000
0.1000
0.1000
0.1000
0.1000
0.1000
0.1000
0.1000
0.1000
0.1000
0.1000
0.1000
0.1000
0.1000
0.1000
0.1000
0.1000
0.1000
0.1000
0.1000
0.1000
0.1000
0.1000
0.1000
0.1000
0.1000
0.1000
0.1000
0.1000
0.1000
0.1000
0.1000
0.1000
0.1000
0.1000
0.1000
0.1000
0.1000
0.1000
0.1000
0.1000
0.1000
0.1000
0.1000
0.1000
0.1000
0.1000
0.1000
0.1000
0.1000
0.1000
0.1000
0.1000
0.1000
0.1000
0.1000
0.1000
0.1000
0.1000
0.1000
0.1000
0.1000
0.1000
0.1000
0.1000
0.1000
0.1000
0.1000
0.1000
0.1000
0.1000
0.1000
0.1000
0.1000
0.1000
0.1000
0.1000
0.1000
0.1000
0.1000
0.1000
0.1000
0.1000
0.1000
0.1000
0.1000
0.1000
0.1000
0.1000
0.1000
0.1000
0.1000
0.1000
0.1000
0.1000
0.1000
0.1000
0.1000
0.1000
0.1000
0.1000
0.1000
0.1000
0.1000
0.1000
0.1000
0.1000
0.1000
0.1000
0.1000
0.1000
0.1000
0.1000
0.1000
0.1000
0.1000
0.1000
0.1000
0.1000
0.1000
0.1000
0.1000
0.1000
0.1000
0.1000
0.1000
0.1000
0.1000
0.1000
0.1000
0.1000
0.1000
0.1000
0.1000
0.1000
0.1000
0.1000
0.1000
0.1000
0.1000
0.1000
0.1000
0.1000
0.1000
0.1000
0.1000
0.1000
0.1000
0.1000
0.1000
0.1000
0.1000
0.1000
0.1000
0.1000
0.1000
0.1000
0.1000
0.1000
0.1000
0.1000
0.1000
0.1000
0.1000
0.1000
0.1000
0.1000
0.1000
0.1000
0.1000
0.1000
0.1000
0.1000
0.1000
0.1000
0.1000
0.1000
0.1000
0.1000
0.1000
0.1000
0.1000
0.1000
0.1000
0.1000
0.1000
0.1000
0.1000
0.1000
0.1000
0.1000
0.1000
0.1000
0.1000
0.1000
0.1000
0.1000
0.1000
0.1000
0.1000
0.1000
0.1000
0.1000
0.1000
0.1000
0.1000
0.1000
0.1000
0.1000
0.1000
0.1000
0.1000
0.1000
0.1000
0.1000
0.1000
0.1000
0.1000
0.1000
0.1000
0.1000
0.1000
0.1000
0.1000
0.1000
0.1000
0.1000
0.1000
0.1000
0.1000
0.1000
0.1000
0.1000
0.1000
0.1000
0.1000
0.1000
0.1000
0.1000
0.1000
0.1000
0.1000
0.1000
0.1000
0.1000
0.1000
0.1000
0.1000
0.1000
0.1000
0.1000
0.1000
0.1000
0.1000
0.1000
0.1000
0.1000
0.1000
0.1000
0.1000
0.1000
0.1000
0.1000
0.1000
0.1000
0.1000
0.1000
0.1000
0.1000
0.1000
0.1000
0.1000
0.1000
0.1000
0.1000
0.1000
0.1000
0.1000
0.1000
0.1000
0.1000
0.1000
0.1000
0.1000
0.1000
0.1000
0.1000
0.1000
0.1000
0.1000
0.1000
0.1000
0.1000
0.1000
0.1000
0.1000
0.1000
0.1000
0.1000
0.1000
0.1000
0.1000
0.1000
0.1000
0.1000
0.1000
0.1000
0.1000
0.1000
0.1000
0.1000
0.1000
0.1000
0.1000
0.1000
0.1000
0.1000
0.1000
0.1000
0.1000
0.1000
0.1000
0.1000
0.1000
0.1000
0.1000
0.1000
0.1000
0.1000
0.1000
0.1000
0.1000
0.1000
0.1000
0.1000
0.1000
0.1000
0.1000
0.1000
0.1000
0.1000
0.1000
0.1000
0.1000
0.1000
0.1000
0.1000
0.1000
0.1000
0.1000
0.1000
0.1000
0.1000
0.1000
0.1000
0.1000
0.1000
0.1000
0.1000
0.1000
0.1000
0.1000
0.1000
0.1000
0.1000
0.1000
0.1000
0.1000
0.1000
0.1000
0.1000
0.1000
0.1000
0.1000
0.1000
0.1000
0.1000
0.1000
0.1000
0.1000
0.1000
0.1000
0.1000
0.1000
0.1000
0.1000
0.1000
0.1000
0.1000
0.1000
0.1000
0.1000
0.1000
0.1000
0.1000
0.1000
0.1000
0.1000
0.1000
0.1000
0.1000
0.1000
0.1000
0.1000
0.1000
0.1000
0.1000
0.1000
0.1000
0.1000
0.1000
0.1000
0.1000
0.1000
0.1000
0.1000
0.1000
0.1000
0.1000
0.1000
0.1000
0.1000
0.1000
0.1000
0.1000
0.1000
0.1000
0.1000
0.1000
0.1000
0.1000
0.1000
0.1000
0.1000
0.1000
0.1000
0.1000
0.1000
0.1000
0.1000
0.1000
0.1000
0.1000
0.1000
0.1000
0.1000
0.1000
0.1382
0.5607
0.8233
0.9097
0.8141
0.5429
0.1128
0.1000
0.1000
0.1000
0.1000
0.1000
0.1000
0.1000
0.1000
0.1000
0.1000
0.1000
0.1000
0.1000
0.1000
0.1000
0.1000
0.1000
0.1000
0.1000
0.1000
0.1000
0.1000
0.1000
0.1000
0.1000
0.1000
0.1000
0.1000
0.1000
0.1000
0.1000
0.1000
0.1000
0.1000
0.1000
0.1000
0.1000
0.1000
0.1000
0.1000
0.1000
0.1000
0.4490
1.0732
1.5511
1.8518
1.9514
1.8412
1.5308
1.0447
0.4139
0.1000
0.1000
0.1000
0.1000
0.1000
0.1000
0.1000
0.1000
0.1000
0.1000
0.1000
0.1000
0.1000
0.1000
0.1000
0.1000
0.1000
0.1000
0.1000
0.1000
0.1000
0.1000
0.1000
0.1000
0.1000
0.1000
0.1000
0.1000
0.1000
0.1000
0.1000
0.1000
0.1000
0.1000
0.1000
0.1000
0.1000
0.1000
0.1000
0.1000
0.4202
1.2306
1.9269
2.4704
2.8182
2.9347
2.8059
2.4471
1.8948
1.1918
0.3765
0.1000
0.1000
0.1000
0.1000
0.1000
0.1000
0.1000
0.1000
0.1000
0.1000
0.1000
0.1000
0.1000
0.1000
0.1000
0.1000
0.1000
0.1000
0.1000
0.1000
0.1000
0.1000
0.1000
0.1000
0.1000
0.1000
0.1000
0.1000
0.1000
0.1000
0.1000
0.1000
0.1000
0.1000
0.1000
0.1000
0.1000
0.1000
0.1000
1.0109
1.8917
2.6643
3.2819
3.6862
3.8236
3.6717
3.2551
2.6284
1.8492
0.9639
0.4681
0.1000
0.1000
0.1000
0.1000
0.1000
0.1000
0.1000
0.1000
0.1000
0.1000
0.1000
0.1000
0.1000
0.1000
0.1000
0.1000
0.1000
0.1000
0.1000
0.1000
0.1000
0.1000
0.1000
0.1000
0.1000
0.1000
0.1000
0.1000
0.1000
0.1000
0.1000
0.1000
0.1000
0.1000
0.1000
0.1000
0.1000
0.4444
1.4517
2.3942
3.2380
3.9299
4.3953
4.5563
4.3784
3.8995
3.1982
2.5259
2.3749
2.0101
1.4498
0.7181
0.1000
0.1000
0.1000
0.1000
0.1000
0.1000
0.1000
0.1000
0.1000
0.1000
0.1000
0.1000
0.1000
0.1000
0.1000
0.1000
0.1000
0.1000
0.1000
0.1000
0.1000
0.1000
0.1000
0.1000
0.1000
0.1000
0.1000
0.1000
0.1000
0.1000
0.1000
0.1000
0.1000
0.1000
0.1000
0.6734
1.7138
2.6976
3.5917
4.3400
4.8553
5.0367
4.8363
4.3067
4.0394
4.1213
3.9470
3.5289
2.8938
2.0754
1.1078
0.1000
0.1000
0.1000
0.1000
0.1000
0.1000
0.1000
0.1000
0.1000
0.1000
0.1000
0.1000
0.1000
0.1000
0.1000
0.1000
0.1000
0.1000
0.1000
0.1000
0.1000
0.1000
0.1000
0.1000
0.1000
0.1000
0.1000
0.1000
0.1000
0.1000
0.1000
0.1000
0.1000
0.1000
0.7282
1.7769
2.7713
3.6786
4.4422
4.9717
5.1592
4.9522
5.2205
5.6103
5.7072
5.5015
5.0131
4.2835
3.3606
2.2891
1.1049
0.1000
0.1000
0.1000
0.1000
0.1000
0.1000
0.1000
0.1000
0.1000
0.1000
0.1000
0.1000
0.1000
0.1000
0.1000
0.1000
0.1000
0.1000
0.1000
0.1000
0.1000
0.1000
0.1000
0.1000
0.1000
0.1000
0.1000
0.1000
0.1000
0.1000
0.1000
0.1000
0.1000
0.6052
1.6356
2.6067
3.4850
4.2152
4.7142
4.9439
5.9273
6.6893
7.1589
7.2771
7.0268
6.4431
5.5928
4.5454
3.3572
2.0693
0.1000
0.1000
0.1000
0.1000
0.1000
0.1000
0.1000
0.1000
0.1000
0.1000
0.1000
0.1000
0.1000
0.1000
0.1000
0.1000
0.1000
0.1000
0.1000
0.1000
0.1000
0.1000
0.1000
0.1000
0.1000
0.1000
0.1000
0.1000
0.1000
0.1000
0.1000
0.1000
0.1000
0.3124
1.3016
2.2221
3.0400
3.7041
4.7627
6.0372
7.1697
8.0821
8.6665
8.8171
8.5000
7.7831
6.7798
5.5885
4.2760
2.8839
0.1000
0.1000
0.1000
0.1000
0.1000
0.1000
0.1000
0.1000
0.1000
0.1000
0.1000
0.1000
0.1000
0.1000
0.1000
0.1000
0.1000
0.1000
0.1000
0.1000
0.1000
0.1000
0.1000
0.1000
0.1000
0.1000
0.1000
0.1000
0.1000
0.1000
0.1000
0.1000
0.1000
0.1000
0.7995
1.6537
2.5491
4.0584
5.5279
6.9336
8.2310
9.3346
10.0892
10.2929
9.8690
8.9649
7.7774
6.4336
5.0010
3.5150
0.1000
0.1000
0.1000
0.1000
0.1000
0.1000
0.1000
0.1000
0.1000
0.1000
0.1000
0.1000
0.1000
0.1000
0.1000
0.1000
0.1000
0.1000
0.1000
0.1000
0.1000
0.1000
0.1000
0.1000
0.1000
0.1000
0.1000
0.1000
0.1000
0.1000
0.1000
0.1000
0.1000
0.1000
0.1590
1.3471
2.9278
4.4953
6.0421
7.5540
9.0011
10.3122
11.3035
11.5971
11.0012
9.8605
8.4871
7.0113
5.4844
3.9289
0.1000
0.1000
0.1000
0.1000
0.1000
0.1000
0.1000
0.1000
0.1000
0.1000
0.1000
0.1000
0.1000
0.1000
0.1000
0.1000
0.1000
0.1000
0.1000
0.1000
0.1000
0.1000
0.1000
0.1000
0.1000
0.1000
0.1000
0.1000
0.1000
0.1000
0.1000
0.1000
0.1000
0.1000
0.1000
1.4831
3.0829
4.6756
6.2570
7.8188
9.3426
10.7786
11.9594
12.3491
11.5832
10.2742
8.7967
7.2558
5.6854
4.0993
0.1000
0.1000
0.3641
0.6124
0.8018
0.9298
0.9948
0.9957
0.9326
0.8063
0.6186
0.3720
0.1000
0.1000
0.1000
0.1000
0.1000
0.1000
0.1000
0.1000
0.1000
0.1000
0.1000
0.1000
0.1000
0.1000
0.1000
0.1000
0.1000
0.1000
0.1000
0.1000
0.1000
0.1000
0.1000
1.4150
3.0052
4.5851
6.1490
7.6853
9.1693
10.5385
11.6119
11.9435
11.2786
10.0626
8.6400
7.1327
5.5845
4.0139
0.5200
0.8979
1.2214
1.4861
1.6886
1.8257
1.8953
1.8963
1.8286
1.6934
1.4928
1.2298
0.9080
0.5315
0.1047
0.1000
0.1000
0.1000
0.1000
0.1000
0.1000
0.1000
0.1000
0.1000
0.1000
0.1000
0.1000
0.1000
0.1000
0.1000
0.1000
0.1000
0.1000
0.1000
0.1000
1.1461
2.6993
4.2312
5.7302
7.1757
8.5272
9.7013
10.5286
10.7574
10.2842
9.3045
8.0521
6.6598
5.1916
3.6789
1.3216
1.7235
2.0685
2.3519
2.5692
2.7166
2.7916
2.7926
2.7198
2.5744
2.3591
2.0775
1.7342
1.3339
0.8817
0.3826
0.1000
0.1000
0.1000
0.1000
0.1000
0.1000
0.1000
0.1000
0.1000
0.1000
0.1000
0.1000
0.1000
0.1000
0.1000
0.1000
0.1000
0.1000
0.1000
0.6882
2.1826
3.6399
5.0428
6.3621
7.5488
8.5207
9.1547
9.3200
8.9729
8.2002
7.1382
5.8960
4.5420
3.1168
2.1055
2.5339
2.9033
3.2079
3.4421
3.6015
3.6826
3.6838
3.6049
3.4477
3.2156
2.9130
2.5454
2.1186
1.6385
1.1110
0.5414
0.1000
0.1000
0.1000
0.1000
0.1000
0.1000
0.1000
0.1000
0.1000
0.1000
0.1000
0.1000
0.1000
0.1000
0.1000
0.1000
0.1000
0.1000
0.1000
1.4804
2.8481
4.1410
5.3268
6.3574
7.1652
7.6683
7.7958
7.5263
6.9031
6.0055
4.9119
3.6827
2.3596
2.8681
3.3261
3.7229
4.0515
4.3054
4.4786
4.5670
4.5683
4.4823
4.3115
4.0599
3.7333
3.3383
2.8821
2.3715
1.8131
1.2131
0.5769
0.2119
0.1000
0.1000
0.1000
0.1000
0.1000
0.1000
0.1000
0.1000
0.1000
0.1000
0.1000
0.1000
0.1000
0.1000
0.1000
0.1000
0.1000
0.6213
1.8939
3.0764
4.1373
5.0347
5.7171
6.1306
6.2337
6.0149
5.4980
4.7313
3.7692
2.6600
1.4417
3.6050
4.0956
4.5234
4.8797
5.1562
5.3458
5.4427
5.4441
5.3498
5.1629
4.8887
4.5346
4.1088
3.6198
3.0759
2.4845
1.8523
1.2483
0.8661
0.4390
0.1000
0.1000
0.1000
0.1000
0.1000
0.1000
0.1000
0.1000
0.1000
0.1000
0.1000
0.1000
0.1000
0.1000
0.1000
0.1000
0.1000
0.8119
1.8909
2.8415
3.6294
4.2163
4.5659
4.6523
4.4685
4.0292
3.3650
2.5138
1.5130
0.3948
4.3103
4.8372
5.2997
5.6878
5.9909
6.1998
6.3070
6.3085
6.2043
5.9983
5.6977
5.3120
4.8514
4.3262
3.7461
3.1194
2.4536
1.9013
1.4966
1.0461
0.5550
0.1000
0.1000
0.1000
0.1000
0.1000
0.1000
0.1000
0.1000
0.1000
0.1000
0.1000
0.1000
0.1000
0.1000
0.1806
0.7564
1.1951
1.4765
1.5860
2.1702
2.6832
2.9853
3.0595
2.9014
2.5204
1.9369
1.1781
0.2722
0.1000
4.9771
5.5436
6.0453
6.4697
6.8041
7.0360
7.1556
7.1573
7.0410
6.8122
6.4807
6.0586
5.5590
4.9942
4.3752
3.7116
3.0110
2.5280
2.0991
1.6238
1.1078
0.5565
0.1000
0.1000
0.1000
0.1000
0.1000
0.1000
0.1000
0.1000
0.1000
0.1000
0.1000
0.1000
0.4871
1.2528
1.8999
2.3999
2.7246
2.8518
2.7717
2.4906
2.0282
1.4597
1.3211
0.9852
0.4663
0.1000
0.1000
0.1000
5.5966
6.2059
6.7509
7.2170
7.5881
7.8477
7.9824
7.9844
7.8534
7.5971
7.2291
6.7654
6.2225
5.6148
4.9551
4.2534
3.5242
3.1231
2.6684
2.1670
1.6255
1.0493
0.4436
0.1000
0.1000
0.1000
0.1000
0.1000
0.1000
0.1000
0.1000
0.1000
0.1000
0.4790
1.4183
2.2699
3.0038
3.5828
3.9657
4.1174
4.0218
3.6891
3.1513
2.4493
1.6218
0.7003
0.1000
0.1000
0.1000
0.1000
6.1580
6.8123
7.4046
7.9176
8.3314
8.6245
8.7778
8.7800
8.6309
8.3416
7.9310
7.4205
6.8302
6.1775
5.4760
4.7364
4.1077
3.6803
3.1985
2.6702
2.1026
1.5016
0.8724
0.2193
0.1000
0.1000
0.1000
0.1000
0.1000
0.1000
0.1000
0.1000
0.1571
1.2354
2.2601
3.2088
4.0480
4.7302
5.1948
5.3826
5.2639
4.8580
4.2199
3.4118
2.4848
1.4751
0.4076
0.1000
0.1000
0.1000
6.6488
7.3486
7.9903
8.5546
9.0173
9.3501
9.5263
9.5289
9.3575
9.0288
8.5695
8.0076
7.3679
6.6695
5.9271
5.1513
4.6469
4.1919
3.6823
3.1270
2.5335
1.9082
1.2564
0.5823
0.1000
0.1000
0.1000
0.1000
0.1000
0.1000
0.1000
0.1000
0.7234
1.8718
2.9823
4.0356
4.9987
5.8164
6.4012
6.6468
6.4909
5.9745
5.2012
4.2654
3.2292
2.1296
0.9886
0.1000
0.1000
0.1000
7.0547
7.7974
8.4877
9.1050
9.6208
9.9992
10.2026
10.2056
10.0076
9.6338
9.1214
8.5066
7.8180
7.0766
6.2967
5.5495
5.1321
4.6492
4.1120
3.5303
2.9120
2.2637
1.5907
0.8973
0.1870
0.1000
0.1000
0.1000
0.1000
0.1000
0.1000
0.1000
1.1518
2.3602
3.5479
4.7024
5.7992
6.7875
7.5573
7.9088
7.6831
6.9886
6.0375
4.9596
3.8155
2.6340
1.4296
0.2103
0.1000
0.1000
7.3609
8.1400
8.8730
9.5392
10.1070
10.5328
10.7661
10.7695
10.5424
10.1214
9.5570
8.8932
8.1617
7.3838
6.5732
5.9962
5.5521
5.0423
4.4790
3.8726
3.2316
2.5626
1.8708
1.1604
0.4347
0.1000
0.1000
0.1000
0.1000
0.1000
0.1000
0.1691
1.4230
2.6730
3.9166
5.1495
6.3622
7.5302
8.5721
9.1623
8.7686
7.7851
6.6348
5.4291
4.1997
2.9581
1.7093
0.4561
0.1000
0.1000
7.5542
8.3582
9.1215
9.8238
10.4323
10.8975
11.1571
11.1609
10.9081
10.4479
9.8427
9.1426
8.3807
7.5777
6.7501
6.3631
5.8947
5.3605
4.7742
4.1466
3.4862
2.7997
2.0923
1.3679
0.6295
0.1000
0.1000
0.1000
0.1000
0.1000
0.1000
0.2567
1.5228
2.7888
4.0546
5.3201
6.5848
7.8478
9.1046
10.2539
9.3890
8.1362
6.8739
5.6094
4.3441
3.0784
1.8124
0.5463
0.1000
0.1000
7.6247
8.4382
9.2134
9.9301
10.5554
11.0378
11.3092
11.3132
11.0488
10.5715
9.9495
9.2349
8.4611
7.6485
7.0416
6.6357
6.1473
5.5938
4.9894
4.3453
3.6702
2.9706
2.2514
1.5166
0.7689
0.1000
0.1000
0.1000
0.1000
0.1000
0.1000
0.1888
1.4455
2.6991
3.9476
5.1876
6.4116
7.5991
8.6793
9.3205
8.8886
7.8605
6.6876
5.4694
4.2321
2.9851
1.7326
0.4765
0.1000
0.1000
7.5687
8.3747
9.1404
9.8456
10.4574
10.9261
11.1880
11.1919
10.9368
10.4732
9.8646
9.1616
8.3973
7.5923
7.2188
6.8004
6.2992
5.7333
5.1176
4.4634
3.7792
3.0715
2.3453
1.6041
0.8509
0.1000
0.1000
0.1000
0.1000
0.1000
0.1000
0.1000
1.1956
2.4104
3.6068
4.7730
5.8865
6.8985
7.6981
8.0696
7.8304
7.1061
6.1295
5.0335
3.8767
2.6860
1.4747
0.2500
0.1000
0.1000
7.3893
8.1719
8.9092
9.5803
10.1537
10.5847
10.8214
10.8249
10.5944
10.1682
9.5983
8.9295
8.1937
7.5883
7.2701
6.8479
6.3429
5.7734
5.1544
4.4971
3.8103
3.1003
2.3720
1.6290
0.8742
0.1096
0.1000
0.1000
0.1000
0.1000
0.1000
0.1000
0.7862
1.9430
3.0641
4.1308
5.1108
5.9484
6.5526
6.8081
6.6457
6.1112
5.3176
4.3641
3.3138
2.2031
1.0532
0.1000
0.1000
0.1000
7.0954
7.8428
8.5385
9.1617
9.6838
10.0676
10.2745
10.2775
10.0762
9.6969
9.1783
8.5575
7.8635
7.5052
7.1919
6.7754
6.2762
5.7122
5.0983
4.4456
3.7628
3.0563
2.3311
1.5909
0.8385
0.1000
0.1000
0.1000
0.1000
0.1000
0.1000
0.1000
0.2364
1.3239
2.3597
3.3215
4.1756
4.8731
5.3504
5.5441
5.4217
5.0042
4.3510
3.5278
2.5872
1.5660
0.4888
0.1000
0.1000
0.1000
6.7003
7.4052
8.0527
8.6232
9.0918
9.4296
9.6088
9.6113
9.4371
9.1035
8.6382
8.0702
7.4732
7.2910
6.9896
6.5872
6.1025
5.5525
4.9514
4.3103
3.6378
2.9405
2.2235
1.4904
0.7444
0.1000
0.1000
0.1000
0.1000
0.1000
0.1000
0.1000
0.1000
0.5814
1.5314
2.3947
3.1410
3.7316
4.1235
4.2790
4.1809
3.8403
3.2914
2.5770
1.7374
0.8050
0.1000
0.1000
0.1000
0.1000
6.2186
6.8782
7.4760
7.9949
8.4140
8.7113
8.8671
8.8693
8.7178
8.4243
8.0084
7.4921
7.1317
6.9605
6.6761
6.2937
5.8301
5.3007
4.7188
4.0953
3.4386
2.7555
2.0510
1.3292
0.5933
0.1000
0.1000
0.1000
0.1000
0.1000
0.1000
0.1000
0.1000
0.1000
0.6101
1.3861
2.0434
2.5524
2.8836
3.0135
2.9317
2.6448
2.1740
1.5480
0.7967
0.1000
0.1000
0.1000
0.1000
0.1000
5.6646
6.2790
6.8293
7.3007
7.6763
7.9395
8.0762
8.0781
7.9452
7.6855
7.3128
6.8440
6.6917
6.5330
6.2678
5.9089
5.4703
4.9659
4.4079
3.8064
3.1699
2.5050
1.8169
1.1099
0.3871
0.1000
0.1000
0.1000
0.1000
0.1000
0.1000
0.1000
0.1000
0.1000
0.1000
0.3200
0.9042
1.3499
1.6362
1.7476
1.6775
1.4301
1.0191
0.4646
0.1000
0.1000
0.1000
0.1000
0.1000
0.1000
5.0513
5.6226
6.1290
6.5581
6.8963
7.1312
7.2524
7.2541
7.1363
6.9046
6.5691
6.2135
6.1736
6.0274
5.7819
5.4474
5.0356
4.5586
4.0271
3.4507
2.8375
2.1938
1.5251
0.8356
0.1288
0.1000
0.1000
0.1000
0.1000
0.1000
0.1000
0.1000
0.1000
0.1000
0.1000
0.1000
0.1000
0.1321
0.3841
0.4816
0.4203
0.2029
0.1000
0.1000
0.1000
0.1000
0.1000
0.1000
0.1000
0.1000
4.3895
4.9207
5.3876
5.7796
6.0861
6.2974
6.4059
6.4074
6.3020
6.0935
5.7896
5.6312
5.5946
5.4603
5.2338
4.9232
4.5383
4.0891
3.5854
3.0357
2.4475
1.8272
1.1800
0.5102
0.1000
0.1000
0.1000
0.1000
0.1000
0.1000
0.1000
0.1000
0.1000
0.1000
0.1000
0.1000
0.1000
0.1000
0.1000
0.1000
0.1000
0.1000
0.1000
0.1000
0.1000
0.1000
0.1000
0.1000
0.1000
0.1000
3.6882
4.1829
4.6144
4.9741
5.2536
5.4452
5.5432
5.5446
5.4493
5.2603
4.9833
5.0023
4.9687
4.8453
4.6363
4.3482
3.9891
3.5673
3.0912
2.5686
2.0064
1.4106
0.7863
0.1377
0.1000
0.1000
0.1000
0.1000
0.1000
0.1000
0.1000
0.1000
0.1000
0.1000
0.1000
0.1000
0.1000
0.1000
0.1000
0.1000
0.1000
0.1000
0.1000
0.1000
0.1000
0.1000
0.1000
0.1000
0.1000
0.1000
2.9547
3.4162
3.8164
4.1481
4.4044
4.5794
4.6687
4.6699
4.5831
4.4105
4.2846
4.3374
4.3065
4.1929
3.9998
3.7324
3.3973
3.0016
2.5524
2.0565
1.5204
0.9494
0.3486
0.1000
0.1000
0.1000
0.1000
0.1000
0.1000
0.1000
0.1000
0.1000
0.1000
0.1000
0.1000
0.1000
0.1000
0.1000
0.1000
0.1000
0.1000
0.1000
0.1000
0.1000
0.1000
0.1000
0.1000
0.1000
0.1000
0.1000
2.1948
2.6265
2.9989
3.3060
3.5424
3.7033
3.7852
3.7863
3.7067
3.5481
3.5959
3.6446
3.6161
3.5112
3.3323
3.0837
2.7708
2.3994
1.9757
1.5056
0.9950
0.4488
0.1000
0.1000
0.1000
0.1000
0.1000
0.1000
0.1000
0.1000
0.1000
0.1000
0.1000
0.1000
0.1000
0.1000
0.1000
0.1000
0.1000
0.1000
0.1000
0.1000
0.1000
0.1000
0.1000
0.1000
0.1000
0.1000
0.1000
0.1000
1.4131
1.8179
2.1657
2.4514
2.6705
2.8192
2.8948
2.8959
2.8224
2.7692
2.8849
2.9300
2.9036
2.8063
2.6401
2.4084
2.1157
1.7668
1.3669
0.9215
0.4353
0.1000
0.1000
0.1000
0.1000
0.1000
0.1000
0.1000
0.1000
0.1000
0.1000
0.1000
0.1000
0.1000
0.1000
0.1000
0.1000
0.1000
0.1000
0.1000
0.1000
0.1000
0.1000
0.1000
0.1000
0.1000
0.1000
0.1000
0.1000
0.1000
0.1000
0.1000
0.1000
0.1000
0.1000
0.1000
0.1000
0.1000
0.1000
0.1000
0.1000
0.1000
0.1000
0.1000
0.1000
0.1000
0.1000
0.1000
0.1000
0.1000
0.1000
0.1000
0.1000
0.1000
0.1000
0.1000
0.1000
0.1000
0.1000
0.1000
0.1000
0.1000
0.1000
0.1000
0.1000
0.1000
0.1000
0.1000
0.1000
0.1000
0.1000
0.1000
0.1000
0.1000
0.1000
0.1000
0.1000
0.1000
0.1000
0.1000
0.1000
0.1000
0.1000
0.1000
0.1000
0.1000
0.1000
0.1000
0.1000
0.1000
0.1000
0.1000
0.1000
0.1000
0.1000
0.1000
0.1000
0.1000
0.1000
0.1000
0.1000
0.1000
0.1000
0.1000
0.1000
0.1000
0.1000
0.1000
0.1000
0.1000
0.1000
0.1000
0.1000
0.1000
0.1000
0.1000
0.1000
0.1000
0.1000
0.1000
0.1000
0.1000
0.1000
0.1000
0.1000
0.1000
0.1000
0.1000
0.1000
0.1000
0.1000
0.1000
0.1000
0.1000
0.1000
0.1000
0.1000
0.1000
0.1000
0.1000
0.1000
0.1000
0.1000
0.1000
0.1000
0.1000
0.1000
0.1000
0.1000
0.1000
0.1000
0.1000
0.1000
0.1000
0.1000
0.1000
0.1000
0.1000
0.1000
0.1000
0.1000
0.1000
0.1000
0.1000
0.1000
0.1000
0.1000
0.1000
0.1000
0.1000
0.1000
0.1000
0.1000
0.1000
0.1000
0.1000
0.1000
0.1000
0.1000
0.1000
0.1000
0.1000
0.1000
0.1000
0.1000
0.1000
0.1000
0.1000
0.1000
0.1000
0.1000
0.1000
0.1000
0.1000
0.1000
0.1000
0.1000
0.1000
0.1000
0.1000
0.1000
0.1000
0.1000
0.1000
0.1000
0.1000
0.1000
0.1000
0.1000
0.1000
0.1000
0.1000
0.1000
0.1000
0.1000
0.1000
0.1000
0.1000
0.1000
0.1000
0.1000
0.1000
0.1000
0.1000
0.1000
0.1000
0.1000
0.1000
0.1000
0.1000
0.1000
0.1000
0.1000
0.1000
0.1000
0.1000
0.1000
0.1000
0.1000
0.1000
0.1000
0.1000
0.1000
0.1000
0.1000
0.1000
0.1000
0.1000
0.1000
0.1000
0.1000
0.1000
0.1000
0.1000
0.1000
0.1000
0.1000
0.1000
0.1000
0.1000
0.1000
0.1000
0.1000
0.1000
0.1000
0.1000
0.1000
0.1000
0.1000
0.1000
0.1000
0.1000
0.1000
0.1000
0.1000
0.1000
0.1000
0.1000
0.1000
0.1000
0.1000
0.1000
0.1000
0.1000
0.1000
0.1000
0.1000
0.1000
0.1000
0.1000
0.1000
0.1000
0.1000
0.1000
0.1000
0.1000
0.1000
0.1000
0.1000
0.1000
0.1000
0.1000
0.1000
0.1000
0.1000
0.1000
0.1000
0.1000
0.1000
0.1000
0.1000
0.1000
0.1000
0.1000
0.1000
0.1000
0.1000
0.1000
0.1000
0.1000
0.1000
0.1000
0.1000
0.1000
0.1000
0.1000
0.1000
0.1000
0.1000
0.1000
0.1000
0.1000
0.1000
0.1000
0.1000
0.1000
0.1000
0.1000
0.1000
0.1000
0.1000
0.1000
0.1000
0.1000
0.1000
0.1000
0.1000
0.1000
0.1000
0.1000
0.1000
0.1000
0.1000
0.1000
0.1000
0.1000
0.1000
0.1000
0.1000
0.1000
0.1000
0.1000
0.1000
0.1000
0.1000
0.1000
0.1000
0.1000
0.1000
0.1000
0.1000
0.1000
0.1000
0.1000
0.1000
0.1000
0.1000
0.1000
0.1000
0.1000
0.1000
0.1000
0.1000
0.1000
0.1000
0.1000
0.1000
0.1000
0.1000
0.1000
0.1000
0.1000
0.1000
0.1000
0.1000
0.1000
0.1000
0.1000
0.1000
0.1000
0.1000
0.1000
0.1000
0.1000
0.1000
0.1000
0.1000
0.1000
0.1000
0.1000
0.1000
0.1000
0.1000
0.1000
0.1000
0.1000
0.1000
0.1000
0.1000
0.1000
0.1000
0.1000
0.1000
0.1000
0.1000
0.1000
0.1000
0.1000
0.1000
0.1000
0.1000
0.1000
0.1000
0.1000
0.1000
0.1000
0.1000
0.1000
0.1000
0.1000
0.1000
0.1000
0.1000
0.1000
0.1000
0.1000
0.1000
0.1000
0.1000
0.1000
0.1000
0.1000
0.1000
0.1000
0.1000
0.1000
0.1000
0.1000
0.1000
0.1000
0.1000
0.1000
0.1000
0.1000
0.1000
0.1000
0.1000
0.1000
0.1000
0.1000
0.1000
0.1000
0.1000
0.1000
0.1000
0.1000
0.1000
0.1000
0.1000
0.1000
0.1000
0.1000
0.1000
0.1000
0.1000
0.1000
0.1000
0.1000
0.1000
0.1000
0.1000
0.1000
0.1000
0.1000
0.1000
0.1000
0.1000
0.1000
0.1000
0.1000
0.1000
0.1000
0.1000
0.1000
0.1000
0.1000
0.1000
0.1000
0.1000
0.1000
0.1000
0.1000
0.1000
0.1000
0.1000
0.1000
0.1000
0.1000
0.1000
0.1000
0.1000
0.1000
0.1000
0.1000
0.1000
0.1000
0.1000
0.1000
0.1000
0.1000
0.1000
0.1000
0.1000
0.1000
0.1000
0.1000
0.1000
0.1000
0.1000
0.1000
0.1000
0.1000
0.1000
0.1000
0.1000
0.1000
0.1000
0.1000
0.1000
0.1000
0.1000
0.1000
0.1000
0.1000
0.1000
0.1000
0.1000
0.1000
0.1000
0.1000
0.1000
0.1000
0.1000
0.1000
0.1000
0.1000
0.1000
0.1000
0.1000
0.1000
0.1000
0.1000
0.1000
0.1000
0.1000
0.1000
0.1000
0.1000
0.1000
0.1000
0.1000
0.1000
0.1000
0.1000
0.1000
0.1000
0.1000
0.1000
0.1000
0.1000
0.1000
0.1000
0.1000
0.1000
0.1000
0.1000
0.1000
0.1000
0.1000
0.1000
0.1000
0.1000
0.1000
0.1000
0.1000
0.1000
0.1000
0.1000
0.1000
0.1000
0.1000
0.1000
0.1000
0.1000
0.1000
0.1000
0.1000
0.2853
0.5390
0.6223
0.5301
0.2681
0.1000
0.1000
0.1000
0.1000
0.1000
0.1000
0.1000
0.1000
0.1000
0.1000
0.1000
0.1000
0.1000
0.1000
0.1000
0.1000
0.1000
0.1000
0.1000
0.1000
0.1000
0.1000
0.1000
0.1000
0.1000
0.1000
0.1000
0.1000
0.1000
0.1000
0.1000
0.1000
0.1000
0.1000
0.1000
0.1000
0.1000
0.1000
0.1000
0.1000
0.1000
0.1000
0.1000
0.1772
0.7799
1.2388
1.5263
1.6214
1.5162
1.2194
0.7524
0.1433
0.1000
0.1000
0.1000
0.1000
0.1000
0.1000
0.1000
0.1000
0.1000
0.1000
0.1000
0.1000
0.1000
0.1000
0.1000
0.1000
0.1000
0.1000
0.1000
0.1000
0.1000
0.1000
0.1000
0.1000
0.1000
0.1000
0.1000
0.1000
0.1000
0.1000
0.1000
0.1000
0.1000
0.1000
0.1000
0.1000
0.1000
0.1000
0.1000
0.1000
0.1493
0.9313
1.5980
2.1141
2.4420
2.5512
2.4304
2.0921
1.5674
0.8940
0.1071
0.1000
0.1000
0.1000
0.1000
0.1000
0.1000
0.1000
0.1000
0.1000
0.1000
0.1000
0.1000
0.1000
0.1000
0.1000
0.1000
0.1000
0.1000
0.1000
0.1000
0.1000
0.1000
0.1000
0.1000
0.1000
0.1000
0.1000
0.1000
0.1000
0.1000
0.1000
0.1000
0.1000
0.1000
0.1000
0.1000
0.1000
0.1000
0.1000
0.7199
1.5645
2.2972
2.8754
3.2492
3.3752
3.2359
2.8505
2.2633
1.5239
0.8823
0.5571
0.1000
0.1000
0.1000
0.1000
0.1000
0.1000
0.1000
0.1000
0.1000
0.1000
0.1000
0.1000
0.1000
0.1000
0.1000
0.1000
0.1000
0.1000
0.1000
0.1000
0.1000
0.1000
0.1000
0.1000
0.1000
0.1000
0.1000
0.1000
0.1000
0.1000
0.1000
0.1000
0.1000
0.1000
0.1000
0.1000
0.1000
0.1728
1.1435
2.0420
2.8345
3.4723
3.8928
4.0362
3.8777
3.4446
2.7975
2.6305
2.4782
2.1103
1.5456
0.8087
0.1000
0.1000
0.1000
0.1000
0.1000
0.1000
0.1000
0.1000
0.1000
0.1000
0.1000
0.1000
0.1000
0.1000
0.1000
0.1000
0.1000
0.1000
0.1000
0.1000
0.1000
0.1000
0.1000
0.1000
0.1000
0.1000
0.1000
0.1000
0.1000
0.1000
0.1000
0.1000
0.1000
0.1000
0.1000
0.3942
1.3946
2.3286
3.1623
3.8433
4.2994
4.4567
4.2829
3.8236
4.1596
4.2425
4.0661
3.6434
3.0018
2.1761
1.2011
0.1074
0.1000
0.1000
0.1000
0.1000
0.1000
0.1000
0.1000
0.1000
0.1000
0.1000
0.1000
0.1000
0.1000
0.1000
0.1000
0.1000
0.1000
0.1000
0.1000
0.1000
0.1000
0.1000
0.1000
0.1000
0.1000
0.1000
0.1000
0.1000
0.1000
0.1000
0.1000
0.1000
0.1000
0.4472
1.4549
2.3978
3.2422
3.9347
4.4006
4.5619
4.6997
5.3565
5.7526
5.8511
5.6419
5.1461
4.4066
3.4733
2.3916
1.1982
0.1000
0.1000
0.1000
0.1000
0.1000
0.1000
0.1000
0.1000
0.1000
0.1000
0.1000
0.1000
0.1000
0.1000
0.1000
0.1000
0.1000
0.1000
0.1000
0.1000
0.1000
0.1000
0.1000
0.1000
0.1000
0.1000
0.1000
0.1000
0.1000
0.1000
0.1000
0.1000
0.1000
0.3284
1.3197
2.2428
3.0637
3.7311
4.1758
5.0759
6.0750
6.8521
7.3327
7.4539
7.1973
6.6007
5.7348
4.6719
3.4698
2.1699
0.1000
0.1000
0.1000
0.1000
0.1000
0.1000
0.1000
0.1000
0.1000
0.1000
0.1000
0.1000
0.1000
0.1000
0.1000
0.1000
0.1000
0.1000
0.1000
0.1000
0.1000
0.1000
0.1000
0.1000
0.1000
0.1000
0.1000
0.1000
0.1000
0.1000
0.1000
0.1000
0.1000
0.1000
0.9995
1.8788
2.6498
3.5089
4.8922
6.1870
7.3438
8.2825
8.8885
9.0454
8.7154
7.9740
6.9446
5.7304
4.3990
2.9918
0.1000
0.1000
0.1000
0.1000
0.1000
0.1000
0.1000
0.1000
0.1000
0.1000
0.1000
0.1000
0.1000
0.1000
0.1000
0.1000
0.1000
0.1000
0.1000
0.1000
0.1000
0.1000
0.1000
0.1000
0.1000
0.1000
0.1000
0.1000
0.1000
0.1000
0.1000
0.1000
0.1000
0.1000
0.5160
1.3370
2.6539
4.1788
5.6688
7.1019
8.4364
9.5879
10.3911
10.6113
10.1548
9.1998
7.9681
6.5910
5.1338
3.6293
0.1000
0.1000
0.1000
0.1000
0.1000
0.1000
0.1000
0.1000
0.1000
0.1000
0.1000
0.1000
0.1000
0.1000
0.1000
0.1000
0.1000
0.1000
0.1000
0.1000
0.1000
0.1000
0.1000
0.1000
0.1000
0.1000
0.1000
0.1000
0.1000
0.1000
0.1000
0.1000
0.1000
0.1000
0.1000
1.4421
3.0361
4.6211
6.1919
7.7382
9.2377
10.6324
11.7448
12.0963
11.3963
10.1457
8.7019
7.1815
5.6246
4.0478
0.1000
0.1000
0.1000
0.1000
0.1000
0.1214
0.1826
0.1835
0.1240
0.1000
0.1000
0.1000
0.1000
0.1000
0.1000
0.1000
0.1000
0.1000
0.1000
0.1000
0.1000
0.1000
0.1000
0.1000
0.1000
0.1000
0.1000
0.1000
0.1000
0.1000
0.1000
0.1000
0.1000
0.1000
0.1000
1.5791
3.1927
4.8038
6.4109
8.0108
9.5963
11.1457
12.5595
13.1345
12.0794
10.5911
9.0241
7.4320
5.8289
4.2202
0.1000
0.1516
0.4576
0.7076
0.8983
1.0273
1.0928
1.0937
1.0301
0.9029
0.7139
0.4656
0.1611
0.1000
0.1000
0.1000
0.1000
0.1000
0.1000
0.1000
0.1000
0.1000
0.1000
0.1000
0.1000
0.1000
0.1000
0.1000
0.1000
0.1000
0.1000
0.1000
0.1000
0.1000
0.1000
1.5106
3.1143
4.7122
6.3008
7.8733
9.4140
10.8797
12.1145
12.5381
11.7157
10.3624
8.8609
7.3058
5.7263
4.1338
0.6146
0.9952
1.3211
1.5879
1.7920
1.9302
2.0004
2.0014
1.9332
1.7968
1.5946
1.3295
1.0054
0.6262
0.1966
0.1000
0.1000
0.1000
0.1000
0.1000
0.1000
0.1000
0.1000
0.1000
0.1000
0.1000
0.1000
0.1000
0.1000
0.1000
0.1000
0.1000
0.1000
0.1000
0.1000
1.2396
2.8055
4.3537
5.8745
7.3499
8.7436
9.9760
10.8688
11.1220
10.6019
9.5562
8.2514
6.8220
5.3272
3.7950
1.4220
1.8271
2.1751
2.4611
2.6803
2.8292
2.9049
2.9060
2.8324
2.6856
2.4683
2.1842
1.8379
1.4344
0.9788
0.4763
0.1000
0.1000
0.1000
0.1000
0.1000
0.1000
0.1000
0.1000
0.1000
0.1000
0.1000
0.1000
0.1000
0.1000
0.1000
0.1000
0.1000
0.1000
0.1000
0.7785
2.2842
3.7556
5.1762
6.5181
7.7329
8.7369
9.3987
9.5725
9.2082
8.4046
7.3115
6.0432
4.6685
3.2270
2.2124
2.6448
3.0178
3.3255
3.5622
3.7234
3.8055
3.8066
3.7269
3.5679
3.3333
3.0275
2.6563
2.2256
1.7415
1.2098
0.6361
0.1000
0.1000
0.1000
0.1000
0.1000
0.1000
0.1000
0.1000
0.1000
0.1000
0.1000
0.1000
0.1000
0.1000
0.1000
0.1000
0.1000
0.1000
0.1458
1.5764
2.9556
4.2624
5.4645
6.5132
7.3391
7.8558
7.9870
7.7097
7.0707
6.1547
5.0435
3.7988
2.4627
2.9822
3.4449
3.8462
4.1788
4.4359
4.6115
4.7011
4.7023
4.6152
4.4421
4.1873
3.8567
3.4573
2.9963
2.4808
1.9175
1.3128
0.6719
0.1000
0.1000
0.1000
0.1000
0.1000
0.1000
0.1000
0.1000
0.1000
0.1000
0.1000
0.1000
0.1000
0.1000
0.1000
0.1000
0.1000
0.1000
0.7112
1.9932
3.1862
4.2587
5.1679
5.8611
6.2821
6.3872
6.1642
5.6384
4.8603
3.8863
2.7658
1.5374
3.7269
4.2235
4.6568
5.0182
5.2990
5.4916
5.5901
5.5915
5.4957
5.3058
5.0274
4.6682
4.2368
3.7420
3.1921
2.5948
1.9570
1.2847
0.6911
0.2700
0.1000
0.1000
0.1000
0.1000
0.1000
0.1000
0.1000
0.1000
0.1000
0.1000
0.1000
0.1000
0.1000
0.1000
0.1000
0.1000
0.1000
0.9031
1.9901
2.9490
3.7449
4.3386
4.6926
4.7802
4.5940
4.1493
3.4777
2.6183
1.6092
0.4832
4.4409
4.9751
5.4448
5.8394
6.1481
6.3610
6.4704
6.4720
6.3657
6.1556
5.8495
5.4572
4.9895
4.4571
3.8697
3.2361
2.5637
1.8587
1.3118
0.8684
0.3844
0.1000
0.1000
0.1000
0.1000
0.1000
0.1000
0.1000
0.1000
0.1000
0.1000
0.1000
0.1000
0.1000
0.1000
0.1751
0.7506
1.1890
1.4703
1.5796
2.2717
2.7892
3.0942
3.1691
3.0095
2.6249
2.0365
1.2718
0.3599
0.1000
5.1171
5.6927
6.2035
6.6367
6.9785
7.2161
7.3387
7.3405
7.2212
6.9869
6.6478
6.2171
5.7083
5.1344
4.5067
3.8348
3.1266
2.3885
1.9038
1.4368
0.9291
0.3859
0.1000
0.1000
0.1000
0.1000
0.1000
0.1000
0.1000
0.1000
0.1000
0.1000
0.1000
0.1000
0.4814
1.2467
1.8933
2.3929
2.7174
2.8444
2.7644
2.4835
2.0216
1.5556
1.4159
1.0776
0.5552
0.1000
0.1000
0.1000
5.7466
6.3673
6.9241
7.4018
7.7832
8.0508
8.1900
8.1920
8.0567
7.7925
7.4142
6.9390
6.3842
5.7652
5.0948
4.3832
3.6388
2.9071
2.4621
1.9705
1.4385
0.8715
0.2745
0.1000
0.1000
0.1000
0.1000
0.1000
0.1000
0.1000
0.1000
0.1000
0.1000
0.4734
1.4121
2.2630
2.9963
3.5746
3.9571
4.1086
4.0131
3.6808
3.1437
2.4423
1.6154
0.6946
0.1000
0.1000
0.1000
0.1000
6.3185
6.9870
7.5944
8.1230
8.5513
8.8560
9.0160
9.0183
8.8627
8.5619
8.1368
7.6108
7.0053
6.3384
5.6240
4.8728
4.0929
3.4511
2.9808
2.4639
1.9072
1.3167
0.6972
0.1000
0.1000
0.1000
0.1000
0.1000
0.1000
0.1000
0.1000
0.1000
0.1517
1.2293
2.2532
3.2010
4.0393
4.7204
5.1842
5.3716
5.2532
4.8480
4.2110
3.4039
2.4777
1.4689
0.4020
0.1000
0.1000
0.1000
6.8196
7.5369
8.1980
8.7833
9.2666
9.6168
9.8032
9.8059
9.6245
9.2787
8.7987
8.2160
7.5567
6.8409
6.0831
5.2939
4.4808
3.9491
3.4531
2.9109
2.3299
1.7163
1.0753
0.4113
0.1000
0.1000
0.1000
0.1000
0.1000
0.1000
0.1000
0.1000
0.7176
1.8652
2.9748
4.0268
4.9885
5.8044
6.3875
6.6322
6.4769
5.9620
5.1905
4.2563
3.2214
2.1229
0.9827
0.1000
0.1000
0.1000
7.2352
7.9989
8.7137
9.3587
9.9036
10.3081
10.5278
10.5310
10.3172
9.9173
9.3759
8.7333
8.0202
7.2577
6.4600
5.6367
4.8596
4.3928
3.8714
3.3048
2.7006
2.0653
1.4043
0.7218
0.1000
0.1000
0.1000
0.1000
0.1000
0.1000
0.1000
0.1000
1.1458
2.3532
3.5398
4.6927
5.7873
6.7724
7.5383
7.8873
7.6633
6.9727
6.0250
4.9494
3.8071
2.6268
1.4233
0.2048
0.1000
0.1000
7.5496
8.3529
9.1155
9.8169
10.4243
10.8885
11.1474
11.1512
10.8991
10.4399
9.8358
9.1366
8.3755
7.5730
6.7424
5.8917
5.2639
4.7729
4.2278
3.6384
3.0131
2.3584
1.6796
0.9809
0.2657
0.1000
0.1000
0.1000
0.1000
0.1000
0.1000
0.1636
1.4168
2.6657
3.9080
5.1390
6.3486
7.5114
8.5434
9.1217
8.7368
7.7645
6.6202
5.4180
4.1908
2.9506
1.7029
0.4505
0.1000
0.1000
7.7483
8.5791
9.3760
10.1200
10.7780
11.2949
11.5912
11.5956
11.3069
10.7952
10.1402
9.3982
8.6025
7.7725
6.9196
6.0508
5.5923
5.0797
4.5138
3.9050
3.2618
2.5907
1.8971
1.1851
0.4579
0.1000
0.1000
0.1000
0.1000
0.1000
0.1000
0.2512
1.5165
2.7815
4.0459
5.3092
6.5705
7.8268
9.0655
10.0969
9.3406
8.1127
6.8584
5.5979
4.3349
3.0708
1.8059
0.5406
0.1000
0.1000
7.8209
8.6623
9.4726
10.2339
10.9135
11.4541
11.7683
11.7730
11.4668
10.9312
10.2547
9.4953
8.6860
7.8454
6.9841
6.2975
5.8336
5.3039
4.7218
4.0981
3.4412
2.7579
2.0533
1.3314
0.5953
0.1000
0.1000
0.1000
0.1000
0.1000
0.1000
0.1834
1.4393
2.6918
3.9390
5.1770
6.3978
7.5799
8.6490
9.2747
8.8545
7.8394
6.6729
5.4582
4.2231
2.9776
1.7261
0.4708
0.1000
0.1000
7.7633
8.5962
9.3959
10.1433
10.8057
11.3272
11.6269
11.6314
11.3393
10.8229
10.1637
9.4182
8.6197
7.7875
6.9329
6.4531
5.9782
5.4378
4.8456
4.2126
3.5474
2.8567
2.1453
1.4175
0.6760
0.1000
0.1000
0.1000
0.1000
0.1000
0.1000
0.1000
1.1895
2.4035
3.5986
4.7632
5.8743
6.8829
7.6782
8.0467
7.8096
7.0896
6.1167
5.0232
3.8682
2.6788
1.4684
0.2445
0.1000
0.1000
7.5787
8.3860
9.1533
9.8605
10.4747
10.9458
11.2093
11.2132
10.9565
10.4905
9.8796
9.1746
8.4086
7.6023
6.8940
6.4979
6.0198
5.4762
4.8811
4.2454
3.5778
2.8848
2.1716
1.4420
0.6990
0.1000
0.1000
0.1000
0.1000
0.1000
0.1000
0.1000
0.7804
1.9364
3.0565
4.1219
5.1004
5.9361
6.5384
6.7929
6.6312
6.0984
5.3068
4.3549
3.3059
2.1963
1.0472
0.1000
0.1000
0.1000
7.2770
8.0457
8.7665
9.4183
9.9705
10.3818
10.6058
10.6091
10.3910
9.9845
9.4357
8.7863
8.0672
7.2996
6.8209
6.4295
5.9564
5.4176
4.8270
4.1954
3.5315
2.8418
2.1315
1.4045
0.6639
0.1000
0.1000
0.1000
0.1000
0.1000
0.1000
0.1000
0.2309
1.3177
2.3527
3.3136
4.1667
4.8631
5.3395
5.5327
5.4106
4.9939
4.3418
3.5197
2.5800
1.5597
0.4832
0.1000
0.1000
0.1000
6.8723
7.5951
8.2626
8.8547
9.3448
9.7008
9.8908
9.8935
9.7087
9.3570
8.8703
8.2807
7.6151
6.9135
6.6313
6.2516
5.7909
5.2643
4.6851
4.0641
3.4097
2.7285
2.0259
1.3057
0.5711
0.1000
0.1000
0.1000
0.1000
0.1000
0.1000
0.1000
0.1000
0.5757
1.5251
2.3877
3.1333
3.7233
4.1146
4.2700
4.1720
3.8319
3.2835
2.5699
1.7310
0.7992
0.1000
0.1000
0.1000
0.1000
6.3803
7.0544
7.6679
8.2028
8.6371
8.9466
9.1093
9.1116
8.9534
8.6478
8.2168
7.6844
7.0729
6.6040
6.3357
5.9731
5.5305
5.0221
4.4602
3.8551
3.2153
2.5474
1.8566
1.1471
0.4221
0.1000
0.1000
0.1000
0.1000
0.1000
0.1000
0.1000
0.1000
0.1000
0.6044
1.3800
2.0367
2.5453
2.8762
3.0059
2.9242
2.6376
2.1672
1.5416
0.7909
0.1000
0.1000
0.1000
0.1000
0.1000
5.8159
6.4419
7.0044
7.4876
7.8740
8.1456
8.2869
8.2889
8.1515
7.8835
7.5002
7.0194
6.4590
6.2003
5.9484
5.6059
5.1853
4.6991
4.1588
3.5740
2.9528
2.3020
1.6267
0.9312
0.2189
0.1000
0.1000
0.1000
0.1000
0.1000
0.1000
0.1000
0.1000
0.1000
0.1000
0.3144
0.8983
1.3437
1.6298
1.7412
1.6711
1.4238
1.0132
0.4590
0.1000
0.1000
0.1000
0.1000
0.1000
0.1000
5.1924
5.7731
6.2889
6.7269
7.0730
7.3137
7.4381
7.4398
7.3189
7.0814
6.7382
6.3026
5.8586
5.7192
5.4844
5.1633
4.7665
4.3049
3.7888
3.2271
2.6276
1.9968
1.3398
0.6610
0.1000
0.1000
0.1000
0.1000
0.1000
0.1000
0.1000
0.1000
0.1000
0.1000
0.1000
0.1000
0.1000
0.1267
0.3785
0.4760
0.4147
0.1974
0.1000
0.1000
0.1000
0.1000
0.1000
0.1000
0.1000
0.1000
4.5211
5.0599
5.5341
5.9329
6.2451
6.4607
6.5714
6.5730
6.4653
6.2527
5.9431
5.5466
5.3047
5.1757
4.9577
4.6579
4.2853
3.8491
3.3585
2.8216
2.2456
1.6367
1.0002
0.3403
0.1000
0.1000
0.1000
0.1000
0.1000
0.1000
0.1000
0.1000
0.1000
0.1000
0.1000
0.1000
0.1000
0.1000
0.1000
0.1000
0.1000
0.1000
0.1000
0.1000
0.1000
0.1000
0.1000
0.1000
0.1000
0.1000
3.8111
4.3118
4.7491
5.1141
5.3979
5.5926
5.6923
5.6937
5.5968
5.4047
5.1234
4.7607
4.7018
4.5826
4.3803
4.1009
3.7518
3.3408
2.8759
2.3643
1.8128
1.2272
0.6124
0.1000
0.1000
0.1000
0.1000
0.1000
0.1000
0.1000
0.1000
0.1000
0.1000
0.1000
0.1000
0.1000
0.1000
0.1000
0.1000
0.1000
0.1000
0.1000
0.1000
0.1000
0.1000
0.1000
0.1000
0.1000
0.1000
0.1000
3.0696
3.5361
3.9409
4.2766
4.5362
4.7136
4.8042
4.8054
4.7174
4.5425
4.2851
4.0904
4.0604
3.9500
3.7622
3.5019
3.1750
2.7882
2.3484
1.8620
1.3351
0.7731
0.1809
0.1000
0.1000
0.1000
0.1000
0.1000
0.1000
0.1000
0.1000
0.1000
0.1000
0.1000
0.1000
0.1000
0.1000
0.1000
0.1000
0.1000
0.1000
0.1000
0.1000
0.1000
0.1000
0.1000
0.1000
0.1000
0.1000
0.1000
2.3025
2.7382
3.1143
3.4247
3.6636
3.8263
3.9092
3.9104
3.8298
3.6694
3.4325
3.4163
3.3885
3.2861
3.1115
2.8686
2.5624
2.1984
1.7826
1.3206
0.8180
0.2796
0.1000
0.1000
0.1000
0.1000
0.1000
0.1000
0.1000
0.1000
0.1000
0.1000
0.1000
0.1000
0.1000
0.1000
0.1000
0.1000
0.1000
0.1000
0.1000
0.1000
0.1000
0.1000
0.1000
0.1000
0.1000
0.1000
0.1000
0.1000
1.5143
1.9224
2.2731
2.5614
2.7826
2.9328
3.0092
3.0102
2.9360
2.7879
2.6740
2.7182
2.6924
2.5971
2.4343
2.2073
1.9201
1.5774
1.1842
0.7456
0.2664
0.1000
0.1000
0.1000
0.1000
0.1000
0.1000
0.1000
0.1000
0.1000
0.1000
0.1000
0.1000
0.1000
0.1000
0.1000
0.1000
0.1000
0.1000
0.1000
0.1000
0.1000
0.1000
0.1000
0.1000
0.1000
0.1000
0.1000
0.1000
0.1000
0.1000
0.1000
0.1000
0.1000
0.1000
0.1000
0.1000
0.1000
0.1000
0.1000
0.1000
0.1000
0.1000
0.1000
0.1000
0.1000
0.1000
0.1000
0.1000
0.1000
0.1000
0.1000
0.1000
0.1000
0.1000
0.1000
0.1000
0.1000
0.1000
0.1000
0.1000
0.1000
0.1000
0.1000
0.1000
0.1000
0.1000
0.1000
0.1000
0.1000
0.1000
0.1000
0.1000
0.1000
0.1000
0.1000
0.1000
0.1000
0.1000
0.1000
0.1000
0.1000
0.1000
0.1000
0.1000
0.1000
0.1000
0.1000
0.1000
0.1000
0.1000
0.1000
0.1000
0.1000
0.1000
0.1000
0.1000
0.1000
0.1000
0.1000
0.1000
0.1000
0.1000
0.1000
0.1000
0.1000
0.1000
0.1000
0.1000
0.1000
0.1000
0.1000
0.1000
0.1000
0.1000
0.1000
0.1000
0.1000
0.1000
0.1000
0.1000
0.1000
0.1000
0.1000
0.1000
0.1000
0.1000
0.1000
0.1000
0.1000
0.1000
0.1000
0.1000
0.1000
0.1000
0.1000
0.1000
0.1000
0.1000
0.1000
0.1000
0.1000
0.1000
0.1000
0.1000
0.1000
0.1000
0.1000
0.1000
0.1000
0.1000
0.1000
0.1000
0.1000
0.1000
0.1000
0.1000
0.1000
0.1000
0.1000
0.1000
0.1000
0.1000
0.1000
0.1000
0.1000
0.1000
0.1000
0.1000
0.1000
0.1000
0.1000
0.1000
0.1000
0.1000
0.1000
0.1000
0.1000
0.1000
0.1000
0.1000
0.1000
0.1000
0.1000
0.1000
0.1000
0.1000
0.1000
0.1000
0.1000
0.1000
0.1000
0.1000
0.1000
0.1000
0.1000
0.1000
0.1000
0.1000
0.1000
0.1000
0.1000
0.1000
0.1000
0.1000
0.1000
0.1000
0.1000
0.1000
0.1000
0.1000
0.1000
0.1000
0.1000
0.1000
0.1000
0.1000
0.1000
0.1000
0.1000
0.1000
0.1000
0.1000
0.1000
0.1000
0.1000
0.1000
0.1000
0.1000
0.1000
0.1000
0.1000
0.1000
0.1000
0.1000
0.1000
0.1000
0.1000
0.1000
0.1000
0.1000
0.1000
0.1000
0.1000
0.1000
0.1000
0.1000
0.1000
0.1000
0.1000
0.1000
0.1000
0.1000
0.1000
0.1000
0.1000
0.1000
0.1000
0.1000
0.1000
0.1000
0.1000
0.1000
0.1000
0.1000
0.1000
0.1000
0.1000
0.1000
0.1000
0.1000
0.1000
0.1000
0.1000
0.1000
0.1000
0.1000
0.1000
0.1000
0.1000
0.1000
0.1000
0.1000
0.1000
0.1000
0.1000
0.1000
0.1000
0.1000
0.1000
0.1000
0.1000
0.1000
0.1000
0.1000
0.1000
0.1000
0.1000
0.1000
0.1000
0.1000
0.1000
0.1000
0.1000
0.1000
0.1000
0.1000
0.1000
0.1000
0.1000
0.1000
0.1000
0.1000
0.1000
0.1000
0.1000
0.1000
0.1000
0.1000
0.1000
0.1000
0.1000
0.1000
0.1000
0.1000
0.1000
0.1000
0.1000
0.1000
0.1000
0.1000
0.1000
0.1000
0.1000
0.1000
0.1000
0.1000
0.1000
0.1000
0.1000
0.1000
0.1000
0.1000
0.1000
0.1000
0.1000
0.1000
0.1000
0.1000
0.1000
0.1000
0.1000
0.1000
0.1000
0.1000
0.1000
0.1000
0.1000
0.1000
0.1000
0.1000
0.1000
0.1000
0.1000
0.1000
0.1000
0.1000
0.1000
0.1000
0.1000
0.1000
0.1000
0.1000
0.1000
0.1000
0.1000
0.1000
0.1000
0.1000
0.1000
0.1000
0.1000
0.1000
0.1000
0.1000
0.1000
0.1000
0.1000
0.1000
0.1000
0.1000
0.1000
0.1000
0.1000
0.1000
0.1000
0.1000
0.1000
0.1000
0.1000
0.1000
0.1000
0.1000
0.1000
0.1000
0.1000
0.1000
0.1000
0.1000
0.1000
0.1000
0.1000
0.1000
0.1000
0.1000
0.1000
0.1000
0.1000
0.1000
0.1000
0.1000
0.1000
0.1000
0.1000
0.1000
0.1000
0.1000
0.1000
0.1000
0.1000
0.1000
0.1000
0.1000
0.1000
0.1000
0.1000
0.1000
0.1000
0.1000
0.1000
0.1000
0.1000
0.1000
0.1000
0.1000
0.1000
0.1000
0.1000
0.1000
0.1000
0.1000
0.1000
0.1000
0.1000
0.1000
0.1000
0.1000
0.1000
0.1000
0.1000
0.1000
0.1000
0.1000
0.1000
0.1000
0.1000
0.1000
0.1000
0.1000
0.1000
0.1000
0.1000
0.1000
0.1000
0.1000
0.1000
0.1000
0.1000
0.1000
0.1000
0.1000
0.1000
0.1000
0.1000
0.1000
0.1000
0.1000
0.1000
0.1000
0.1000
0.1000
0.1000
0.1000
0.1000
0.1000
0.1000
0.1000
0.1000
0.1000
0.1000
0.1000
0.1000
0.1000
0.1000
0.1000
0.1000
0.1000
0.1000
0.1000
0.1000
0.1000
0.1000
0.1000
0.1000
0.1000
0.1000
0.1000
0.1000
0.1000
0.1000
0.1000
0.1000
0.1000
0.1000
0.1000
0.1000
0.1000
0.1000
0.1000
0.1000
0.1000
0.1000
0.1000
0.1000
0.1000
0.1000
0.1000
0.1000
0.1000
0.1000
0.1000
0.1000
0.1000
0.1000
0.1000
0.1000
0.1000
0.1000
0.1000
0.1000
0.1000
0.1000
0.1000
0.1000
0.1000
0.1000
0.1000
0.1000
0.1000
0.1000
0.1000
0.1000
0.1000
0.1000
0.1000
0.1000
0.1000
0.1000
0.1000
0.1000
0.1000
0.1000
0.1000
0.1000
0.1000
0.1000
0.1000
0.1000
0.1000
0.1000
0.1000
0.1000
0.1000
0.1000
0.1000
0.1000
0.1000
0.1000
0.1000
0.1000
0.1000
0.1000
0.1000
0.1000
0.1000
0.1000
0.1000
0.1000
0.1000
0.1000
0.1000
0.1000
0.1000
0.1000
0.1000
0.1000
0.1000
0.1000
0.1000
0.1000
0.1000
0.1000
0.1000
0.1000
0.1000
0.1000
0.1000
0.1000
0.2217
0.3019
0.2132
0.1000
0.1000
0.1000
0.1000
0.1000
0.1000
0.1000
0.1000
0.1000
0.1000
0.1000
0.1000
0.1000
0.1000
0.1000
0.1000
0.1000
0.1000
0.1000
0.1000
0.1000
0.1000
0.1000
0.1000
0.1000
0.1000
0.1000
0.1000
0.1000
0.1000
0.1000
0.1000
0.1000
0.1000
0.1000
0.1000
0.1000
0.1000
0.1000
0.1000
0.1000
0.1000
0.1000
0.1000
0.1000
0.4533
0.8929
1.1672
1.2576
1.1575
0.8744
0.4270
0.1000
0.1000
0.1000
0.1000
0.1000
0.1000
0.1000
0.1000
0.1000
0.1000
0.1000
0.1000
0.1000
0.1000
0.1000
0.1000
0.1000
0.1000
0.1000
0.1000
0.1000
0.1000
0.1000
0.1000
0.1000
0.1000
0.1000
0.1000
0.1000
0.1000
0.1000
0.1000
0.1000
0.1000
0.1000
0.1000
0.1000
0.1000
0.1000
0.1000
0.1000
0.1000
0.5986
1.2353
1.7244
2.0329
2.1353
2.0221
1.7036
1.2062
0.5629
0.1000
0.1000
0.1000
0.1000
0.1000
0.1000
0.1000
0.1000
0.1000
0.1000
0.1000
0.1000
0.1000
0.1000
0.1000
0.1000
0.1000
0.1000
0.1000
0.1000
0.1000
0.1000
0.1000
0.1000
0.1000
0.1000
0.1000
0.1000
0.1000
0.1000
0.1000
0.1000
0.1000
0.1000
0.1000
0.1000
0.1000
0.1000
0.1000
0.1000
0.3957
1.2034
1.8969
2.4378
2.7837
2.8995
2.7714
2.4146
1.8650
1.1648
0.9243
0.5981
0.1000
0.1000
0.1000
0.1000
0.1000
0.1000
0.1000
0.1000
0.1000
0.1000
0.1000
0.1000
0.1000
0.1000
0.1000
0.1000
0.1000
0.1000
0.1000
0.1000
0.1000
0.1000
0.1000
0.1000
0.1000
0.1000
0.1000
0.1000
0.1000
0.1000
0.1000
0.1000
0.1000
0.1000
0.1000
0.1000
0.1000
0.1000
0.8018
1.6563
2.3998
2.9884
3.3703
3.4992
3.3566
2.9630
2.6070
2.6788
2.5259
2.1566
1.5898
0.8505
0.1000
0.1000
0.1000
0.1000
0.1000
0.1000
0.1000
0.1000
0.1000
0.1000
0.1000
0.1000
0.1000
0.1000
0.1000
0.1000
0.1000
0.1000
0.1000
0.1000
0.1000
0.1000
0.1000
0.1000
0.1000
0.1000
0.1000
0.1000
0.1000
0.1000
0.1000
0.1000
0.1000
0.1000
0.1000
0.1000
1.0416
1.9264
2.7035
3.3256
3.7335
3.8722
3.7189
3.8775
4.2153
4.2986
4.1213
3.6963
3.0517
2.2226
1.2441
0.1471
0.1000
0.1000
0.1000
0.1000
0.1000
0.1000
0.1000
0.1000
0.1000
0.1000
0.1000
0.1000
0.1000
0.1000
0.1000
0.1000
0.1000
0.1000
0.1000
0.1000
0.1000
0.1000
0.1000
0.1000
0.1000
0.1000
0.1000
0.1000
0.1000
0.1000
0.1000
0.1000
0.1000
0.1333
1.0991
1.9915
2.7772
3.4080
3.8229
3.9642
4.7585
5.4197
5.8187
5.9180
5.7072
5.2078
4.4637
3.5254
2.4389
1.2412
0.1000
0.1000
0.1000
0.1000
0.1000
0.1000
0.1000
0.1000
0.1000
0.1000
0.1000
0.1000
0.1000
0.1000
0.1000
0.1000
0.1000
0.1000
0.1000
0.1000
0.1000
0.1000
0.1000
0.1000
0.1000
0.1000
0.1000
0.1000
0.1000
0.1000
0.1000
0.1000
0.1000
0.1000
0.9702
1.8457
2.6125
3.2241
3.9731
5.1371
6.1437
6.9281
7.4139
7.5366
7.2770
6.6742
5.8007
4.7305
3.5219
2.2164
0.1000
0.1000
0.1000
0.1000
0.1000
0.1000
0.1000
0.1000
0.1000
0.1000
0.1000
0.1000
0.1000
0.1000
0.1000
0.1000
0.1000
0.1000
0.1000
0.1000
0.1000
0.1000
0.1000
0.1000
0.1000
0.1000
0.1000
0.1000
0.1000
0.1000
0.1000
0.1000
0.1000
0.1000
0.6640
1.5019
2.2275
3.5612
4.9522
6.2566
7.4251
8.3767
8.9935
9.1536
8.8170
8.0636
7.0216
5.7963
4.4561
3.0417
0.1000
0.1000
0.1000
0.1000
0.1000
0.1000
0.1000
0.1000
0.1000
0.1000
0.1000
0.1000
0.1000
0.1000
0.1000
0.1000
0.1000
0.1000
0.1000
0.1000
0.1000
0.1000
0.1000
0.1000
0.1000
0.1000
0.1000
0.1000
0.1000
0.1000
0.1000
0.1000
0.1000
0.1000
0.1996
1.1487
2.7023
4.2346
5.7342
7.1805
8.5332
9.7088
10.5377
10.7671
10.2928
9.3114
8.0576
6.6643
5.1954
3.6822
0.1000
0.1000
0.1000
0.1000
0.1000
0.1000
0.1000
0.1000
0.1000
0.1000
0.1000
0.1000
0.1000
0.1000
0.1000
0.1000
0.1000
0.1000
0.1000
0.1000
0.1000
0.1000
0.1000
0.1000
0.1000
0.1000
0.1000
0.1000
0.1000
0.1000
0.1000
0.1000
0.1000
0.1000
0.1000
1.4860
3.0862
4.6794
6.2616
7.8246
9.3501
10.7891
11.9753
12.3681
11.5969
10.2834
8.8034
7.2610
5.6897
4.1029
0.1000
0.1000
0.1000
0.1000
0.1000
0.1980
0.2596
0.2605
0.2006
0.1000
0.1000
0.1000
0.1000
0.1000
0.1000
0.1000
0.1000
0.1000
0.1000
0.1000
0.1000
0.1000
0.1000
0.1000
0.1000
0.1000
0.1000
0.1000
0.1000
0.1000
0.1000
0.1000
0.1000
0.1000
0.1000
1.6235
3.2435
4.8633
6.4826
8.1009
9.7175
11.3293
12.9195
13.8133
12.3489
10.7460
9.1318
7.5144
5.8956
4.2762
0.1000
0.2284
0.5361
0.7875
0.9794
1.1092
1.1750
1.1760
1.1120
0.9840
0.7939
0.5441
0.2379
0.1000
0.1000
0.1000
0.1000
0.1000
0.1000
0.1000
0.1000
0.1000
0.1000
0.1000
0.1000
0.1000
0.1000
0.1000
0.1000
0.1000
0.1000
0.1000
0.1000
0.1000
0.1000
1.5546
3.1647
4.7711
6.3715
7.9614
9.5305
11.0484
12.3889
12.8926
11.9433
10.5080
8.9653
7.3867
5.7922
4.1893
0.6940
1.0769
1.4048
1.6734
1.8788
2.0180
2.0887
2.0897
2.0210
1.8838
1.6802
1.4133
1.0871
0.7057
0.2736
0.1000
0.1000
0.1000
0.1000
0.1000
0.1000
0.1000
0.1000
0.1000
0.1000
0.1000
0.1000
0.1000
0.1000
0.1000
0.1000
0.1000
0.1000
0.1000
0.1000
1.2828
2.8546
4.4104
5.9415
7.4313
8.8458
10.1081
11.0369
11.3042
10.7572
9.6763
8.3452
6.8976
5.3902
3.8487
1.5064
1.9143
2.2648
2.5528
2.7739
2.9239
3.0003
3.0013
2.9272
2.7792
2.5601
2.2739
1.9251
1.5189
1.0604
0.5549
0.1000
0.1000
0.1000
0.1000
0.1000
0.1000
0.1000
0.1000
0.1000
0.1000
0.1000
0.1000
0.1000
0.1000
0.1000
0.1000
0.1000
0.1000
0.1000
0.8202
2.3311
3.8091
5.2380
6.5907
7.8192
8.8389
9.5148
9.6930
9.3199
8.5008
7.3925
6.1116
4.7271
3.2780
2.3023
2.7380
3.1141
3.4245
3.6634
3.8262
3.9090
3.9102
3.8297
3.6692
3.4324
3.1239
2.7496
2.3156
1.8280
1.2928
0.7157
0.1016
0.1000
0.1000
0.1000
0.1000
0.1000
0.1000
0.1000
0.1000
0.1000
0.1000
0.1000
0.1000
0.1000
0.1000
0.1000
0.1000
0.1000
0.1856
1.6207
3.0054
4.3186
5.5284
6.5859
7.4204
7.9437
8.0768
7.7957
7.1490
6.2241
5.1045
3.8525
2.5104
3.0782
3.5450
3.9502
4.2862
4.5461
4.7237
4.8143
4.8156
4.7275
4.5524
4.2948
3.9608
3.5576
3.0924
2.5727
2.0053
1.3964
0.7517
0.1000
0.1000
0.1000
0.1000
0.1000
0.1000
0.1000
0.1000
0.1000
0.1000
0.1000
0.1000
0.1000
0.1000
0.1000
0.1000
0.1000
0.1000
0.7527
2.0390
3.2370
4.3149
5.2298
5.9281
6.3526
6.4586
6.2337
5.7037
4.9201
3.9405
2.8147
1.5815
3.8297
4.3313
4.7696
5.1353
5.4198
5.6150
5.7150
5.7164
5.6192
5.4266
5.1446
4.7811
4.3448
3.8449
3.2899
2.6877
2.0451
1.3682
0.6620
0.1000
0.1000
0.1000
0.1000
0.1000
0.1000
0.1000
0.1000
0.1000
0.1000
0.1000
0.1000
0.1000
0.1000
0.1000
0.1000
0.1000
0.1000
0.9452
2.0359
2.9987
3.7984
4.3953
4.7514
4.8395
4.6522
4.2049
3.5298
2.6666
1.6537
0.5240
4.5512
5.0917
5.5676
5.9679
6.2816
6.4981
6.6094
6.6110
6.5028
6.2892
5.9782
5.5802
5.1063
4.5675
3.9739
3.3343
2.6563
1.9460
1.2088
0.6786
0.2020
0.1000
0.1000
0.1000
0.1000
0.1000
0.1000
0.1000
0.1000
0.1000
0.1000
0.1000
0.1000
0.1000
0.1000
0.1306
0.7036
1.1397
1.4195
1.6118
2.3186
2.8382
3.1445
3.2198
3.0595
2.6732
2.0825
1.3151
0.4003
0.1000
5.2355
5.8191
6.3379
6.7787
7.1272
7.3698
7.4952
7.4970
7.3751
7.1357
6.7900
6.3517
5.8349
5.2530
4.6177
3.9386
3.2238
2.4797
1.7114
1.2375
0.7384
0.2035
0.1000
0.1000
0.1000
0.1000
0.1000
0.1000
0.1000
0.1000
0.1000
0.1000
0.1000
0.1000
0.4356
1.1971
1.8400
2.3364
2.6585
2.7846
2.7053
2.4264
1.9675
1.5998
1.4597
1.1202
0.5963
0.1000
0.1000
0.1000
5.8738
6.5044
7.0717
7.5597
7.9504
8.2253
8.3685
8.3706
8.2313
7.9600
7.5723
7.0869
6.5216
5.8926
5.2129
4.4929
3.7408
2.9629
2.2430
1.7613
1.2391
0.6817
0.1000
0.1000
0.1000
0.1000
0.1000
0.1000
0.1000
0.1000
0.1000
0.1000
0.1000
0.4276
1.3616
2.2074
2.9353
3.5086
3.8873
4.0372
3.9427
3.6138
3.0815
2.3855
1.5638
0.6477
0.1000
0.1000
0.1000
0.1000
6.4548
7.1358
7.7569
8.2996
8.7413
9.0569
9.2231
9.2254
9.0638
8.7522
8.3138
7.7736
7.1545
6.4750
5.7493
4.9881
4.1994
3.3890
2.7501
2.2448
1.6993
1.1195
0.5102
0.1000
0.1000
0.1000
0.1000
0.1000
0.1000
0.1000
0.1000
0.1000
0.1073
1.1798
2.1977
3.1383
3.9686
4.6416
5.0986
5.2829
5.1665
4.7674
4.1384
3.3394
2.4206
1.4181
0.3565
0.1000
0.1000
0.1000
6.9651
7.6979
8.3768
8.9814
9.4842
9.8512
10.0477
10.0505
9.8593
9.4968
8.9974
8.3953
7.7183
6.9868
6.2155
5.4146
4.5915
3.7512
3.2108
2.6819
2.1136
1.5120
0.8822
0.2286
0.1000
0.1000
0.1000
0.1000
0.1000
0.1000
0.1000
0.1000
0.6707
1.8121
2.9140
3.9563
4.9059
5.7078
6.2777
6.5157
6.3647
5.8622
5.1049
4.1832
3.1585
2.0682
0.9345
0.1000
0.1000
0.1000
7.3894
8.1720
8.9093
9.5805
10.1538
10.5848
10.8216
10.8250
10.5946
10.1684
9.5984
8.9296
8.1938
7.4123
6.5987
5.7622
4.9089
4.1235
3.6178
3.0662
2.4763
1.8543
1.2056
0.5344
0.1000
0.1000
0.1000
0.1000
0.1000
0.1000
0.1000
0.1000
1.0967
2.2970
3.4741
4.6142
5.6910
6.6517
7.3880
7.7184
7.5068
6.8454
5.9237
4.8674
3.7388
2.5686
1.3728
0.1602
0.1000
0.1000
7.7110
8.5365
9.3266
10.0621
10.7098
11.2155
11.5036
11.5079
11.2272
10.7266
10.0821
9.3486
8.5597
7.7350
6.8864
6.0211
5.1438
4.4909
3.9636
3.3912
2.7817
2.1415
1.4759
0.7893
0.1000
0.1000
0.1000
0.1000
0.1000
0.1000
0.1000
0.1192
1.3663
2.6073
3.8387
5.0541
6.2398
7.3624
8.3238
8.8262
8.4963
7.6027
6.5041
5.3286
4.1184
2.8899
1.6508
0.4048
0.1000
0.1000
7.9147
8.7700
9.5986
10.3837
11.0941
11.6705
12.0132
12.0184
11.6841
11.1129
10.4053
9.6218
8.7942
7.9395
7.0671
6.1827
5.2898
4.7866
4.2406
3.6504
3.0243
2.3689
1.6894
0.9901
0.2744
0.1000
0.1000
0.1000
0.1000
0.1000
0.1000
0.2064
1.4655
2.7222
3.9751
5.2216
6.4557
7.6614
8.7795
9.4798
9.0024
7.9291
6.7350
5.5053
4.2609
3.0092
1.7532
0.4945
0.1000
0.1000
7.9892
8.8560
9.6998
10.5053
11.2431
11.8532
12.2246
12.2303
11.8678
11.2628
10.5276
9.7235
8.8806
8.0143
7.1329
6.2413
5.5091
5.0021
4.4416
3.8379
3.1992
2.5324
1.8425
1.1339
0.4097
0.1000
0.1000
0.1000
0.1000
0.1000
0.1000
0.1389
1.3887
2.6332
3.8694
5.0916
6.2877
7.4276
8.4184
8.9505
8.5993
7.6733
6.5552
5.3681
4.1504
2.9168
1.6739
0.4251
0.1000
0.1000
7.9300
8.7877
9.6194
10.4086
11.1244
11.7073
12.0554
12.0607
11.7211
11.1433
10.4303
9.6427
8.8120
7.9549
7.0807
6.1948
5.6470
5.1306
4.5611
3.9490
3.3027
2.6289
1.9328
1.2185
0.4893
0.1000
0.1000
0.1000
0.1000
0.1000
0.1000
0.1000
1.1402
2.3469
3.5323
4.6838
5.7763
6.7586
7.5210
7.8677
7.6452
6.9581
6.0134
4.9401
3.7993
2.6202
1.4176
0.1997
0.1000
0.1000
7.7408
8.5705
9.3660
10.1083
10.7642
11.2788
11.5734
11.5777
11.2907
10.7813
10.1285
9.3882
8.5939
7.7649
6.9129
6.1398
5.6865
5.1674
4.5953
3.9807
3.3322
2.6564
1.9585
1.2426
0.5119
0.1000
0.1000
0.1000
0.1000
0.1000
0.1000
0.1000
0.7331
1.8829
2.9950
4.0503
5.0161
5.8367
6.4245
6.6716
6.5147
5.9955
5.2192
4.2807
3.2423
2.1411
0.9987
0.1000
0.1000
0.1000
7.4321
8.2201
8.9640
9.6429
10.2248
10.6640
10.9062
10.9097
10.6740
10.2396
9.6611
8.9845
8.2421
7.4551
6.6371
6.0752
5.6261
5.1112
4.5431
3.9322
3.2871
2.6143
1.9192
1.2058
0.4773
0.1000
0.1000
0.1000
0.1000
0.1000
0.1000
0.1000
0.1862
1.2678
2.2965
3.2499
4.0946
4.7823
5.2514
5.4413
5.3213
4.9112
4.2677
3.4542
2.5222
1.5084
0.4373
0.1000
0.1000
0.1000
7.0189
7.7576
8.4433
9.0554
9.5659
9.9396
10.1402
10.1431
9.9479
9.5787
9.0717
8.4620
7.7781
7.0407
6.2656
5.9068
5.4683
4.9641
4.4062
3.8048
3.1685
2.5036
1.8156
1.1087
0.3860
0.1000
0.1000
0.1000
0.1000
0.1000
0.1000
0.1000
0.1000
0.5294
1.4740
2.3313
3.0712
3.6559
4.0431
4.1967
4.0999
3.7633
3.2201
2.5121
1.6787
0.7519
0.1000
0.1000
0.1000
0.1000
6.5176
7.2046
7.8322
8.3817
8.8300
9.1509
9.3201
9.3226
9.1579
8.8411
8.3961
7.8492
7.2235
6.5380
5.9865
5.6421
5.2194
4.7311
4.1887
3.6020
2.9790
2.3265
1.6496
0.9528
0.2392
0.1000
0.1000
0.1000
0.1000
0.1000
0.1000
0.1000
0.1000
0.1000
0.5580
1.3297
1.9825
2.4877
2.8161
2.9449
2.8638
2.5794
2.1122
1.4905
0.7436
0.1000
0.1000
0.1000
0.1000
0.1000
5.9440
6.5804
7.1536
7.6475
8.0437
8.3228
8.4684
8.4704
8.3289
8.0534
7.6604
7.1690
6.5978
5.9631
5.6186
5.2916
4.8881
4.4197
3.8967
3.3285
2.7228
2.0862
1.4240
0.7404
0.1000
0.1000
0.1000
0.1000
0.1000
0.1000
0.1000
0.1000
0.1000
0.1000
0.1000
0.2694
0.8505
1.2936
1.5781
1.6888
1.6192
1.3733
0.9648
0.4133
0.1000
0.1000
0.1000
0.1000
0.1000
0.1000
5.3118
5.9006
6.4247
6.8706
7.2236
7.4696
7.5968
7.5986
7.4749
7.2322
6.8821
6.4387
5.9166
5.3999
5.1752
4.8670
4.4847
4.0384
3.5375
2.9905
2.4050
1.7871
1.1422
0.4745
0.1000
0.1000
0.1000
0.1000
0.1000
0.1000
0.1000
0.1000
0.1000
0.1000
0.1000
0.1000
0.1000
0.1000
0.3331
0.4302
0.3691
0.1528
0.1000
0.1000
0.1000
0.1000
0.1000
0.1000
0.1000
0.1000
4.6323
5.1775
5.6581
6.0628
6.3802
6.5995
6.7122
6.7138
6.6042
6.3879
6.0732
5.6708
5.1923
4.8789
4.6691
4.3798
4.0193
3.5961
3.1186
2.5946
2.0310
1.4339
0.8083
0.1586
0.1000
0.1000
0.1000
0.1000
0.1000
0.1000
0.1000
0.1000
0.1000
0.1000
0.1000
0.1000
0.1000
0.1000
0.1000
0.1000
0.1000
0.1000
0.1000
0.1000
0.1000
0.1000
0.1000
0.1000
0.1000
0.1000
3.9147
4.4206
4.8629
5.2324
5.5200
5.7175
5.8187
5.8201
5.7218
5.5270
5.2419
4.8746
4.4343
4.3071
4.1114
3.8406
3.5015
3.1014
2.6477
2.1473
1.6067
1.0315
0.4266
0.1000
0.1000
0.1000
0.1000
0.1000
0.1000
0.1000
0.1000
0.1000
0.1000
0.1000
0.1000
0.1000
0.1000
0.1000
0.1000
0.1000
0.1000
0.1000
0.1000
0.1000
0.1000
0.1000
0.1000
0.1000
0.1000
0.1000
3.1664
3.6370
4.0458
4.3850
4.6475
4.8270
4.9186
4.9199
4.8309
4.6539
4.3937
4.0565
3.8013
3.6941
3.5117
3.2583
2.9397
2.5620
2.1317
1.6549
1.1376
0.5849
0.1000
0.1000
0.1000
0.1000
0.1000
0.1000
0.1000
0.1000
0.1000
0.1000
0.1000
0.1000
0.1000
0.1000
0.1000
0.1000
0.1000
0.1000
0.1000
0.1000
0.1000
0.1000
0.1000
0.1000
0.1000
0.1000
0.1000
0.1000
2.3931
2.8322
3.2114
3.5246
3.7658
3.9301
4.0138
4.0150
3.9336
3.7716
3.5325
3.2214
3.1479
3.0480
2.8777
2.6405
2.3411
1.9848
1.5770
1.1234
0.6290
0.1000
0.1000
0.1000
0.1000
0.1000
0.1000
0.1000
0.1000
0.1000
0.1000
0.1000
0.1000
0.1000
0.1000
0.1000
0.1000
0.1000
0.1000
0.1000
0.1000
0.1000
0.1000
0.1000
0.1000
0.1000
0.1000
0.1000
0.1000
0.1000
1.5993
2.0102
2.3635
2.6540
2.8769
3.0284
3.1054
3.1065
3.0316
2.8823
2.6613
2.4935
2.4683
2.3751
2.2158
1.9935
1.7119
1.3756
0.9892
0.5578
0.1000
0.1000
0.1000
0.1000
0.1000
0.1000
0.1000
0.1000
0.1000
0.1000
0.1000
0.1000
0.1000
0.1000
0.1000
0.1000
0.1000
0.1000
0.1000
0.1000
0.1000
0.1000
0.1000
0.1000
0.1000
0.1000
0.1000
0.1000
0.1000
0.1000
0.1000
0.1000
0.1000
0.1000
0.1000
0.1000
0.1000
0.1000
0.1000
0.1000
0.1000
0.1000
0.1000
0.1000
0.1000
0.1000
0.1000
0.1000
0.1000
0.1000
0.1000
0.1000
0.1000
0.1000
0.1000
0.1000
0.1000
0.1000
0.1000
0.1000
0.1000
0.1000
0.1000
0.1000
0.1000
0.1000
0.1000
0.1000
0.1000
0.1000
0.1000
0.1000
0.1000
0.1000
0.1000
0.1000
0.1000
0.1000
0.1000
0.1000
0.1000
0.1000
0.1000
0.1000
0.1000
0.1000
0.1000
0.1000
0.1000
0.1000
0.1000
0.1000
0.1000
0.1000
0.1000
0.1000
0.1000
0.1000
0.1000
0.1000
0.1000
0.1000
0.1000
0.1000
0.1000
0.1000
0.1000
0.1000
0.1000
0.1000
0.1000
0.1000
0.1000
0.1000
0.1000
0.1000
0.1000
0.1000
0.1000
0.1000
0.1000
0.1000
0.1000
0.1000
0.1000
0.1000
0.1000
0.1000
0.1000
0.1000
0.1000
0.1000
0.1000
0.1000
0.1000
0.1000
0.1000
0.1000
0.1000
0.1000
0.1000
0.1000
0.1000
0.1000
0.1000
0.1000
0.1000
0.1000
0.1000
0.1000
0.1000
0.1000
0.1000
0.1000
0.1000
0.1000
0.1000
0.1000
0.1000
0.1000
0.1000
0.1000
0.1000
0.1000
0.1000
0.1000
0.1000
0.1000
0.1000
0.1000
0.1000
0.1000
0.1000
0.1000
0.1000
0.1000
0.1000
0.1000
0.1000
0.1000
0.1000
0.1000
0.1000
0.1000
0.1000
0.1000
0.1000
0.1000
0.1000
0.1000
0.1000
0.1000
0.1000
0.1000
0.1000
0.1000
0.1000
0.1000
0.1000
0.1000
0.1000
0.1000
0.1000
0.1000
0.1000
0.1000
0.1000
0.1000
0.1000
0.1000
0.1000
0.1000
0.1000
0.1000
0.1000
0.1000
0.1000
0.1000
0.1000
0.1000
0.1000
0.1000
0.1000
0.1000
0.1000
0.1000
0.1000
0.1000
0.1000
0.1000
0.1000
0.1000
0.1000
0.1000
0.1000
0.1000
0.1000
0.1000
0.1000
0.1000
0.1000
0.1000
0.1000
0.1000
0.1000
0.1000
0.1000
0.1000
0.1000
0.1000
0.1000
0.1000
0.1000
0.1000
0.1000
0.1000
0.1000
0.1000
0.1000
0.1000
0.1000
0.1000
0.1000
0.1000
0.1000
0.1000
0.1000
0.1000
0.1000
0.1000
0.1000
0.1000
0.1000
0.1000
0.1000
0.1000
0.1000
0.1000
0.1000
0.1000
0.1000
0.1000
0.1000
0.1000
0.1000
0.1000
0.1000
0.1000
0.1000
0.1000
0.1000
0.1000
0.1000
0.1000
0.1000
0.1000
0.1000
0.1000
0.1000
0.1000
0.1000
0.1000
0.1000
0.1000
0.1000
0.1000
0.1000
0.1000
0.1000
0.1000
0.1000
0.1000
0.1000
0.1000
0.1000
0.1000
0.1000
0.1000
0.1000
0.1000
0.1000
0.1000
0.1000
0.1000
0.1000
0.1000
0.1000
0.1000
0.1000
0.1000
0.1000
0.1000
0.1000
0.1000
0.1000
0.1000
0.1000
0.1000
0.1000
0.1000
0.1000
0.1000
0.1000
0.1000
0.1000
0.1000
0.1000
0.1000
0.1000
0.1000
0.1000
0.1000
0.1000
0.1000
0.1000
0.1000
0.1000
0.1000
0.1000
0.1000
0.1000
0.1000
0.1000
0.1000
0.1000
0.1000
0.1000
0.1000
0.1000
0.1000
0.1000
0.1000
0.1000
0.1000
0.1000
0.1000
0.1000
0.1000
0.1000
0.1000
0.1000
0.1000
0.1000
0.1000
0.1000
0.1000
0.1000
0.1000
0.1000
0.1000
0.1000
0.1000
0.1000
0.1000
0.1000
0.1000
0.1000
0.1000
0.1000
0.1000
0.1000
0.1000
0.1000
0.1000
0.1000
0.1000
0.1000
0.1000
0.1000
0.1000
0.1000
0.1000
0.1000
0.1000
0.1000
0.1000
0.1000
0.1000
0.1000
0.1000
0.1000
0.1000
0.1000
0.1000
0.1000
0.1000
0.1000
0.1000
0.1000
0.1000
0.1000
0.1000
0.1000
0.1000
0.1000
0.1000
0.1000
0.1000
0.1000
0.1000
0.1000
0.1000
0.1000
0.1000
0.1000
0.1000
0.1000
0.1000
0.1000
0.1000
0.1000
0.1000
0.1000
0.1000
0.1000
0.1000
0.1000
0.1000
0.1000
0.1000
0.1000
0.1000
0.1000
0.1000
0.1000
0.1000
0.1000
0.1000
0.1000
0.1000
0.1000
0.1000
0.1000
0.1000
0.1000
0.1000
0.1000
0.1000
0.1000
0.1000
0.1000
0.1000
0.1000
0.1000
0.1000
0.1000
0.1000
0.1000
0.1000
0.1000
0.1000
0.1000
0.1000
0.1000
0.1000
0.1000
0.1000
0.1000
0.1000
0.1000
0.1000
0.1000
0.1000
0.1000
0.1000
0.1000
0.1000
0.1000
0.1000
0.1000
0.1000
0.1000
0.1000
0.1000
0.1000
0.1000
0.1000
0.1000
0.1000
0.1000
0.1000
0.1000
0.1000
0.1000
0.1000
0.1000
0.1000
0.1000
0.1000
0.1000
0.1000
0.1000
0.1000
0.1000
0.1000
0.1000
0.1000
0.1000
0.1000
0.1000
0.1000
0.1000
0.1000
0.1000
0.1000
0.1000
0.1000
0.1000
0.1000
0.1000
0.1000
0.1000
0.1000
0.1000
0.1000
0.1000
0.1000
0.1000
0.1000
0.1000
0.1000
0.1000
0.1000
0.1000
0.1000
0.1000
0.1000
0.1000
0.1000
0.1000
0.1000
0.1000
0.1000
0.1000
0.1000
0.1000
0.1000
0.1000
0.1000
0.1000
0.1000
0.1000
0.1000
0.1000
0.1000
0.1000
0.1000
0.1000
0.1000
0.1000
0.1000
0.1000
0.1000
0.1000
0.1000
0.1000
0.1000
0.1000
0.1000
0.1000
0.1000
0.1000
0.1000
0.1000
0.1000
0.1000
0.1000
0.1000
0.1000
0.1000
0.1000
0.1000
0.1000
0.1000
0.1000
0.1000
0.1000
0.1000
0.1000
0.1000
0.1000
0.1000
0.1000
0.1000
0.1000
0.1000
0.1000
0.1000
0.1000
0.1000
0.1000
0.1000
0.1000
0.1000
0.1000
0.1000
0.1000
0.1000
0.1000
0.1000
0.1000
0.1000
0.1000
0.1000
0.1000
0.1000
0.1000
0.1000
0.1000
0.1000
0.1000
0.1000
0.1000
0.1000
0.1000
0.1000
0.1000
0.1000
0.1000
0.1000
0.1000
0.1000
0.1000
0.1000
0.1000
0.1000
0.1000
0.5177
0.7788
0.8647
0.7697
0.5000
0.1000
0.1000
0.1000
0.1000
0.1000
0.1000
0.1000
0.1000
0.1000
0.1000
0.1000
0.1000
0.1000
0.1000
0.1000
0.1000
0.1000
0.1000
0.1000
0.1000
0.1000
0.1000
0.1000
0.1000
0.1000
0.1000
0.1000
0.1000
0.1000
0.1000
0.1000
0.1000
0.1000
0.1000
0.1000
0.1000
0.1000
0.1000
0.1000
0.1000
0.1000
0.1000
0.1000
0.2364
0.8436
1.3065
1.5968
1.6928
1.5866
1.2869
0.8160
0.2022
0.1000
0.1000
0.1000
0.1000
0.1000
0.1000
0.1000
0.1000
0.1000
0.1000
0.1000
0.1000
0.1000
0.1000
0.1000
0.1000
0.1000
0.1000
0.1000
0.1000
0.1000
0.1000
0.1000
0.1000
0.1000
0.1000
0.1000
0.1000
0.1000
0.1000
0.1000
0.1000
0.1000
0.1000
0.1000
0.1000
0.1000
0.1000
0.1000
0.1000
0.1000
0.8133
1.4690
1.9752
2.2959
2.4026
2.2846
1.9536
1.4390
1.0512
0.9168
0.5908
0.1000
0.1000
0.1000
0.1000
0.1000
0.1000
0.1000
0.1000
0.1000
0.1000
0.1000
0.1000
0.1000
0.1000
0.1000
0.1000
0.1000
0.1000
0.1000
0.1000
0.1000
0.1000
0.1000
0.1000
0.1000
0.1000
0.1000
0.1000
0.1000
0.1000
0.1000
0.1000
0.1000
0.1000
0.1000
0.1000
0.1000
0.1000
0.4307
1.2423
1.9398
2.4844
2.8331
2.9499
2.8208
2.4611
2.5984
2.6702
2.5173
2.1483
1.5819
0.8430
0.1000
0.1000
0.1000
0.1000
0.1000
0.1000
0.1000
0.1000
0.1000
0.1000
0.1000
0.1000
0.1000
0.1000
0.1000
0.1000
0.1000
0.1000
0.1000
0.1000
0.1000
0.1000
0.1000
0.1000
0.1000
0.1000
0.1000
0.1000
0.1000
0.1000
0.1000
0.1000
0.1000
0.1000
0.1000
0.1000
0.6593
1.4968
2.2218
2.7926
3.1608
3.2846
3.2995
3.8678
4.2053
4.2886
4.1114
3.6868
3.0428
2.2143
1.2364
0.1400
0.1000
0.1000
0.1000
0.1000
0.1000
0.1000
0.1000
0.1000
0.1000
0.1000
0.1000
0.1000
0.1000
0.1000
0.1000
0.1000
0.1000
0.1000
0.1000
0.1000
0.1000
0.1000
0.1000
0.1000
0.1000
0.1000
0.1000
0.1000
0.1000
0.1000
0.1000
0.1000
0.1000
0.1000
0.7141
1.5579
2.2899
2.8674
3.2407
3.8753
4.7480
5.4084
5.8069
5.9060
5.6955
5.1967
4.4535
3.5161
2.4305
1.2335
0.1000
0.1000
0.1000
0.1000
0.1000
0.1000
0.1000
0.1000
0.1000
0.1000
0.1000
0.1000
0.1000
0.1000
0.1000
0.1000
0.1000
0.1000
0.1000
0.1000
0.1000
0.1000
0.1000
0.1000
0.1000
0.1000
0.1000
0.1000
0.1000
0.1000
0.1000
0.1000
0.1000
0.1000
0.5913
1.4209
2.1375
2.7001
3.9634
5.1262
6.1314
6.9145
7.3993
7.5217
7.2627
6.6610
5.7889
4.7200
3.5126
2.2081
0.1000
0.1000
0.1000
0.1000
0.1000
0.1000
0.1000
0.1000
0.1000
0.1000
0.1000
0.1000
0.1000
0.1000
0.1000
0.1000
0.1000
0.1000
0.1000
0.1000
0.1000
0.1000
0.1000
0.1000
0.1000
0.1000
0.1000
0.1000
0.1000
0.1000
0.1000
0.1000
0.1000
0.1000
0.2990
1.0964
2.1050
3.5518
4.9414
6.2442
7.4106
8.3598
8.9746
9.1342
8.7988
8.0475
7.0078
5.7845
4.4459
3.0328
0.1000
0.1000
0.1000
0.1000
0.1000
0.1000
0.1000
0.1000
0.1000
0.1000
0.1000
0.1000
0.1000
0.1000
0.1000
0.1000
0.1000
0.1000
0.1000
0.1000
0.1000
0.1000
0.1000
0.1000
0.1000
0.1000
0.1000
0.1000
0.1000
0.1000
0.1000
0.1000
0.1000
0.1000
0.1000
1.1411
2.6936
4.2246
5.7225
7.1664
8.5158
9.6870
10.5112
10.7388
10.2678
9.2913
8.0415
6.6512
5.1844
3.6727
0.1000
0.1000
0.1000
0.1000
0.1000
0.1000
0.1000
0.1000
0.1000
0.1000
0.1000
0.1000
0.1000
0.1000
0.1000
0.1000
0.1000
0.1000
0.1000
0.1000
0.1000
0.1000
0.1000
0.1000
0.1000
0.1000
0.1000
0.1000
0.1000
0.1000
0.1000
0.1000
0.1000
0.1000
0.1000
1.4782
3.0772
4.6690
6.2491
7.8091
9.3299
10.7606
11.9325
12.3169
11.5600
10.2585
8.7852
7.2468
5.6781
4.0931
0.1000
0.1000
0.1000
0.1000
0.1377
0.2597
0.3216
0.3224
0.2623
0.1420
0.1000
0.1000
0.1000
0.1000
0.1000
0.1000
0.1000
0.1000
0.1000
0.1000
0.1000
0.1000
0.1000
0.1000
0.1000
0.1000
0.1000
0.1000
0.1000
0.1000
0.1000
0.1000
0.1000
0.1000
0.1000
1.6155
3.2345
4.8527
6.4697
8.0848
9.6957
11.2957
12.8487
13.6393
12.2981
10.7179
9.1124
7.4996
5.8837
4.2662
0.1000
0.2902
0.5993
0.8519
1.0447
1.1751
1.2413
1.2422
1.1779
1.0494
0.8583
0.6074
0.2998
0.1000
0.1000
0.1000
0.1000
0.1000
0.1000
0.1000
0.1000
0.1000
0.1000
0.1000
0.1000
0.1000
0.1000
0.1000
0.1000
0.1000
0.1000
0.1000
0.1000
0.1000
0.1000
1.5468
3.1557
4.7605
6.3588
7.9456
9.5095
11.0176
12.3372
12.8232
11.9011
10.4816
8.9465
7.3722
5.7804
4.1794
0.7579
1.1427
1.4722
1.7422
1.9489
2.0888
2.1600
2.1610
2.0919
1.9538
1.7491
1.4808
1.1529
0.7697
0.3356
0.1000
0.1000
0.1000
0.1000
0.1000
0.1000
0.1000
0.1000
0.1000
0.1000
0.1000
0.1000
0.1000
0.1000
0.1000
0.1000
0.1000
0.1000
0.1000
0.1000
1.2751
2.8458
4.4003
5.9295
7.4167
8.8274
10.0843
11.0063
11.2709
10.7290
9.6546
8.3284
6.8841
5.3789
3.8391
1.5744
1.9845
2.3370
2.6269
2.8493
3.0004
3.0772
3.0783
3.0036
2.8547
2.6342
2.3462
1.9954
1.5869
1.1261
0.6182
0.1000
0.1000
0.1000
0.1000
0.1000
0.1000
0.1000
0.1000
0.1000
0.1000
0.1000
0.1000
0.1000
0.1000
0.1000
0.1000
0.1000
0.1000
0.1000
0.8128
2.3227
3.7995
5.2270
6.5777
7.8037
8.8206
9.4939
9.6713
9.2998
8.4835
7.3780
6.0994
4.7166
3.2689
2.3748
2.8132
3.1918
3.5044
3.7452
3.9092
3.9927
3.9939
3.9127
3.7510
3.5124
3.2018
2.8249
2.3882
1.8977
1.3597
0.7797
0.1629
0.1000
0.1000
0.1000
0.1000
0.1000
0.1000
0.1000
0.1000
0.1000
0.1000
0.1000
0.1000
0.1000
0.1000
0.1000
0.1000
0.1000
0.1785
1.6128
2.9965
4.3086
5.5170
6.5729
7.4058
7.9280
8.0607
7.7803
7.1350
6.2117
5.0936
3.8429
2.5019
3.1557
3.6259
4.0342
4.3731
4.6353
4.8145
4.9060
4.9073
4.8183
4.6416
4.3817
4.0449
3.6385
3.1700
2.6469
2.0760
1.4639
0.8159
0.1370
0.1000
0.1000
0.1000
0.1000
0.1000
0.1000
0.1000
0.1000
0.1000
0.1000
0.1000
0.1000
0.1000
0.1000
0.1000
0.1000
0.1000
0.7453
2.0308
3.2279
4.3048
5.2187
5.9161
6.3400
6.4458
6.2212
5.6920
4.9094
3.9308
2.8059
1.5737
3.9128
4.4186
4.8608
5.2302
5.5177
5.7151
5.8163
5.8177
5.7194
5.5247
5.2396
4.8725
4.4322
3.9281
3.3689
2.7626
2.1161
1.4354
0.7257
0.1000
0.1000
0.1000
0.1000
0.1000
0.1000
0.1000
0.1000
0.1000
0.1000
0.1000
0.1000
0.1000
0.1000
0.1000
0.1000
0.1000
0.1000
0.9377
2.0277
2.9898
3.7888
4.3852
4.7409
4.8289
4.6418
4.1949
3.5205
2.6580
1.6457
0.5168
4.6404
5.1861
5.6672
6.0723
6.3900
6.6096
6.7225
6.7241
6.6143
6.3978
6.0827
5.6799
5.2009
4.6568
4.0581
3.4136
2.7310
2.0164
1.2753
0.5117
0.1000
0.1000
0.1000
0.1000
0.1000
0.1000
0.1000
0.1000
0.1000
0.1000
0.1000
0.1000
0.1000
0.1000
0.1000
0.1000
0.6158
1.0479
1.3249
1.6039
2.3102
2.8294
3.1355
3.2108
3.0506
2.6646
2.0743
1.3074
0.3931
0.1000
5.3315
5.9216
6.4471
6.8943
7.2486
7.4954
7.6231
7.6249
7.5008
7.2572
6.9059
6.4611
5.9377
5.3492
4.7075
4.0226
3.3023
2.5533
1.7805
1.0266
0.5362
0.1000
0.1000
0.1000
0.1000
0.1000
0.1000
0.1000
0.1000
0.1000
0.1000
0.1000
0.1000
0.1000
0.3502
1.1048
1.7409
2.2314
2.5493
2.6736
2.5953
2.3202
1.8670
1.5919
1.4519
1.1126
0.5889
0.1000
0.1000
0.1000
5.9770
6.6160
7.1921
7.6889
8.0876
8.3688
8.5154
8.5175
8.3749
8.0974
7.7017
7.2075
6.6335
5.9961
5.3086
4.5815
3.8231
3.0396
2.2359
1.5404
1.0281
0.4804
0.1000
0.1000
0.1000
0.1000
0.1000
0.1000
0.1000
0.1000
0.1000
0.1000
0.1000
0.3422
1.2676
2.1039
2.8221
3.3863
3.7581
3.9051
3.8125
3.4897
2.9661
2.2798
1.4677
0.5605
0.1000
0.1000
0.1000
0.1000
6.5657
7.2573
7.8900
8.4448
8.8982
9.2233
9.3951
9.3975
9.2305
8.9094
8.4594
7.9071
7.2763
6.5862
5.8510
5.0815
4.2855
3.4687
2.6356
2.0137
1.4796
0.9106
0.3117
0.1000
0.1000
0.1000
0.1000
0.1000
0.1000
0.1000
0.1000
0.1000
0.1000
1.0876
2.0943
3.0221
3.8379
4.4963
4.9414
5.1204
5.0074
4.6191
4.0043
3.2200
2.3145
1.3235
0.2717
0.1000
0.1000
0.1000
7.0838
7.8298
8.5240
9.1455
9.6657
10.0480
10.2539
10.2569
10.0565
9.6788
9.1620
8.5429
7.8505
7.1058
6.3231
5.5125
4.6811
3.8337
2.9739
2.4408
1.8853
1.2959
0.6776
0.1000
0.1000
0.1000
0.1000
0.1000
0.1000
0.1000
0.1000
0.1000
0.5832
1.7133
2.8011
3.8258
4.7540
5.5315
6.0788
6.3056
6.1618
5.6803
4.9476
4.0482
3.0420
1.9664
0.8446
0.1000
0.1000
0.1000
7.5153
8.3141
9.0712
9.7658
10.3654
10.8220
11.0756
11.0794
10.8324
10.3808
9.7845
9.0921
8.3365
7.5387
6.7117
5.8641
5.0015
4.1276
3.3522
2.8156
2.2400
1.6314
0.9952
0.3355
0.1000
0.1000
0.1000
0.1000
0.1000
0.1000
0.1000
0.1000
1.0053
2.1925
3.3524
4.4696
5.5153
6.4346
7.1238
7.4260
7.2331
6.6176
5.7395
4.7165
3.6124
2.4606
1.2787
0.1000
0.1000
0.1000
7.8431
8.6877
9.5023
10.2690
10.9556
11.5041
11.8244
11.8293
11.5170
10.9736
10.2900
9.5251
8.7116
7.8676
7.0037
6.1261
5.2387
4.3442
3.6877
3.1320
2.5382
1.9126
1.2605
0.5863
0.1000
0.1000
0.1000
0.1000
0.1000
0.1000
0.1000
0.1000
1.2723
2.4987
3.7105
4.8982
6.0426
7.1002
7.9617
8.3781
8.1084
7.3208
6.2945
5.1647
3.9847
2.7774
1.5537
0.3196
0.1000
0.1000
8.0511
8.9277
9.7846
10.6082
11.3710
12.0138
12.4153
12.4215
12.0294
11.3915
10.6311
9.8088
8.9526
8.0764
7.1874
6.2899
5.3863
4.4825
3.9557
3.3839
2.7748
2.1350
1.4698
0.7836
0.1000
0.1000
0.1000
0.1000
0.1000
0.1000
0.1000
0.1228
1.3704
2.6120
3.8443
5.0609
6.2486
7.3743
8.3409
8.8483
8.5149
7.6155
6.5134
5.3358
4.1243
2.8949
1.6550
0.4085
0.1000
0.1000
8.1272
9.0163
9.8900
10.7373
11.5345
12.2253
12.6757
12.6830
12.2425
11.5561
10.7610
9.9148
9.0416
8.1528
7.2543
6.3493
5.4397
4.6898
4.1500
3.5658
2.9452
2.2948
1.6199
0.9248
0.2129
0.1000
0.1000
0.1000
0.1000
0.1000
0.1000
0.1000
1.2944
2.5242
3.7406
4.9346
6.0884
7.1603
8.0425
8.4752
8.1943
7.3851
6.3431
5.2030
4.0161
2.8039
1.5766
0.3397
0.1000
0.1000
8.0667
8.9460
9.8063
10.6346
11.4041
12.0560
12.4663
12.4728
12.0719
11.4249
10.6576
9.8305
8.9709
8.0922
7.2012
6.3021
5.3973
4.8130
4.2653
3.6735
3.0459
2.3890
1.7083
1.0079
0.2912
0.1000
0.1000
0.1000
0.1000
0.1000
0.1000
0.1000
1.0484
2.2417
3.4097
4.5375
5.5976
6.5358
7.2461
7.5606
7.3595
6.7236
5.8257
4.7873
3.6719
2.5115
1.3231
0.1162
0.1000
0.1000
7.8735
8.7227
9.5431
10.3175
11.0139
11.5739
11.9032
11.9082
11.5871
11.0323
10.3388
9.5661
8.7467
7.8982
7.0307
6.1502
5.3445
4.8483
4.2982
3.7042
3.0746
2.4159
1.7335
1.0315
0.3134
0.1000
0.1000
0.1000
0.1000
0.1000
0.1000
0.1000
0.6451
1.7833
2.8810
3.9181
4.8613
5.6558
6.2188
6.4534
6.3046
5.8085
5.0586
4.1436
3.1244
2.0385
0.9083
0.1000
0.1000
0.1000
7.5588
8.3634
9.1275
9.8307
10.4402
10.9066
11.1669
11.1707
10.9172
10.4559
9.8497
9.1487
8.3860
7.5823
6.7506
5.8991
5.2870
4.7944
4.2479
3.6573
3.0307
2.3749
1.6950
0.9954
0.2794
0.1000
0.1000
0.1000
0.1000
0.1000
0.1000
0.1000
0.1027
1.1747
2.1920
3.1319
3.9614
4.6335
5.0899
5.2739
5.1576
4.7592
4.1310
3.3328
2.4148
1.4129
0.3519
0.1000
0.1000
0.1000
7.1384
7.8907
8.5921
9.2219
9.7507
10.1406
10.3512
10.3542
10.1493
9.7640
9.2386
8.6113
7.9116
7.1605
6.3725
5.5574
5.1363
4.6532
4.1158
3.5338
2.9152
2.2667
1.5936
0.9000
0.1895
0.1000
0.1000
0.1000
0.1000
0.1000
0.1000
0.1000
0.1000
0.4432
1.3788
2.2263
2.9560
3.5310
3.9110
4.0614
3.9666
3.6366
3.1026
2.4048
1.5814
0.6637
0.1000
0.1000
0.1000
0.1000
6.6294
7.3273
7.9669
8.5290
8.9894
9.3204
9.4956
9.4981
9.3277
9.0009
8.5437
7.9842
7.3465
6.6501
5.9094
5.3021
4.8982
4.4291
3.9056
3.3368
2.7306
2.0936
1.4309
0.7469
0.1000
0.1000
0.1000
0.1000
0.1000
0.1000
0.1000
0.1000
0.1000
0.1000
0.4715
1.2360
1.8818
2.3807
2.7047
2.8315
2.7516
2.4712
2.0099
1.3951
0.6555
0.1000
0.1000
0.1000
0.1000
0.1000
6.0481
6.6931
7.2754
7.7784
8.1829
8.4686
8.6178
8.6200
8.4749
8.1929
7.7915
7.2910
6.7107
6.0674
5.3744
4.9673
4.5802
4.1288
3.6228
3.0710
2.4808
1.8585
1.2095
0.5381
0.1000
0.1000
0.1000
0.1000
0.1000
0.1000
0.1000
0.1000
0.1000
0.1000
0.1000
0.1853
0.7614
1.2003
1.4819
1.5914
1.5225
1.2792
0.8747
0.3280
0.1000
0.1000
0.1000
0.1000
0.1000
0.1000
5.4086
6.0041
6.5352
6.9877
7.3466
7.5970
7.7267
7.7285
7.6025
7.3554
6.9994
6.5493
6.0203
5.4264
4.8558
4.5599
4.1916
3.7601
3.2742
2.7419
2.1703
1.5656
0.9329
0.2766
0.1000
0.1000
0.1000
0.1000
0.1000
0.1000
0.1000
0.1000
0.1000
0.1000
0.1000
0.1000
0.1000
0.1000
0.2485
0.3448
0.2842
0.1000
0.1000
0.1000
0.1000
0.1000
0.1000
0.1000
0.1000
0.1000
4.7222
5.2729
5.7588
6.1684
6.4900
6.7124
6.8269
6.8285
6.7172
6.4978
6.1789
5.7716
5.2878
4.7388
4.3694
4.0904
3.7417
3.3311
2.8667
2.3556
1.8045
1.2193
0.6049
0.1000
0.1000
0.1000
0.1000
0.1000
0.1000
0.1000
0.1000
0.1000
0.1000
0.1000
0.1000
0.1000
0.1000
0.1000
0.1000
0.1000
0.1000
0.1000
0.1000
0.1000
0.1000
0.1000
0.1000
0.1000
0.1000
0.1000
3.9985
4.5087
4.9551
5.3284
5.6191
5.8188
5.9212
5.9227
5.8231
5.6261
5.3379
4.9669
4.5224
4.0200
3.8308
3.5684
3.2392
2.8499
2.4074
1.9183
1.3888
0.8242
0.2295
0.1000
0.1000
0.1000
0.1000
0.1000
0.1000
0.1000
0.1000
0.1000
0.1000
0.1000
0.1000
0.1000
0.1000
0.1000
0.1000
0.1000
0.1000
0.1000
0.1000
0.1000
0.1000
0.1000
0.1000
0.1000
0.1000
0.1000
3.2445
3.7186
4.1306
4.4727
4.7376
4.9188
5.0113
5.0126
4.9227
4.7440
4.4814
4.1414
3.7313
3.4263
3.2491
3.0027
2.6923
2.3237
1.9030
1.4361
0.9284
0.3852
0.1000
0.1000
0.1000
0.1000
0.1000
0.1000
0.1000
0.1000
0.1000
0.1000
0.1000
0.1000
0.1000
0.1000
0.1000
0.1000
0.1000
0.1000
0.1000
0.1000
0.1000
0.1000
0.1000
0.1000
0.1000
0.1000
0.1000
0.1000
2.4661
2.9080
3.2899
3.6053
3.8484
4.0140
4.0984
4.0996
4.0175
3.8542
3.6133
3.2999
2.9198
2.7979
2.6319
2.4004
2.1079
1.7592
1.3597
0.9145
0.4286
0.1000
0.1000
0.1000
0.1000
0.1000
0.1000
0.1000
0.1000
0.1000
0.1000
0.1000
0.1000
0.1000
0.1000
0.1000
0.1000
0.1000
0.1000
0.1000
0.1000
0.1000
0.1000
0.1000
0.1000
0.1000
0.1000
0.1000
0.1000
0.1000
1.6678
2.0809
2.4363
2.7287
2.9531
3.1055
3.1831
3.1842
3.1088
2.9585
2.7361
2.4456
2.2322
2.1411
1.9854
1.7677
1.4919
1.1620
0.7827
0.3585
0.1000
0.1000
0.1000
0.1000
0.1000
0.1000
0.1000
0.1000
0.1000
0.1000
0.1000
0.1000
0.1000
0.1000
0.1000
0.1000
0.1000
0.1000
0.1000
0.1000
0.1000
0.1000
0.1000
0.1000
0.1000
0.1000
0.1000
0.1000
0.1000
0.1000
0.1000
0.1000
0.1000
0.1000
0.1000
0.1000
0.1000
0.1000
0.1000
0.1000
0.1000
0.1000
0.1000
0.1000
0.1000
0.1000
0.1000
0.1000
0.1000
0.1000
0.1000
0.1000
0.1000
0.1000
0.1000
0.1000
0.1000
0.1000
0.1000
0.1000
0.1000
0.1000
0.1000
0.1000
0.1000
0.1000
0.1000
0.1000
0.1000
0.1000
0.1000
0.1000
0.1000
0.1000
0.1000
0.1000
0.1000
0.1000
0.1000
0.1000
0.1000
0.1000
0.1000
0.1000
0.1000
0.1000
0.1000
0.1000
0.1000
0.1000
0.1000
0.1000
0.1000
0.1000
0.1000
0.1000
0.1000
0.1000
0.1000
0.1000
0.1000
0.1000
0.1000
0.1000
0.1000
0.1000
0.1000
0.1000
0.1000
0.1000
0.1000
0.1000
0.1000
0.1000
0.1000
0.1000
0.1000
0.1000
0.1000
0.1000
0.1000
0.1000
0.1000
0.1000
0.1000
0.1000
0.1000
0.1000
0.1000
0.1000
0.1000
0.1000
0.1000
0.1000
0.1000
0.1000
0.1000
0.1000
0.1000
0.1000
0.1000
0.1000
0.1000
0.1000
0.1000
0.1000
0.1000
0.1000
0.1000
0.1000
0.1000
0.1000
0.1000
0.1000
0.1000
0.1000
0.1000
0.1000
0.1000
0.1000
0.1000
0.1000
0.1000
0.1000
0.1000
0.1000
0.1000
0.1000
0.1000
0.1000
0.1000
0.1000
0.1000
0.1000
0.1000
0.1000
0.1000
0.1000
0.1000
0.1000
0.1000
0.1000
0.1000
0.1000
0.1000
0.1000
0.1000
0.1000
0.1000
0.1000
0.1000
0.1000
0.1000
0.1000
0.1000
0.1000
0.1000
0.1000
0.1000
0.1000
0.1000
0.1000
0.1000
0.1000
0.1000
0.1000
0.1000
0.1000
0.1000
0.1000
0.1000
0.1000
0.1000
0.1000
0.1000
0.1000
0.1000
0.1000
0.1000
0.1000
0.1000
0.1000
0.1000
0.1000
0.1000
0.1000
0.1000
0.1000
0.1000
0.1000
0.1000
0.1000
0.1000
0.1000
0.1000
0.1000
0.1000
0.1000
0.1000
0.1000
0.1000
0.1000
0.1000
0.1000
0.1000
0.1000
0.1000
0.1000
0.1000
0.1000
0.1000
0.1000
0.1000
0.1000
0.1000
0.1000
0.1000
0.1000
0.1000
0.1000
0.1000
0.1000
0.1000
0.1000
0.1000
0.1000
0.1000
0.1000
0.1000
0.1000
0.1000
0.1000
0.1000
0.1000
0.1000
0.1000
0.1000
0.1000
0.1000
0.1000
0.1000
0.1000
0.1000
0.1000
0.1000
0.1000
0.1000
0.1000
0.1000
0.1000
0.1000
0.1000
0.1000
0.1000
0.1000
0.1000
0.1000
0.1000
0.1000
0.1000
0.1000
0.1000
0.1000
0.1000
0.1000
0.1000
0.1000
0.1000
0.1000
0.1000
0.1000
0.1000
0.1000
0.1000
0.1000
0.1000
0.1000
0.1000
0.1000
0.1000
0.1000
0.1000
0.1000
0.1000
0.1000
0.1000
0.1000
0.1000
0.1000
0.1000
0.1000
0.1000
0.1000
0.1000
0.1000
0.1000
0.1000
0.1000
0.1000
0.1000
0.1000
0.1000
0.1000
0.1000
0.1000
0.1000
0.1000
0.1000
0.1000
0.1000
0.1000
0.1000
0.1000
0.1000
0.1000
0.1000
0.1000
0.1000
0.1000
0.1000
0.1000
0.1000
0.1000
0.1000
0.1000
0.1000
0.1000
0.1000
0.1000
0.1000
0.1000
0.1000
0.1000
0.1000
0.1000
0.1000
0.1000
0.1000
0.1000
0.1000
0.1000
0.1000
0.1000
0.1000
0.1000
0.1000
0.1000
0.1000
0.1000
0.1000
0.1000
0.1000
0.1000
0.1000
0.1000
0.1000
0.1000
0.1000
0.1000
0.1000
0.1000
0.1000
0.1000
0.1000
0.1000
0.1000
0.1000
0.1000
0.1000
0.1000
0.1000
0.1000
0.1000
0.1000
0.1000
0.1000
0.1000
0.1000
0.1000
0.1000
0.1000
0.1000
0.1000
0.1000
0.1000
0.1000
0.1000
0.1000
0.1000
0.1000
0.1000
0.1000
0.1000
0.1000
0.1000
0.1000
0.1000
0.1000
0.1000
0.1000
0.1000
0.1000
0.1000
0.1000
0.1000
0.1000
0.1000
0.1000
0.1000
0.1000
0.1000
0.1000
0.1000
0.1000
0.1000
0.1000
0.1000
0.1000
0.1000
0.1000
0.1000
0.1000
0.1000
0.1000
0.1000
0.1000
0.1000
0.1000
0.1000
0.1000
0.1000
0.1000
0.1000
0.1000
0.1000
0.1000
0.1000
0.1000
0.1000
0.1000
0.1000
0.1000
0.1000
0.1000
0.1000
0.1000
0.1000
0.1000
0.1000
0.1000
0.1000
0.1000
0.1000
0.1000
0.1000
0.1000
0.1000
0.1000
0.1000
0.1000
0.1000
0.1000
0.1000
0.1000
0.1000
0.1000
0.1000
0.1000
0.1000
0.1000
0.1000
0.1000
0.1000
0.1000
0.1000
0.1000
0.1000
0.1000
0.1000
0.1000
0.1000
0.1000
0.1000
0.1000
0.1000
0.1000
0.1000
0.1000
0.1000
0.1000
0.1000
0.1000
0.1000
0.1000
0.1000
0.1000
0.1000
0.1000
0.1000
0.1000
0.1000
0.1000
0.1000
0.1000
0.1000
0.1000
0.1000
0.1000
0.1000
0.1000
0.1000
0.1000
0.1000
0.1000
0.1000
0.1000
0.1000
0.1000
0.1000
0.1000
0.1000
0.1000
0.1000
0.1000
0.1000
0.1000
0.1000
0.1000
0.1000
0.1000
0.1000
0.1000
0.1000
0.1000
0.1000
0.1000
0.1000
0.1000
0.1000
0.1000
0.1000
0.1000
0.1000
0.1000
0.1000
0.1000
0.1000
0.1000
0.1000
0.1000
0.1000
0.1000
0.1000
0.1000
0.1000
0.1000
0.1000
0.1000
0.1000
0.1000
0.1000
0.1000
0.1000
0.1000
0.1000
0.1000
0.1000
0.1000
0.1000
0.1000
0.1000
0.1000
0.1000
0.1000
0.1000
0.1000
0.1000
0.1000
0.1000
0.1000
0.1000
0.1000
0.1000
0.1000
0.1000
0.1000
0.1000
0.1000
0.1000
0.1000
0.1000
0.1000
0.1000
0.1000
0.1000
0.1000
0.1000
0.1000
0.1000
0.1000
0.1000
0.1000
0.1000
0.1000
0.1000
0.1000
0.1000
0.1000
0.1000
0.1000
0.1000
0.1000
0.1000
0.1000
0.1000
0.1000
0.1000
0.1000
0.1000
0.1000
0.1000
0.1000
0.1000
0.1000
0.1000
0.1000
0.1000
0.1169
0.3654
0.4470
0.3568
0.1000
0.1000
0.1000
0.1000
0.1000
0.1000
0.1000
0.1000
0.1000
0.1000
0.1000
0.1000
0.1000
0.1000
0.1000
0.1000
0.1000
0.1000
0.1000
0.1000
0.1000
0.1000
0.1000
0.1000
0.1000
0.1000
0.1000
0.1000
0.1000
0.1000
0.1000
0.1000
0.1000
0.1000
0.1000
0.1000
0.1000
0.1000
0.1000
0.1000
0.1000
0.1000
0.1000
0.1000
0.1000
0.4270
0.8651
1.1383
1.2284
1.1287
0.8466
0.4007
0.1000
0.1000
0.1000
0.1000
0.1000
0.1000
0.1000
0.1000
0.1000
0.1000
0.1000
0.1000
0.1000
0.1000
0.1000
0.1000
0.1000
0.1000
0.1000
0.1000
0.1000
0.1000
0.1000
0.1000
0.1000
0.1000
0.1000
0.1000
0.1000
0.1000
0.1000
0.1000
0.1000
0.1000
0.1000
0.1000
0.1000
0.1000
0.1000
0.1000
0.1000
0.1000
0.3982
1.0182
1.4924
1.7906
1.8893
1.7801
1.4723
0.9900
0.9937
0.8598
0.5352
0.1000
0.1000
0.1000
0.1000
0.1000
0.1000
0.1000
0.1000
0.1000
0.1000
0.1000
0.1000
0.1000
0.1000
0.1000
0.1000
0.1000
0.1000
0.1000
0.1000
0.1000
0.1000
0.1000
0.1000
0.1000
0.1000
0.1000
0.1000
0.1000
0.1000
0.1000
0.1000
0.1000
0.1000
0.1000
0.1000
0.1000
0.1000
0.1000
0.8045
1.4594
1.9648
2.2850
2.3916
2.2737
2.2426
2.5334
2.6047
2.4527
2.0856
1.5220
0.7864
0.1000
0.1000
0.1000
0.1000
0.1000
0.1000
0.1000
0.1000
0.1000
0.1000
0.1000
0.1000
0.1000
0.1000
0.1000
0.1000
0.1000
0.1000
0.1000
0.1000
0.1000
0.1000
0.1000
0.1000
0.1000
0.1000
0.1000
0.1000
0.1000
0.1000
0.1000
0.1000
0.1000
0.1000
0.1000
0.1000
0.2518
1.0443
1.7219
2.2479
2.5831
2.6949
3.2303
3.7949
4.1300
4.2126
4.0368
3.6151
2.9752
2.1513
1.1781
0.1000
0.1000
0.1000
0.1000
0.1000
0.1000
0.1000
0.1000
0.1000
0.1000
0.1000
0.1000
0.1000
0.1000
0.1000
0.1000
0.1000
0.1000
0.1000
0.1000
0.1000
0.1000
0.1000
0.1000
0.1000
0.1000
0.1000
0.1000
0.1000
0.1000
0.1000
0.1000
0.1000
0.1000
0.1000
0.3039
1.1018
1.7850
2.3163
2.7722
3.8023
4.6684
5.3229
5.7174
5.8155
5.6072
5.1132
4.3762
3.4455
2.3663
1.1752
0.1000
0.1000
0.1000
0.1000
0.1000
0.1000
0.1000
0.1000
0.1000
0.1000
0.1000
0.1000
0.1000
0.1000
0.1000
0.1000
0.1000
0.1000
0.1000
0.1000
0.1000
0.1000
0.1000
0.1000
0.1000
0.1000
0.1000
0.1000
0.1000
0.1000
0.1000
0.1000
0.1000
0.1000
0.1871
0.9729
1.6435
2.6246
3.8897
5.0433
6.0385
6.8118
7.2896
7.4100
7.1551
6.5617
5.6997
4.6406
3.4420
2.1451
0.1000
0.1000
0.1000
0.1000
0.1000
0.1000
0.1000
0.1000
0.1000
0.1000
0.1000
0.1000
0.1000
0.1000
0.1000
0.1000
0.1000
0.1000
0.1000
0.1000
0.1000
0.1000
0.1000
0.1000
0.1000
0.1000
0.1000
0.1000
0.1000
0.1000
0.1000
0.1000
0.1000
0.1000
0.1000
0.6666
2.0425
3.4810
4.8602
6.1499
7.3006
8.2327
8.8331
8.9884
8.6617
7.9266
6.9038
5.6953
4.3687
2.9652
0.1000
0.1000
0.1000
0.1000
0.1000
0.1000
0.1000
0.1000
0.1000
0.1000
0.1000
0.1000
0.1000
0.1000
0.1000
0.1000
0.1000
0.1000
0.1000
0.1000
0.1000
0.1000
0.1000
0.1000
0.1000
0.1000
0.1000
0.1000
0.1000
0.1000
0.1000
0.1000
0.1000
0.1000
0.1000
1.0832
2.6280
4.1491
5.6340
7.0602
8.3853
9.5244
10.3148
10.5306
10.0828
9.1411
7.9207
6.5520
5.1010
3.6011
0.1000
0.1000
0.1000
0.1000
0.1000
0.1000
0.1000
0.1000
0.1000
0.1000
0.1000
0.1000
0.1000
0.1000
0.1000
0.1000
0.1000
0.1000
0.1000
0.1000
0.1000
0.1000
0.1000
0.1000
0.1000
0.1000
0.1000
0.1000
0.1000
0.1000
0.1000
0.1000
0.1000
0.1000
0.1000
1.4187
3.0094
4.5900
6.1548
7.6925
9.1786
10.5512
11.6297
11.9638
11.2944
10.0739
8.6484
7.1393
5.5900
4.0185
0.1000
0.1000
0.1000
0.1000
0.1838
0.3062
0.3683
0.3692
0.3089
0.1881
0.1000
0.1000
0.1000
0.1000
0.1000
0.1000
0.1000
0.1000
0.1000
0.1000
0.1000
0.1000
0.1000
0.1000
0.1000
0.1000
0.1000
0.1000
0.1000
0.1000
0.1000
0.1000
0.1000
0.1000
0.1000
1.5555
3.1657
4.7722
6.3728
7.9631
9.5328
11.0516
12.3945
12.9002
11.9478
10.5108
8.9673
7.3883
5.7935
4.1903
0.1000
0.3368
0.6470
0.9005
1.0940
1.2249
1.2913
1.2923
1.2277
1.0987
0.9069
0.6551
0.3465
0.1000
0.1000
0.1000
0.1000
0.1000
0.1000
0.1000
0.1000
0.1000
0.1000
0.1000
0.1000
0.1000
0.1000
0.1000
0.1000
0.1000
0.1000
0.1000
0.1000
0.1000
0.1000
1.4870
3.0874
4.6808
6.2632
7.8266
9.3527
10.7928
11.9809
12.3750
11.6018
10.2867
8.8058
7.2629
5.6913
4.1042
0.8062
1.1923
1.5232
1.7943
2.0017
2.1423
2.2138
2.2148
2.1454
2.0067
1.8011
1.5318
1.2026
0.8180
0.3824
0.1000
0.1000
0.1000
0.1000
0.1000
0.1000
0.1000
0.1000
0.1000
0.1000
0.1000
0.1000
0.1000
0.1000
0.1000
0.1000
0.1000
0.1000
0.1000
0.1000
1.2166
2.7793
4.3235
5.8388
7.3067
8.6897
9.9069
10.7822
11.0287
10.5213
9.4931
8.2018
6.7818
5.2937
3.7664
1.6257
2.0375
2.3916
2.6828
2.9063
3.0582
3.1354
3.1365
3.0614
2.9117
2.6902
2.4009
2.0485
1.6383
1.1757
0.6659
0.1141
0.1000
0.1000
0.1000
0.1000
0.1000
0.1000
0.1000
0.1000
0.1000
0.1000
0.1000
0.1000
0.1000
0.1000
0.1000
0.1000
0.1000
0.1000
0.7563
2.2591
3.7270
5.1432
6.4795
7.6872
8.6830
9.3376
9.5092
9.1494
8.3537
7.2686
6.0068
4.6373
3.1998
2.4296
2.8701
3.2506
3.5649
3.8071
3.9720
4.0561
4.0573
3.9756
3.8129
3.5729
3.2606
2.8818
2.4430
1.9504
1.4102
0.8280
0.2091
0.1000
0.1000
0.1000
0.1000
0.1000
0.1000
0.1000
0.1000
0.1000
0.1000
0.1000
0.1000
0.1000
0.1000
0.1000
0.1000
0.1000
0.1246
1.5527
2.9291
4.2324
5.4305
6.4747
7.2960
7.8092
7.9395
7.6642
7.0292
6.1178
5.0110
3.7702
2.4373
3.2143
3.6871
4.0978
4.4388
4.7028
4.8833
4.9755
4.9768
4.8872
4.7092
4.4475
4.1086
3.6997
3.2287
2.7029
2.1295
1.5147
0.8643
0.1832
0.1000
0.1000
0.1000
0.1000
0.1000
0.1000
0.1000
0.1000
0.1000
0.1000
0.1000
0.1000
0.1000
0.1000
0.1000
0.1000
0.1000
0.6891
1.9687
3.1591
4.2287
5.1350
5.8255
6.2446
6.3492
6.1273
5.6037
4.8285
3.8574
2.7397
1.5138
3.9756
4.4846
4.9300
5.3022
5.5920
5.7912
5.8932
5.8947
5.7955
5.5990
5.3117
4.9417
4.4983
3.9910
3.4286
2.8191
2.1697
1.4862
0.7739
0.1000
0.1000
0.1000
0.1000
0.1000
0.1000
0.1000
0.1000
0.1000
0.1000
0.1000
0.1000
0.1000
0.1000
0.1000
0.1000
0.1000
0.1000
0.8807
1.9657
2.9225
3.7164
4.3084
4.6613
4.7486
4.5631
4.1196
3.4499
2.5925
1.5855
0.4615
4.7080
5.2577
5.7428
6.1516
6.4725
6.6944
6.8086
6.8103
6.6993
6.4803
6.1621
5.7556
5.2726
4.7245
4.1218
3.4736
2.7874
2.0696
1.3254
0.5591
0.1000
0.1000
0.1000
0.1000
0.1000
0.1000
0.1000
0.1000
0.1000
0.1000
0.1000
0.1000
0.1000
0.1000
0.1000
0.1000
0.4884
0.9148
1.1878
1.5439
2.2467
2.7631
3.0673
3.1421
2.9829
2.5992
2.0120
1.2487
0.3383
0.1000
5.4042
5.9995
6.5302
6.9825
7.3411
7.5913
7.7209
7.7227
7.5968
7.3499
6.9941
6.5444
6.0157
5.4221
4.7756
4.0861
3.3617
2.6088
1.8327
1.0372
0.3231
0.1000
0.1000
0.1000
0.1000
0.1000
0.1000
0.1000
0.1000
0.1000
0.1000
0.1000
0.1000
0.1000
0.2261
0.9709
1.5975
2.0796
2.3916
2.5135
2.4368
2.1668
1.7215
1.5320
1.3926
1.0548
0.5333
0.1000
0.1000
0.1000
6.0554
6.7009
7.2839
7.7876
8.1927
8.4788
8.6283
8.6305
8.4851
8.2026
7.8007
7.2995
6.7186
6.0746
5.3811
4.6487
3.8854
3.0976
2.2900
1.4664
0.8061
0.2683
0.1000
0.1000
0.1000
0.1000
0.1000
0.1000
0.1000
0.1000
0.1000
0.1000
0.1000
0.2182
1.1314
1.9544
2.6589
3.2106
3.5730
3.7160
3.6259
3.3114
2.7999
2.1272
1.3285
0.4338
0.1000
0.1000
0.1000
0.1000
6.6501
7.3500
7.9918
8.5563
9.0191
9.3521
9.5283
9.5309
9.3594
9.0306
8.5711
8.0092
7.3693
6.6708
5.9283
5.1523
4.3507
3.5290
2.6916
1.8416
1.2487
0.6908
0.1024
0.1000
0.1000
0.1000
0.1000
0.1000
0.1000
0.1000
0.1000
0.1000
0.1000
0.9539
1.9450
2.8547
3.6507
4.2893
4.7186
4.8905
4.7820
4.4079
3.8124
3.0482
2.1612
1.1865
0.1485
0.1000
0.1000
0.1000
7.1742
7.9307
8.6370
9.2723
9.8069
10.2020
10.4159
10.4190
10.2109
9.8204
9.2892
8.6563
7.9517
7.1965
6.4049
5.5868
4.7489
3.8961
3.0315
2.1885
1.6458
1.0687
0.4619
0.1000
0.1000
0.1000
0.1000
0.1000
0.1000
0.1000
0.1000
0.1000
0.4562
1.5703
2.6384
3.6389
4.5381
5.2835
5.8021
6.0150
5.8802
5.4251
4.7244
3.8551
2.8742
1.8193
0.7143
0.1000
0.1000
0.1000
7.6115
8.4232
9.1961
9.9101
10.5321
11.0111
11.2802
11.2842
11.0221
10.5481
9.9294
9.2175
8.4460
7.6352
6.7977
5.9415
5.0717
4.1917
3.3041
2.5539
1.9925
1.3974
0.7738
0.1258
0.1000
0.1000
0.1000
0.1000
0.1000
0.1000
0.1000
0.1000
0.8728
2.0414
3.1775
4.2634
5.2681
6.1355
6.7695
7.0409
6.8682
6.3055
5.4813
4.5019
3.4311
2.3046
1.1423
0.1000
0.1000
0.1000
7.9442
8.8041
9.6386
10.4316
11.1525
11.7416
12.0949
12.1003
11.7556
11.1716
10.4535
9.6620
8.8284
7.9691
7.0932
6.2060
5.3108
4.4097
3.5043
2.8617
2.2835
1.6725
1.0340
0.3722
0.1000
0.1000
0.1000
0.1000
0.1000
0.1000
0.1000
0.1000
1.1360
2.3420
3.5267
4.6769
5.7680
6.7481
7.5078
7.8528
7.6314
6.9470
6.0046
4.9330
3.7934
2.6152
1.4133
0.1959
0.1000
0.1000
8.1555
9.0493
9.9295
10.7861
11.5972
12.3088
12.7825
12.7902
12.3266
11.6193
10.8101
9.9545
9.0748
8.1813
7.2792
6.3713
5.4595
4.5449
3.6605
3.1064
2.5141
1.8899
1.2391
0.5661
0.1000
0.1000
0.1000
0.1000
0.1000
0.1000
0.1000
0.1000
1.2327
2.4531
3.6569
4.8334
5.9616
6.9949
7.8228
8.2141
7.9615
7.2085
6.2088
5.0968
3.9289
2.7302
1.5129
0.2837
0.1000
0.1000
8.2329
9.1399
10.0384
10.9218
11.7747
12.5540
13.1162
13.1259
12.5743
11.7984
10.9468
10.0640
9.1658
8.2590
7.3469
6.4314
5.5134
4.5937
3.8481
3.2829
2.6800
2.0460
1.3861
0.7047
0.1000
0.1000
0.1000
0.1000
0.1000
0.1000
0.1000
0.1000
1.1578
2.3670
3.5559
4.7120
5.8111
6.8026
7.5762
7.9302
7.7028
7.0045
6.0501
4.9697
3.8239
2.6411
1.4357
0.2157
0.1000
0.1000
8.1715
9.0680
9.9519
10.8138
11.6330
12.3571
12.8457
12.8537
12.3754
11.6555
10.8380
9.9770
9.0935
8.1973
7.2931
6.3837
5.4707
4.5550
3.9594
3.3873
2.7780
2.1380
1.4726
0.7862
0.1000
0.1000
0.1000
0.1000
0.1000
0.1000
0.1000
0.1000
0.9153
2.0898
3.2334
4.3291
5.3464
6.2296
6.8799
7.1602
6.9817
6.4034
5.5630
4.5702
3.4890
2.3545
1.1860
0.1000
0.1000
0.1000
7.9751
8.8398
9.6806
10.4822
11.2145
11.8178
12.1833
12.1889
11.8323
11.2340
10.5043
9.7042
8.8643
8.0001
7.1205
6.2303
5.3327
4.5202
3.9911
3.4170
2.8059
2.1642
1.4973
0.8094
0.1041
0.1000
0.1000
0.1000
0.1000
0.1000
0.1000
0.1000
0.5174
1.6391
2.7166
3.7286
4.6414
5.4018
5.9337
6.1530
6.0141
5.5468
4.8312
3.9477
2.9548
1.8901
0.7770
0.1000
0.1000
0.1000
7.6556
8.4734
9.2538
9.9771
10.6102
11.1006
11.3777
11.3818
11.1119
10.6266
9.9967
9.2755
8.4964
7.6795
6.8371
5.9768
5.1037
4.4685
3.9426
3.3715
2.7632
2.1241
1.4596
0.7740
0.1000
0.1000
0.1000
0.1000
0.1000
0.1000
0.1000
0.1000
0.1000
1.0398
2.0409
2.9621
3.7707
4.4219
4.8612
5.0375
4.9262
4.5431
3.9354
3.1584
2.2597
1.2745
0.2277
0.1000
0.1000
0.1000
7.2295
7.9925
8.7065
9.3506
9.8945
10.2981
10.5172
10.5204
10.3071
9.9082
9.3677
8.7261
8.0138
7.2519
6.4548
5.6321
4.7961
4.3329
3.8151
3.2518
2.6508
2.0186
1.3603
0.6804
0.1000
0.1000
0.1000
0.1000
0.1000
0.1000
0.1000
0.1000
0.1000
0.3179
1.2410
2.0746
2.7900
3.3518
3.7217
3.8679
3.7758
3.4546
2.9334
2.2499
1.4404
0.5357
0.1000
0.1000
0.1000
0.1000
6.7145
7.4209
8.0699
8.6421
9.1125
9.4517
9.6317
9.6342
9.4592
9.1242
8.6572
8.0875
7.4404
6.7354
5.9872
5.2062
4.5680
4.1173
3.6119
3.0607
2.4711
1.8494
1.2010
0.5300
0.1000
0.1000
0.1000
0.1000
0.1000
0.1000
0.1000
0.1000
0.1000
0.1000
0.3460
1.1002
1.7361
2.2262
2.5439
2.6682
2.5900
2.3150
1.8620
1.2570
0.5276
0.1000
0.1000
0.1000
0.1000
0.1000
6.1272
6.7789
7.3683
7.8785
8.2896
8.5806
8.7327
8.7349
8.5869
8.2997
7.8918
7.3841
6.7967
6.1466
5.4476
4.7101
4.2627
3.8277
3.3382
2.8024
2.2275
1.6196
0.9840
0.3250
0.1000
0.1000
0.1000
0.1000
0.1000
0.1000
0.1000
0.1000
0.1000
0.1000
0.1000
0.1000
0.6321
1.0650
1.3425
1.4503
1.3825
1.1428
0.7439
0.2042
0.1000
0.1000
0.1000
0.1000
0.1000
0.1000
5.4820
6.0828
6.6192
7.0770
7.4405
7.6944
7.8260
7.8279
7.6999
7.4494
7.0888
6.6335
6.0992
5.5000
4.8482
4.2431
3.8883
3.4712
2.9999
2.4820
1.9244
1.3329
0.7127
0.1000
0.1000
0.1000
0.1000
0.1000
0.1000
0.1000
0.1000
0.1000
0.1000
0.1000
0.1000
0.1000
0.1000
0.1000
0.1256
0.2207
0.1609
0.1000
0.1000
0.1000
0.1000
0.1000
0.1000
0.1000
0.1000
0.1000
4.7904
5.3452
5.8352
6.2487
6.5736
6.7984
6.9142
6.9159
6.8033
6.5815
6.2593
5.8482
5.3602
4.8071
4.1995
3.7905
3.4533
3.0552
2.6036
2.1053
1.5668
0.9936
0.3906
0.1000
0.1000
0.1000
0.1000
0.1000
0.1000
0.1000
0.1000
0.1000
0.1000
0.1000
0.1000
0.1000
0.1000
0.1000
0.1000
0.1000
0.1000
0.1000
0.1000
0.1000
0.1000
0.1000
0.1000
0.1000
0.1000
0.1000
4.0618
4.5753
5.0249
5.4011
5.6942
5.8958
5.9991
6.0006
5.9001
5.7013
5.4107
5.0368
4.5892
4.0774
3.5396
3.2855
2.9659
2.5873
2.1559
1.6781
1.1597
0.6060
0.1000
0.1000
0.1000
0.1000
0.1000
0.1000
0.1000
0.1000
0.1000
0.1000
0.1000
0.1000
0.1000
0.1000
0.1000
0.1000
0.1000
0.1000
0.1000
0.1000
0.1000
0.1000
0.1000
0.1000
0.1000
0.1000
0.1000
0.1000
3.3036
3.7803
4.1948
4.5392
4.8059
4.9884
5.0816
5.0829
4.9923
4.8123
4.5479
4.2057
3.7931
3.3180
2.9755
2.7360
2.4337
2.0743
1.6632
1.2061
0.7083
0.1747
0.1000
0.1000
0.1000
0.1000
0.1000
0.1000
0.1000
0.1000
0.1000
0.1000
0.1000
0.1000
0.1000
0.1000
0.1000
0.1000
0.1000
0.1000
0.1000
0.1000
0.1000
0.1000
0.1000
0.1000
0.1000
0.1000
0.1000
0.1000
2.5213
2.9653
3.3492
3.6663
3.9108
4.0774
4.1624
4.1636
4.0810
3.9167
3.6744
3.3592
2.9772
2.5366
2.3749
2.1491
1.8634
1.5225
1.1312
0.6946
0.2174
0.1000
0.1000
0.1000
0.1000
0.1000
0.1000
0.1000
0.1000
0.1000
0.1000
0.1000
0.1000
0.1000
0.1000
0.1000
0.1000
0.1000
0.1000
0.1000
0.1000
0.1000
0.1000
0.1000
0.1000
0.1000
0.1000
0.1000
0.1000
0.1000
1.7195
2.1344
2.4914
2.7851
3.0106
3.1639
3.2418
3.2429
3.1672
3.0160
2.7925
2.5007
2.1455
1.8959
1.7437
1.5308
1.2608
0.9375
0.5652
0.1484
0.1000
0.1000
0.1000
0.1000
0.1000
0.1000
0.1000
0.1000
0.1000
0.1000
0.1000
0.1000
0.1000
0.1000
0.1000
0.1000
0.1000
0.1000
0.1000
0.1000
0.1000
0.1000
0.1000
0.1000
0.1000
0.1000
0.1000
0.1000
0.1000
0.1000
0.1000
0.1000
0.1000
0.1000
0.1000
0.1000
0.1000
0.1000
0.1000
0.1000
0.1000
0.1000
0.1000
0.1000
0.1000
0.1000
0.1000
0.1000
0.1000
0.1000
0.1000
0.1000
0.1000
0.1000
0.1000
0.1000
0.1000
0.1000
0.1000
0.1000
0.1000
0.1000
0.1000
0.1000
0.1000
0.1000
0.1000
0.1000
0.1000
0.1000
0.1000
0.1000
0.1000
0.1000
0.1000
0.1000
0.1000
0.1000
0.1000
0.1000
0.1000
0.1000
0.1000
0.1000
0.1000
0.1000
0.1000
0.1000
0.1000
0.1000
0.1000
0.1000
0.1000
0.1000
0.1000
0.1000
0.1000
0.1000
0.1000
0.1000
0.1000
0.1000
0.1000
0.1000
0.1000
0.1000
0.1000
0.1000
0.1000
0.1000
0.1000
0.1000
0.1000
0.1000
0.1000
0.1000
0.1000
0.1000
0.1000
0.1000
0.1000
0.1000
0.1000
0.1000
0.1000
0.1000
0.1000
0.1000
0.1000
0.1000
0.1000
0.1000
0.1000
0.1000
0.1000
0.1000
0.1000
0.1000
0.1000
0.1000
0.1000
0.1000
0.1000
0.1000
0.1000
0.1000
0.1000
0.1000
0.1000
0.1000
0.1000
0.1000
0.1000
0.1000
0.1000
0.1000
0.1000
0.1000
0.1000
0.1000
0.1000
0.1000
0.1000
0.1000
0.1000
0.1000
0.1000
0.1000
0.1000
0.1000
0.1000
0.1000
0.1000
0.1000
0.1000
0.1000
0.1000
0.1000
0.1000
0.1000
0.1000
0.1000
0.1000
0.1000
0.1000
0.1000
0.1000
0.1000
0.1000
0.1000
0.1000
0.1000
0.1000
0.1000
0.1000
0.1000
0.1000
0.1000
0.1000
0.1000
0.1000
0.1000
0.1000
0.1000
0.1000
0.1000
0.1000
0.1000
0.1000
0.1000
0.1000
0.1000
0.1000
0.1000
0.1000
0.1000
0.1000
0.1000
0.1000
0.1000
0.1000
0.1000
0.1000
0.1000
0.1000
0.1000
0.1000
0.1000
0.1000
0.1000
0.1000
0.1000
0.1000
0.1000
0.1000
0.1000
0.1000
0.1000
0.1000
0.1000
0.1000
0.1000
0.1000
0.1000
0.1000
0.1000
0.1000
0.1000
0.1000
0.1000
0.1000
0.1000
0.1000
0.1000
0.1000
0.1000
0.1000
0.1000
0.1000
0.1000
0.1000
0.1000
0.1000
0.1000
0.1000
0.1000
0.1000
0.1000
0.1000
0.1000
0.1000
0.1000
0.1000
0.1000
0.1000
0.1000
0.1000
0.1000
0.1000
0.1000
0.1000
0.1000
0.1000
0.1000
0.1000
0.1000
0.1000
0.1000
0.1000
0.1000
0.1000
0.1000
0.1000
0.1000
0.1000
0.1000
0.1000
0.1000
0.1000
0.1000
0.1000
0.1000
0.1000
0.1000
0.1000
0.1000
0.1000
0.1000
0.1000
0.1000
0.1000
0.1000
0.1000
0.1000
0.1000
0.1000
0.1000
0.1000
0.1000
0.1000
0.1000
0.1000
0.1000
0.1000
0.1000
0.1000
0.1000
0.1000
0.1000
0.1000
0.1000
0.1000
0.1000
0.1000
0.1000
0.1000
0.1000
0.1000
0.1000
0.1000
0.1000
0.1000
0.1000
0.1000
0.1000
0.1000
0.1000
0.1000
0.1000
0.1000
0.1000
0.1000
0.1000
0.1000
0.1000
0.1000
0.1000
0.1000
0.1000
0.1000
0.1000
0.1000
0.1000
0.1000
0.1000
0.1000
0.1000
0.1000
0.1000
0.1000
0.1000
0.1000
0.1000
0.1000
0.1000
0.1000
0.1000
0.1000
0.1000
0.1000
0.1000
0.1000
0.1000
0.1000
0.1000
0.1000
0.1000
0.1000
0.1000
0.1000
0.1000
0.1000
0.1000
0.1000
0.1000
0.1000
0.1000
0.1000
0.1000
0.1000
0.1000
0.1000
0.1000
0.1000
0.1000
0.1000
0.1000
0.1000
0.1000
0.1000
0.1000
0.1000
0.1000
0.1000
0.1000
0.1000
0.1000
0.1000
0.1000
0.1000
0.1000
0.1000
0.1000
0.1000
0.1000
0.1000
0.1000
0.1000
0.1000
0.1000
0.1000
0.1000
0.1000
0.1000
0.1000
0.1000
0.1000
0.1000
0.1000
0.1000
0.1000
0.1000
0.1000
0.1000
0.1000
0.1000
0.1000
0.1000
0.1000
0.1000
0.1000
0.1000
0.1000
0.1000
0.1000
0.1000
0.1000
0.1000
0.1000
0.1000
0.1000
0.1000
0.1000
0.1000
0.1000
0.1000
0.1000
0.1000
0.1000
0.1000
0.1000
0.1000
0.1000
0.1000
0.1000
0.1000
0.1000
0.1000
0.1000
0.1000
0.1000
0.1000
0.1000
0.1000
0.1000
0.1000
0.1000
0.1000
0.1000
0.1000
0.1000
0.1000
0.1000
0.1000
0.1000
0.1000
0.1000
0.1000
0.1000
0.1000
0.1000
0.1000
0.1000
0.1000
0.1000
0.1000
0.1000
0.1000
0.1000
0.1000
0.1000
0.1000
0.1000
0.1000
0.1000
0.1000
0.1000
0.1000
0.1000
0.1000
0.1000
0.1000
0.1000
0.1000
0.1000
0.1000
0.1000
0.1000
0.1000
0.1000
0.1000
0.1000
0.1000
0.1000
0.1000
0.1000
0.1000
0.1000
0.1000
0.1000
0.1000
0.1000
0.1000
0.1000
0.1000
0.1000
0.1000
0.1000
0.1000
0.1000
0.1000
0.1000
0.1000
0.1000
0.1000
0.1000
0.1000
0.1000
0.1000
0.1000
0.1000
0.1000
0.1000
0.1000
0.1000
0.1000
0.1000
0.1000
0.1000
0.1000
0.1000
0.1000
0.1000
0.1000
0.1000
0.1000
0.1000
0.1000
0.1000
0.1000
0.1000
0.1000
0.1000
0.1000
0.1000
0.1000
0.1000
0.1000
0.1000
0.1000
0.1000
0.1000
0.1000
0.1000
0.1000
0.1000
0.1000
0.1000
0.1000
0.1000
0.1000
0.1000
0.1000
0.1000
0.1000
0.1000
0.1000
0.1000
0.1000
0.1000
0.1000
0.1000
0.1000
0.1000
0.1000
0.1000
0.1000
0.1000
0.1000
0.1000
0.1000
0.1000
0.1000
0.1000
0.1000
0.1000
0.1000
0.1000
0.1000
0.1000
0.1000
0.1000
0.1000
0.1000
0.1000
0.1000
0.1000
0.1000
0.1000
0.1000
0.1000
0.1000
0.1000
0.1000
0.1000
0.1000
0.1000
0.1000
0.1000
0.1000
0.1000
0.1000
0.1000
0.1000
0.1000
0.1000
0.1000
0.1000
0.1000
0.1000
0.1000
0.1000
0.1000
0.1000
0.1000
0.1000
0.1000
0.1000
0.1000
0.1000
0.1000
0.1000
0.1000
0.1000
0.1000
0.1000
0.1000
0.1000
0.1000
0.1000
0.1000
0.1000
0.1000
0.1000
0.1000
0.1000
0.1000
0.1000
0.1000
0.1000
0.1000
0.1000
0.1000
0.1000
0.1000
0.1000
0.1000
0.1000
0.1000
0.1000
0.1000
0.1000
0.1000
0.1000
0.1000
0.1000
0.1000
0.1000
0.1000
0.1000
0.1000
0.1000
0.1000
0.1000
0.1000
0.1000
0.1000
0.4039
0.6613
0.7460
0.6523
0.3864
0.1000
0.1000
0.1000
0.1000
0.1000
0.1000
0.1000
0.1000
0.1000
0.1000
0.1000
0.1000
0.1000
0.1000
0.1000
0.1000
0.1000
0.1000
0.1000
0.1000
0.1000
0.1000
0.1000
0.1000
0.1000
0.1000
0.1000
0.1000
0.1000
0.1000
0.1000
0.1000
0.1000
0.1000
0.1000
0.1000
0.1000
0.1000
0.1000
0.1000
0.1000
0.1000
0.1000
0.1000
0.5483
0.9934
1.2713
1.3630
1.2616
0.9746
0.8246
0.8869
0.7541
0.4319
0.1000
0.1000
0.1000
0.1000
0.1000
0.1000
0.1000
0.1000
0.1000
0.1000
0.1000
0.1000
0.1000
0.1000
0.1000
0.1000
0.1000
0.1000
0.1000
0.1000
0.1000
0.1000
0.1000
0.1000
0.1000
0.1000
0.1000
0.1000
0.1000
0.1000
0.1000
0.1000
0.1000
0.1000
0.1000
0.1000
0.1000
0.1000
0.1000
0.3466
0.9625
1.4330
1.7286
1.8265
1.7182
2.1248
2.4127
2.4833
2.3329
1.9694
1.4108
0.6812
0.1000
0.1000
0.1000
0.1000
0.1000
0.1000
0.1000
0.1000
0.1000
0.1000
0.1000
0.1000
0.1000
0.1000
0.1000
0.1000
0.1000
0.1000
0.1000
0.1000
0.1000
0.1000
0.1000
0.1000
0.1000
0.1000
0.1000
0.1000
0.1000
0.1000
0.1000
0.1000
0.1000
0.1000
0.1000
0.1000
0.1000
0.5729
1.2074
1.6945
2.0017
2.3490
3.1021
3.6599
3.9906
4.0721
3.8987
3.4824
2.8499
2.0344
1.0698
0.1000
0.1000
0.1000
0.1000
0.1000
0.1000
0.1000
0.1000
0.1000
0.1000
0.1000
0.1000
0.1000
0.1000
0.1000
0.1000
0.1000
0.1000
0.1000
0.1000
0.1000
0.1000
0.1000
0.1000
0.1000
0.1000
0.1000
0.1000
0.1000
0.1000
0.1000
0.1000
0.1000
0.1000
0.1000
0.1000
0.6270
1.2662
1.7574
2.6491
3.6672
4.5213
5.1654
5.5528
5.6490
5.4446
4.9592
4.2335
3.3148
2.2473
1.0669
0.1000
0.1000
0.1000
0.1000
0.1000
0.1000
0.1000
0.1000
0.1000
0.1000
0.1000
0.1000
0.1000
0.1000
0.1000
0.1000
0.1000
0.1000
0.1000
0.1000
0.1000
0.1000
0.1000
0.1000
0.1000
0.1000
0.1000
0.1000
0.1000
0.1000
0.1000
0.1000
0.1000
0.1000
0.1000
0.5056
1.1712
2.5030
3.7536
4.8904
5.8675
6.6236
7.0889
7.2060
6.9581
6.3795
5.5354
4.4940
3.3114
2.0283
0.1000
0.1000
0.1000
0.1000
0.1000
0.1000
0.1000
0.1000
0.1000
0.1000
0.1000
0.1000
0.1000
0.1000
0.1000
0.1000
0.1000
0.1000
0.1000
0.1000
0.1000
0.1000
0.1000
0.1000
0.1000
0.1000
0.1000
0.1000
0.1000
0.1000
0.1000
0.1000
0.1000
0.1000
0.1000
0.4598
1.9266
3.3499
4.7102
5.9767
7.0997
8.0019
8.5781
8.7263
8.4141
7.7065
6.7134
5.5311
4.2260
2.8400
0.1000
0.1000
0.1000
0.1000
0.1000
0.1000
0.1000
0.1000
0.1000
0.1000
0.1000
0.1000
0.1000
0.1000
0.1000
0.1000
0.1000
0.1000
0.1000
0.1000
0.1000
0.1000
0.1000
0.1000
0.1000
0.1000
0.1000
0.1000
0.1000
0.1000
0.1000
0.1000
0.1000
0.1000
0.1000
0.9756
2.5064
4.0095
5.4709
6.8657
8.1488
9.2345
9.9717
10.1696
9.7571
8.8717
7.7009
6.3700
4.9472
3.4686
0.1000
0.1000
0.1000
0.1000
0.1000
0.1000
0.1000
0.1000
0.1000
0.1000
0.1000
0.1000
0.1000
0.1000
0.1000
0.1000
0.1000
0.1000
0.1000
0.1000
0.1000
0.1000
0.1000
0.1000
0.1000
0.1000
0.1000
0.1000
0.1000
0.1000
0.1000
0.1000
0.1000
0.1000
0.1000
1.3084
2.8837
4.4442
5.9815
7.4800
8.9072
10.1884
11.1406
11.4175
10.8525
9.7489
8.4014
6.9428
5.4277
3.8807
0.1000
0.1000
0.1000
0.1000
0.2148
0.3375
0.3997
0.4005
0.3401
0.2191
0.1000
0.1000
0.1000
0.1000
0.1000
0.1000
0.1000
0.1000
0.1000
0.1000
0.1000
0.1000
0.1000
0.1000
0.1000
0.1000
0.1000
0.1000
0.1000
0.1000
0.1000
0.1000
0.1000
0.1000
0.1000
1.4440
3.0382
4.6236
6.1948
7.7419
9.2424
10.6389
11.7542
12.1071
11.4045
10.1515
8.7062
7.1849
5.6274
4.0502
0.1000
0.3681
0.6790
0.9331
1.1271
1.2583
1.3249
1.3259
1.2612
1.1318
0.9395
0.6871
0.3778
0.1000
0.1000
0.1000
0.1000
0.1000
0.1000
0.1000
0.1000
0.1000
0.1000
0.1000
0.1000
0.1000
0.1000
0.1000
0.1000
0.1000
0.1000
0.1000
0.1000
0.1000
0.1000
1.3761
2.9608
4.5336
6.0876
7.6098
9.0724
10.4074
11.4314
11.7395
11.1169
9.9458
8.5520
7.0630
5.5271
3.9652
0.8385
1.2257
1.5573
1.8292
2.0372
2.1783
2.2499
2.2509
2.1813
2.0422
1.8361
1.5660
1.2360
0.8504
0.4138
0.1000
0.1000
0.1000
0.1000
0.1000
0.1000
0.1000
0.1000
0.1000
0.1000
0.1000
0.1000
0.1000
0.1000
0.1000
0.1000
0.1000
0.1000
0.1000
0.1000
1.1080
2.6561
4.1814
5.6718
7.1056
8.4409
9.5934
10.3978
10.6185
10.1611
9.2050
7.9722
6.5944
5.1367
3.6318
1.6602
2.0731
2.4283
2.7204
2.9447
3.0970
3.1745
3.1756
3.1003
2.9501
2.7278
2.4376
2.0841
1.6728
1.2090
0.6980
0.1449
0.1000
0.1000
0.1000
0.1000
0.1000
0.1000
0.1000
0.1000
0.1000
0.1000
0.1000
0.1000
0.1000
0.1000
0.1000
0.1000
0.1000
0.1000
0.6513
2.1412
3.5929
4.9887
6.2991
7.4749
8.4345
9.0580
9.2202
8.8795
8.1184
7.0685
5.8365
4.4907
3.0720
2.4664
2.9083
3.2901
3.6056
3.8487
4.0143
4.0987
4.0999
4.0178
3.8545
3.6136
3.3001
2.9201
2.4798
1.9858
1.4441
0.8605
0.2401
0.1000
0.1000
0.1000
0.1000
0.1000
0.1000
0.1000
0.1000
0.1000
0.1000
0.1000
0.1000
0.1000
0.1000
0.1000
0.1000
0.1000
0.1000
1.4413
2.8043
4.0917
5.2710
6.2944
7.0952
7.5931
7.7190
7.4526
6.8356
5.9452
4.8586
3.6355
2.3176
3.2537
3.7282
4.1406
4.4831
4.7483
4.9296
5.0223
5.0236
4.9335
4.7547
4.4918
4.1514
3.7409
3.2681
2.7406
2.1654
1.5489
0.8969
0.2141
0.1000
0.1000
0.1000
0.1000
0.1000
0.1000
0.1000
0.1000
0.1000
0.1000
0.1000
0.1000
0.1000
0.1000
0.1000
0.1000
0.1000
0.5846
1.8535
3.0318
4.0880
4.9806
5.6588
6.0694
6.1717
5.9545
5.4412
4.6790
3.7216
2.6169
1.4027
4.0179
4.5291
4.9765
5.3507
5.6421
5.8424
5.9451
5.9465
5.8467
5.6492
5.3602
4.9883
4.5429
4.0334
3.4688
2.8572
2.2057
1.5203
0.8062
0.1000
0.1000
0.1000
0.1000
0.1000
0.1000
0.1000
0.1000
0.1000
0.1000
0.1000
0.1000
0.1000
0.1000
0.1000
0.1000
0.1000
0.1000
0.7748
1.8505
2.7978
3.5824
4.1666
4.5144
4.6004
4.4176
3.9804
3.3191
2.4713
1.4738
0.3587
4.7534
5.3060
5.7937
6.2052
6.5282
6.7518
6.8668
6.8685
6.7566
6.5361
6.2157
5.8067
5.3209
4.7701
4.1647
3.5139
2.8253
2.1053
1.3591
0.5909
0.1000
0.1000
0.1000
0.1000
0.1000
0.1000
0.1000
0.1000
0.1000
0.1000
0.1000
0.1000
0.1000
0.1000
0.1000
0.1000
0.3229
0.7421
1.0101
1.4325
2.1289
2.6400
2.9410
3.0150
2.8575
2.4778
1.8964
1.1399
0.2365
0.1000
5.4533
6.0520
6.5863
7.0420
7.4037
7.6563
7.7871
7.7890
7.6618
7.4126
7.0538
6.6006
6.0683
5.4712
4.8214
4.1288
3.4016
2.6462
1.8677
1.0701
0.2568
0.1000
0.1000
0.1000
0.1000
0.1000
0.1000
0.1000
0.1000
0.1000
0.1000
0.1000
0.1000
0.1000
0.1000
0.7971
1.4118
1.8836
2.1882
2.3071
2.2323
1.9688
1.5332
1.4207
1.2825
0.9475
0.4301
0.1000
0.1000
0.1000
6.1083
6.7583
7.3460
7.8545
8.2640
8.5537
8.7051
8.7073
8.5600
8.2741
7.8677
7.3618
6.7761
6.1277
5.4301
4.6939
3.9273
3.1366
2.3264
1.5004
0.6615
0.1000
0.1000
0.1000
0.1000
0.1000
0.1000
0.1000
0.1000
0.1000
0.1000
0.1000
0.1000
0.1000
0.9548
1.7612
2.4489
2.9852
3.3362
3.4744
3.3874
3.0830
2.5861
1.9301
1.1482
0.2691
0.1000
0.1000
0.1000
0.1000
6.7070
7.4127
8.0609
8.6322
9.1016
9.4401
9.6196
9.6222
9.4476
9.1133
8.6472
8.0784
7.4321
6.7279
5.9804
5.2000
4.3945
3.5696
2.7292
1.8766
1.0141
0.4605
0.1000
0.1000
0.1000
0.1000
0.1000
0.1000
0.1000
0.1000
0.1000
0.1000
0.1000
0.7805
1.7520
2.6394
3.4113
4.0264
4.4372
4.6009
4.4976
4.1401
3.5675
2.8275
1.9634
1.0088
0.1000
0.1000
0.1000
0.1000
7.2354
7.9991
8.7139
9.3589
9.9038
10.3084
10.5281
10.5313
10.3174
9.9176
9.3761
8.7335
8.0204
7.2578
6.4601
5.6369
4.7946
3.9380
3.0703
2.1938
1.3959
0.8310
0.2360
0.1000
0.1000
0.1000
0.1000
0.1000
0.1000
0.1000
0.1000
0.1000
0.2912
1.3852
2.4288
3.3999
4.2647
4.9734
5.4602
5.6582
5.5330
5.1069
4.4427
3.6086
2.6583
1.6290
0.5450
0.1000
0.1000
0.1000
7.6767
8.4973
9.2814
10.0093
10.6478
11.1439
11.4250
11.4292
11.1553
10.6644
10.0290
9.3032
8.5204
7.7006
6.8558
5.9937
5.1189
4.2349
3.3438
2.4473
1.7345
1.1529
0.5419
0.1000
0.1000
0.1000
0.1000
0.1000
0.1000
0.1000
0.1000
0.1000
0.7008
1.8462
2.9530
4.0016
4.9589
5.7697
6.3480
6.5903
6.4365
5.9262
5.1598
4.2301
3.1989
2.1033
0.9655
0.1000
0.1000
0.1000
8.0127
8.8833
9.7320
10.5443
11.2913
11.9133
12.2954
12.3013
11.9283
11.3113
10.5668
9.7559
8.9080
8.0379
7.1537
6.2598
5.3593
4.4539
3.5448
2.6329
2.0184
1.4220
0.7970
0.1479
0.1000
0.1000
0.1000
0.1000
0.1000
0.1000
0.1000
0.1000
0.9593
2.1399
3.2914
4.3974
5.4284
6.3287
6.9972
7.2875
7.1024
6.5068
5.6486
4.6413
3.5492
2.4062
1.2313
0.1000
0.1000
0.1000
8.2264
9.1323
10.0292
10.9102
11.7594
12.5322
13.0849
13.0944
12.5523
11.7829
10.9352
10.0547
9.1581
8.2525
7.3412
6.4263
5.5089
4.5896
3.6690
2.8189
2.2431
1.6344
0.9980
0.3382
0.1000
0.1000
0.1000
0.1000
0.1000
0.1000
0.1000
0.1000
1.0542
2.2483
3.4173
4.5466
5.6086
6.5494
7.2627
7.5790
7.3767
6.7379
5.8373
4.7968
3.6798
2.5183
1.3290
0.1215
0.1000
0.1000
8.3047
9.2243
10.1407
11.0510
11.9487
12.8119
13.5292
13.5437
12.8356
11.9741
11.0770
10.1669
9.2507
8.3311
7.4096
6.4868
5.5630
4.6387
3.7138
2.9901
2.4046
1.7868
1.1418
0.4742
0.1000
0.1000
0.1000
0.1000
0.1000
0.1000
0.1000
0.1000
0.9807
2.1643
3.3197
4.4309
5.4686
6.3777
7.0555
7.3512
7.1626
6.5580
5.6907
4.6762
3.5785
2.4315
1.2533
0.1000
0.1000
0.1000
8.2426
9.1512
10.0521
10.9389
11.7975
12.5866
13.1636
13.1737
12.6073
11.8214
10.9641
10.0777
9.1772
8.2687
7.3553
6.4388
5.5201
4.5997
3.6783
3.0913
2.4999
1.8765
1.2265
0.5541
0.1000
0.1000
0.1000
0.1000
0.1000
0.1000
0.1000
0.1000
0.7426
1.8935
3.0073
4.0646
5.0328
5.8564
6.4470
6.6955
6.5377
6.0159
5.2366
4.2954
3.2550
2.1521
1.0084
0.1000
0.1000
0.1000
8.0440
8.9195
9.7749
10.5963
11.3562
11.9950
12.3927
12.3989
12.0105
11.3766
10.6192
9.7990
8.9444
8.0693
7.1812
6.2843
5.3813
4.4739
3.6750
3.1201
2.5270
1.9021
1.2506
0.5769
0.1000
0.1000
0.1000
0.1000
0.1000
0.1000
0.1000
0.1000
0.3514
1.4526
2.5050
3.4866
4.3635
5.0850
5.5827
5.7858
5.6574
5.2213
4.5444
3.6979
2.7367
1.6983
0.6067
0.1000
0.1000
0.1000
7.7212
8.5481
9.3401
10.0779
10.7284
11.2371
11.5274
11.5317
11.2489
10.7453
10.0980
9.3622
8.5714
7.7453
6.8955
6.0292
5.1511
4.2643
3.6282
3.0760
2.4855
1.8630
1.2138
0.5421
0.1000
0.1000
0.1000
0.1000
0.1000
0.1000
0.1000
0.1000
0.1000
0.8649
1.8458
2.7439
3.5272
4.1535
4.5730
4.7406
4.6348
4.2695
3.6861
2.9345
2.0595
1.0952
0.1000
0.1000
0.1000
0.1000
7.2911
8.0616
8.7844
9.4386
9.9933
10.4070
10.6325
10.6358
10.4163
10.0074
9.4560
8.8042
8.0831
7.3138
6.5104
5.6824
4.8361
4.0041
3.5051
2.9600
2.3762
1.7600
1.1166
0.4503
0.1000
0.1000
0.1000
0.1000
0.1000
0.1000
0.1000
0.1000
0.1000
0.1551
1.0623
1.8787
2.5765
3.1220
3.4799
3.6210
3.5321
3.2217
2.7160
2.0499
1.2579
0.3694
0.1000
0.1000
0.1000
0.1000
6.7720
7.4842
8.1398
8.7191
9.1964
9.5415
9.7250
9.7276
9.5492
9.2083
8.7344
8.1576
7.5039
6.7930
6.0396
5.2542
4.4444
3.7966
3.3088
2.7746
2.2012
1.5948
0.9606
0.3028
0.1000
0.1000
0.1000
0.1000
0.1000
0.1000
0.1000
0.1000
0.1000
0.1000
0.1827
0.9242
1.5475
2.0268
2.3368
2.4579
2.3817
2.1135
1.6708
1.0781
0.3614
0.1000
0.1000
0.1000
0.1000
0.1000
6.1806
6.8368
7.4311
7.9464
8.3621
8.6567
8.8110
8.8132
8.6632
8.3723
7.9598
7.4471
6.8548
6.2001
5.4968
4.7556
3.9845
3.5173
3.0437
2.5236
1.9638
1.3703
0.7481
0.1015
0.1000
0.1000
0.1000
0.1000
0.1000
0.1000
0.1000
0.1000
0.1000
0.1000
0.1000
0.1000
0.4643
0.8896
1.1619
1.2676
1.2011
0.9660
0.5741
0.1000
0.1000
0.1000
0.1000
0.1000
0.1000
0.1000
5.5314
6.1359
6.6760
7.1373
7.5040
7.7604
7.8933
7.8952
7.7659
7.5130
7.1492
6.6904
6.1523
5.5495
4.8943
4.1968
3.5758
3.1725
2.7155
2.2119
1.6681
1.0898
0.4820
0.1000
0.1000
0.1000
0.1000
0.1000
0.1000
0.1000
0.1000
0.1000
0.1000
0.1000
0.1000
0.1000
0.1000
0.1000
0.1000
0.1000
0.1000
0.1000
0.1000
0.1000
0.1000
0.1000
0.1000
0.1000
0.1000
0.1000
4.8363
5.3939
5.8867
6.3029
6.6300
6.8565
6.9732
6.9749
6.8615
6.6380
6.3135
5.8998
5.4090
4.8531
4.2428
3.5872
3.1552
2.7692
2.3302
1.8446
1.3186
0.7574
0.1659
0.1000
0.1000
0.1000
0.1000
0.1000
0.1000
0.1000
0.1000
0.1000
0.1000
0.1000
0.1000
0.1000
0.1000
0.1000
0.1000
0.1000
0.1000
0.1000
0.1000
0.1000
0.1000
0.1000
0.1000
0.1000
0.1000
0.1000
4.1045
4.6202
5.0720
5.4501
5.7449
5.9477
6.0516
6.0531
5.9521
5.7521
5.4598
5.0839
4.6341
4.1201
3.5510
2.9926
2.6825
2.3143
1.8940
1.4274
0.9202
0.3773
0.1000
0.1000
0.1000
0.1000
0.1000
0.1000
0.1000
0.1000
0.1000
0.1000
0.1000
0.1000
0.1000
0.1000
0.1000
0.1000
0.1000
0.1000
0.1000
0.1000
0.1000
0.1000
0.1000
0.1000
0.1000
0.1000
0.1000
0.1000
3.3433
3.8218
4.2380
4.5839
4.8519
5.0352
5.1289
5.1303
5.0392
4.8583
4.5927
4.2489
3.8346
3.3578
2.8262
2.4590
2.1648
1.8143
1.4128
0.9656
0.4777
0.1000
0.1000
0.1000
0.1000
0.1000
0.1000
0.1000
0.1000
0.1000
0.1000
0.1000
0.1000
0.1000
0.1000
0.1000
0.1000
0.1000
0.1000
0.1000
0.1000
0.1000
0.1000
0.1000
0.1000
0.1000
0.1000
0.1000
0.1000
0.1000
2.5584
3.0038
3.3890
3.7074
3.9528
4.1201
4.2054
4.2066
4.1237
3.9588
3.7155
3.3991
3.0158
2.5719
2.1075
1.8874
1.6085
1.2753
0.8922
0.4642
0.1000
0.1000
0.1000
0.1000
0.1000
0.1000
0.1000
0.1000
0.1000
0.1000
0.1000
0.1000
0.1000
0.1000
0.1000
0.1000
0.1000
0.1000
0.1000
0.1000
0.1000
0.1000
0.1000
0.1000
0.1000
0.1000
0.1000
0.1000
0.1000
0.1000
1.7542
2.1703
2.5284
2.8230
3.0493
3.2031
3.2813
3.2824
3.2064
3.0547
2.8305
2.5377
2.1814
1.7669
1.4915
1.2834
1.0191
0.7024
0.3373
0.1000
0.1000
0.1000
0.1000
0.1000
0.1000
0.1000
0.1000
0.1000
0.1000
0.1000
0.1000
0.1000
0.1000
0.1000
0.1000
0.1000
0.1000
0.1000
0.1000
0.1000
0.1000
0.1000
0.1000
0.1000
0.1000
0.1000
0.1000
0.1000
0.1000
0.1000
0.1000
0.1000
0.1000
0.1000
0.1000
0.1000
0.1000
0.1000
0.1000
0.1000
0.1000
0.1000
0.1000
0.1000
0.1000
0.1000
0.1000
0.1000
0.1000
0.1000
0.1000
0.1000
0.1000
0.1000
0.1000
0.1000
0.1000
0.1000
0.1000
0.1000
0.1000
0.1000
0.1000
0.1000
0.1000
0.1000
0.1000
0.1000
0.1000
0.1000
0.1000
0.1000
0.1000
0.1000
0.1000
0.1000
0.1000
0.1000
0.1000
0.1000
0.1000
0.1000
0.1000
0.1000
0.1000
0.1000
0.1000
0.1000
0.1000
0.1000
0.1000
0.1000
0.1000
0.1000
0.1000
0.1000
0.1000
0.1000
0.1000
0.1000
0.1000
0.1000
0.1000
0.1000
0.1000
0.1000
0.1000
0.1000
0.1000
0.1000
0.1000
0.1000
0.1000
0.1000
0.1000
0.1000
0.1000
0.1000
0.1000
0.1000
0.1000
0.1000
0.1000
0.1000
0.1000
0.1000
0.1000
0.1000
0.1000
0.1000
0.1000
0.1000
0.1000
0.1000
0.1000
0.1000
0.1000
0.1000
0.1000
0.1000
0.1000
0.1000
0.1000
0.1000
0.1000
0.1000
0.1000
0.1000
0.1000
0.1000
0.1000
0.1000
0.1000
0.1000
0.1000
0.1000
0.1000
0.1000
0.1000
0.1000
0.1000
0.1000
0.1000
0.1000
0.1000
0.1000
0.1000
0.1000
0.1000
0.1000
0.1000
0.1000
0.1000
0.1000
0.1000
0.1000
0.1000
0.1000
0.1000
0.1000
0.1000
0.1000
0.1000
0.1000
0.1000
0.1000
0.1000
0.1000
0.1000
0.1000
0.1000
0.1000
0.1000
0.1000
0.1000
0.1000
0.1000
0.1000
0.1000
0.1000
0.1000
0.1000
0.1000
0.1000
0.1000
0.1000
0.1000
0.1000
0.1000
0.1000
0.1000
0.1000
0.1000
0.1000
0.1000
0.1000
0.1000
0.1000
0.1000
0.1000
0.1000
0.1000
0.1000
0.1000
0.1000
0.1000
0.1000
0.1000
0.1000
0.1000
0.1000
0.1000
0.1000
0.1000
0.1000
0.1000
0.1000
0.1000
0.1000
0.1000
0.1000
0.1000
0.1000
0.1000
0.1000
0.1000
0.1000
0.1000
0.1000
0.1000
0.1000
0.1000
0.1000
0.1000
0.1000
0.1000
0.1000
0.1000
0.1000
0.1000
0.1000
0.1000
0.1000
0.1000
0.1000
0.1000
0.1000
0.1000
0.1000
0.1000
0.1000
0.1000
0.1000
0.1000
0.1000
0.1000
0.1000
0.1000
0.1000
0.1000
0.1000
0.1000
0.1000
0.1000
0.1000
0.1000
0.1000
0.1000
0.1000
0.1000
0.1000
0.1000
0.1000
0.1000
0.1000
0.1000
0.1000
0.1000
0.1000
0.1000
0.1000
0.1000
0.1000
0.1000
0.1000
0.1000
0.1000
0.1000
0.1000
0.1000
0.1000
0.1000
0.1000
0.1000
0.1000
0.1000
0.1000
0.1000
0.1000
0.1000
0.1000
0.1000
0.1000
0.1000
0.1000
0.1000
0.1000
0.1000
0.1000
0.1000
0.1000
0.1000
0.1000
0.1000
0.1000
0.1000
0.1000
0.1000
0.1000
0.1000
0.1000
0.1000
0.1000
0.1000
0.1000
0.1000
0.1000
0.1000
0.1000
0.1000
0.1000
0.1000
0.1000
0.1000
0.1000
0.1000
0.1000
0.1000
0.1000
0.1000
0.1000
0.1000
0.1000
0.1000
0.1000
0.1000
0.1000
0.1000
0.1000
0.1000
0.1000
0.1000
0.1000
0.1000
0.1000
0.1000
0.1000
0.1000
0.1000
0.1000
0.1000
0.1000
0.1000
0.1000
0.1000
0.1000
0.1000
0.1000
0.1000
0.1000
0.1000
0.1000
0.1000
0.1000
0.1000
0.1000
0.1000
0.1000
0.1000
0.1000
0.1000
0.1000
0.1000
0.1000
0.1000
0.1000
0.1000
0.1000
0.1000
0.1000
0.1000
0.1000
0.1000
0.1000
0.1000
0.1000
0.1000
0.1000
0.1000
0.1000
0.1000
0.1000
0.1000
0.1000
0.1000
0.1000
0.1000
0.1000
0.1000
0.1000
0.1000
0.1000
0.1000
0.1000
0.1000
0.1000
0.1000
0.1000
0.1000
0.1000
0.1000
0.1000
0.1000
0.1000
0.1000
0.1000
0.1000
0.1000
0.1000
0.1000
0.1000
0.1000
0.1000
0.1000
0.1000
0.1000
0.1000
0.1000
0.1000
0.1000
0.1000
0.1000
0.1000
0.1000
0.1000
0.1000
0.1000
0.1000
0.1000
0.1000
0.1000
0.1000
0.1000
0.1000
0.1000
0.1000
0.1000
0.1000
0.1000
0.1000
0.1000
0.1000
0.1000
0.1000
0.1000
0.1000
0.1000
0.1000
0.1000
0.1000
0.1000
0.1000
0.1000
0.1000
0.1000
0.1000
0.1000
0.1000
0.1000
0.1000
0.1000
0.1000
0.1000
0.1000
0.1000
0.1000
0.1000
0.1000
0.1000
0.1000
0.1000
0.1000
0.1000
0.1000
0.1000
0.1000
0.1000
0.1000
0.1000
0.1000
0.1000
0.1000
0.1000
0.1000
0.1000
0.1000
0.1000
0.1000
0.1000
0.1000
0.1000
0.1000
0.1000
0.1000
0.1000
0.1000
0.1000
0.1000
0.1000
0.1000
0.1000
0.1000
0.1000
0.1000
0.1000
0.1000
0.1000
0.1000
0.1000
0.1000
0.1000
0.1000
0.1000
0.1000
0.1000
0.1000
0.1000
0.1000
0.1000
0.1000
0.1000
0.1000
0.1000
0.1000
0.1000
0.1000
0.1000
0.1000
0.1000
0.1000
0.1000
0.1000
0.1000
0.1000
0.1000
0.1000
0.1000
0.1000
0.1000
0.1000
0.1000
0.1000
0.1000
0.1000
0.1000
0.1000
0.1000
0.1000
0.1000
0.1000
0.1000
0.1000
0.1000
0.1000
0.1000
0.1000
0.1000
0.1000
0.1000
0.1000
0.1000
0.1000
0.1000
0.1000
0.1000
0.1000
0.1000
0.1000
0.1000
0.1000
0.1000
0.1000
0.1000
0.1000
0.1000
0.1000
0.1000
0.1000
0.1000
0.1000
0.1000
0.1000
0.1000
0.1000
0.1000
0.1000
0.1000
0.1000
0.1000
0.1000
0.1000
0.1000
0.1000
0.1000
0.1000
0.1000
0.1000
0.1000
0.1000
0.1000
0.1000
0.1000
0.1000
0.1000
0.1000
0.1000
0.1000
0.1000
0.1000
0.1000
0.1000
0.1000
0.1000
0.1000
0.1000
0.1000
0.1000
0.1000
0.1000
0.1000
0.1000
0.1000
0.1000
0.1000
0.1000
0.1000
0.1000
0.1000
0.1000
0.1000
0.1000
0.1000
0.1000
0.1000
0.1000
0.1000
0.1000
0.1000
0.1000
0.1000
0.1000
0.1000
0.1000
0.1000
0.1000
0.1000
0.1000
0.1000
0.1000
0.1000
0.1000
0.1000
0.1000
0.1000
0.1000
0.1000
0.1000
0.1000
0.1000
0.1000
0.1000
0.1000
0.1000
0.1000
0.1000
0.1000
0.1000
0.1000
0.1000
0.1000
0.1000
0.1000
0.1000
0.1000
0.1000
0.1000
0.1000
0.1000
0.1689
0.2486
0.1604
0.1000
0.1000
0.1000
0.1000
0.1000
0.1000
0.1000
0.1000
0.1000
0.1000
0.1000
0.1000
0.1000
0.1000
0.1000
0.1000
0.1000
0.1000
0.1000
0.1000
0.1000
0.1000
0.1000
0.1000
0.1000
0.1000
0.1000
0.1000
0.1000
0.1000
0.1000
0.1000
0.1000
0.1000
0.1000
0.1000
0.1000
0.1000
0.1000
0.1000
0.1000
0.1000
0.1000
0.1000
0.1000
0.1000
0.4809
0.7409
0.8264
0.7318
0.4633
0.6703
0.7319
0.6006
0.2820
0.1000
0.1000
0.1000
0.1000
0.1000
0.1000
0.1000
0.1000
0.1000
0.1000
0.1000
0.1000
0.1000
0.1000
0.1000
0.1000
0.1000
0.1000
0.1000
0.1000
0.1000
0.1000
0.1000
0.1000
0.1000
0.1000
0.1000
0.1000
0.1000
0.1000
0.1000
0.1000
0.1000
0.1000
0.1000
0.1000
0.1000
0.1000
0.1000
0.1000
0.4520
0.8915
1.1657
1.2561
1.4704
1.9543
2.2381
2.3078
2.1595
1.8010
1.2497
0.5286
0.1000
0.1000
0.1000
0.1000
0.1000
0.1000
0.1000
0.1000
0.1000
0.1000
0.1000
0.1000
0.1000
0.1000
0.1000
0.1000
0.1000
0.1000
0.1000
0.1000
0.1000
0.1000
0.1000
0.1000
0.1000
0.1000
0.1000
0.1000
0.1000
0.1000
0.1000
0.1000
0.1000
0.1000
0.1000
0.1000
0.1000
0.1000
0.6812
1.1341
1.4175
2.1753
2.9170
3.4653
3.7898
3.8698
3.6996
3.2909
2.6687
1.8651
0.9127
0.1000
0.1000
0.1000
0.1000
0.1000
0.1000
0.1000
0.1000
0.1000
0.1000
0.1000
0.1000
0.1000
0.1000
0.1000
0.1000
0.1000
0.1000
0.1000
0.1000
0.1000
0.1000
0.1000
0.1000
0.1000
0.1000
0.1000
0.1000
0.1000
0.1000
0.1000
0.1000
0.1000
0.1000
0.1000
0.1000
0.1365
0.7361
1.3436
2.4710
3.4724
4.3099
4.9394
5.3170
5.4107
5.2116
4.7381
4.0279
3.1262
2.0751
0.9099
0.1000
0.1000
0.1000
0.1000
0.1000
0.1000
0.1000
0.1000
0.1000
0.1000
0.1000
0.1000
0.1000
0.1000
0.1000
0.1000
0.1000
0.1000
0.1000
0.1000
0.1000
0.1000
0.1000
0.1000
0.1000
0.1000
0.1000
0.1000
0.1000
0.1000
0.1000
0.1000
0.1000
0.1000
0.1000
0.1000
1.0130
2.3272
3.5572
4.6709
5.6232
6.3561
6.8047
6.9172
6.6788
6.1199
5.3001
4.2832
3.1228
1.8591
0.1000
0.1000
0.1000
0.1000
0.1000
0.1000
0.1000
0.1000
0.1000
0.1000
0.1000
0.1000
0.1000
0.1000
0.1000
0.1000
0.1000
0.1000
0.1000
0.1000
0.1000
0.1000
0.1000
0.1000
0.1000
0.1000
0.1000
0.1000
0.1000
0.1000
0.1000
0.1000
0.1000
0.1000
0.1000
0.3096
1.7589
3.1607
4.4947
5.7293
6.8151
7.6784
8.2239
8.3633
8.0692
7.3969
6.4427
5.2959
4.0206
2.6591
0.1000
0.1000
0.1000
0.1000
0.1000
0.1000
0.1000
0.1000
0.1000
0.1000
0.1000
0.1000
0.1000
0.1000
0.1000
0.1000
0.1000
0.1000
0.1000
0.1000
0.1000
0.1000
0.1000
0.1000
0.1000
0.1000
0.1000
0.1000
0.1000
0.1000
0.1000
0.1000
0.1000
0.1000
0.1000
0.8197
2.3305
3.8084
5.2372
6.5898
7.8180
8.8376
9.5133
9.6914
9.3184
8.4995
7.3914
6.1107
4.7263
3.2773
0.1000
0.1000
0.1000
0.1000
0.1000
0.1000
0.1000
0.1000
0.1000
0.1000
0.1000
0.1000
0.1000
0.1000
0.1000
0.1000
0.1000
0.1000
0.1000
0.1000
0.1000
0.1000
0.1000
0.1000
0.1000
0.1000
0.1000
0.1000
0.1000
0.1000
0.1000
0.1000
0.1000
0.1000
0.1000
1.1485
2.7021
4.2344
5.7340
7.1802
8.5328
9.7083
10.5371
10.7664
10.2921
9.3109
8.0572
6.6640
5.1951
3.6819
0.1000
0.1000
0.1000
0.1000
0.2304
0.3533
0.4156
0.4164
0.3559
0.2348
0.1000
0.1000
0.1000
0.1000
0.1000
0.1000
0.1000
0.1000
0.1000
0.1000
0.1000
0.1000
0.1000
0.1000
0.1000
0.1000
0.1000
0.1000
0.1000
0.1000
0.1000
0.1000
0.1000
0.1000
0.1000
1.2824
2.8541
4.4099
5.9410
7.4306
8.8449
10.1069
11.0353
11.3025
10.7558
9.6752
8.3444
6.8970
5.3896
3.8482
0.1000
0.3840
0.6952
0.9496
1.1439
1.2753
1.3419
1.3429
1.2781
1.1485
0.9561
0.7034
0.3937
0.1000
0.1000
0.1000
0.1000
0.1000
0.1000
0.1000
0.1000
0.1000
0.1000
0.1000
0.1000
0.1000
0.1000
0.1000
0.1000
0.1000
0.1000
0.1000
0.1000
0.1000
0.1000
1.2154
2.7780
4.3219
5.8370
7.3044
8.6869
9.9034
10.7777
11.0239
10.5172
9.4899
8.1993
6.7798
5.2920
3.7649
0.8550
1.2426
1.5747
1.8469
2.0553
2.1965
2.2682
2.2692
2.1995
2.0603
1.8538
1.5833
1.2529
0.8668
0.4297
0.1000
0.1000
0.1000
0.1000
0.1000
0.1000
0.1000
0.1000
0.1000
0.1000
0.1000
0.1000
0.1000
0.1000
0.1000
0.1000
0.1000
0.1000
0.1000
0.1000
0.9505
2.4780
3.9769
5.4329
6.8207
8.0945
9.1687
9.8949
10.0891
9.6838
8.8102
7.6502
6.3278
4.9114
3.4376
1.6777
2.0912
2.4469
2.7395
2.9641
3.1167
3.1943
3.1954
3.1200
2.9695
2.7469
2.4562
2.1022
1.6903
1.2258
0.7142
0.1605
0.1000
0.1000
0.1000
0.1000
0.1000
0.1000
0.1000
0.1000
0.1000
0.1000
0.1000
0.1000
0.1000
0.1000
0.1000
0.1000
0.1000
0.1000
0.4990
1.9705
3.3995
4.7669
6.0420
7.1753
8.0885
8.6735
8.8243
8.5068
7.7892
6.7851
5.5930
4.2799
2.8874
2.4850
2.9276
3.3102
3.6262
3.8698
4.0357
4.1203
4.1215
4.0393
3.8756
3.6342
3.3202
2.9395
2.4985
2.0037
1.4613
0.8769
0.2558
0.1000
0.1000
0.1000
0.1000
0.1000
0.1000
0.1000
0.1000
0.1000
0.1000
0.1000
0.1000
0.1000
0.1000
0.1000
0.1000
0.1000
0.1000
1.2797
2.6239
3.8890
5.0424
6.0375
6.8107
7.2884
7.4088
7.1539
6.5606
5.6987
4.6398
3.4413
2.1444
3.2737
3.7491
4.1623
4.5055
4.7713
4.9531
5.0460
5.0473
4.9571
4.7778
4.5143
4.1731
3.7618
3.2881
2.7597
2.1836
1.5662
0.9133
0.2298
0.1000
0.1000
0.1000
0.1000
0.1000
0.1000
0.1000
0.1000
0.1000
0.1000
0.1000
0.1000
0.1000
0.1000
0.1000
0.1000
0.1000
0.4331
1.6867
2.8478
3.8854
4.7590
5.4202
5.8193
5.9186
5.7077
5.2083
4.4642
3.5259
2.4394
1.2416
4.0394
4.5517
5.0002
5.3753
5.6676
5.8685
5.9714
5.9729
5.8728
5.6746
5.3849
5.0120
4.5655
4.0549
3.4892
2.8765
2.2239
1.5376
0.8226
0.1000
0.1000
0.1000
0.1000
0.1000
0.1000
0.1000
0.1000
0.1000
0.1000
0.1000
0.1000
0.1000
0.1000
0.1000
0.1000
0.1000
0.1000
0.6211
1.6837
2.6175
3.3892
3.9624
4.3031
4.3872
4.2083
3.7798
3.1304
2.2959
1.3118
0.2096
4.7765
5.3305
5.8196
6.2324
6.5566
6.7809
6.8964
6.8981
6.7858
6.5644
6.2430
5.8326
5.3455
4.7932
4.1865
3.5344
2.8446
2.1234
1.3762
0.6070
0.1000
0.1000
0.1000
0.1000
0.1000
0.1000
0.1000
0.1000
0.1000
0.1000
0.1000
0.1000
0.1000
0.1000
0.1000
0.1000
0.1210
0.5318
0.7940
1.2711
1.9583
2.4621
2.7585
2.8312
2.6763
2.3023
1.7290
0.9820
0.1000
0.1000
5.4782
6.0788
6.6149
7.0723
7.4356
7.6894
7.8208
7.8227
7.6949
7.4445
7.0842
6.6292
6.0951
5.4962
4.8446
4.1505
3.4219
2.6651
1.8855
1.0868
0.2725
0.1000
0.1000
0.1000
0.1000
0.1000
0.1000
0.1000
0.1000
0.1000
0.1000
0.1000
0.1000
0.1000
0.1000
0.5857
1.1864
1.6463
1.9425
2.0579
1.9853
1.7292
1.3049
1.2594
1.1229
0.7919
0.2802
0.1000
0.1000
0.1000
6.1352
6.7875
7.3776
7.8886
8.3004
8.5919
8.7444
8.7465
8.5983
8.3105
7.9019
7.3935
6.8054
6.1546
5.4549
4.7169
3.9486
3.1563
2.3448
1.5177
0.6777
0.1000
0.1000
0.1000
0.1000
0.1000
0.1000
0.1000
0.1000
0.1000
0.1000
0.1000
0.1000
0.1000
0.7399
1.5271
2.1954
2.7143
3.0527
3.1855
3.1019
2.8087
2.3284
1.6915
0.9290
0.1000
0.1000
0.1000
0.1000
0.1000
6.7360
7.4446
8.0961
8.6709
9.1438
9.4852
9.6665
9.6691
9.4928
9.1556
8.6860
8.1137
7.4642
6.7570
6.0068
5.2242
4.4168
3.5901
2.7483
1.8944
1.0307
0.2204
0.1000
0.1000
0.1000
0.1000
0.1000
0.1000
0.1000
0.1000
0.1000
0.1000
0.1000
0.5694
1.5181
2.3800
3.1249
3.7141
4.1049
4.2600
4.1622
3.8225
3.2749
2.5620
1.7239
0.7927
0.1000
0.1000
0.1000
0.1000
7.2665
8.0340
8.7532
9.4033
9.9537
10.3632
10.5861
10.5894
10.3724
9.9676
9.4207
8.7730
8.0554
7.2891
6.4882
5.6623
4.8178
3.9593
3.0899
2.2120
1.3274
0.5835
0.1000
0.1000
0.1000
0.1000
0.1000
0.1000
0.1000
0.1000
0.1000
0.1000
0.1000
1.1605
2.1760
3.1139
3.9411
4.6110
5.0654
5.2486
5.1329
4.7361
4.1102
3.3144
2.3984
1.3983
0.3388
0.1000
0.1000
0.1000
7.7099
8.5352
9.3252
10.0603
10.7078
11.2132
11.5010
11.5053
11.2249
10.7245
10.0803
9.3471
8.5584
7.7339
6.8854
6.0202
5.1430
4.2568
3.3640
2.4659
1.5637
0.8985
0.3002
0.1000
0.1000
0.1000
0.1000
0.1000
0.1000
0.1000
0.1000
0.1000
0.4914
1.6099
2.6833
3.6904
4.5973
5.3513
5.8774
6.0939
5.9568
5.4948
4.7856
3.9082
2.9205
1.8600
0.7504
0.1000
0.1000
0.1000
8.0477
8.9239
9.7800
10.6026
11.3640
12.0048
12.4045
12.4108
12.0204
11.3844
10.6254
9.8042
8.9487
8.0730
7.1845
6.2872
5.3839
4.4763
3.5653
2.6518
1.7437
1.1616
0.5502
0.1000
0.1000
0.1000
0.1000
0.1000
0.1000
0.1000
0.1000
0.1000
0.7443
1.8955
3.0095
4.0672
5.0359
5.8600
6.4511
6.6999
6.5419
6.0196
5.2398
4.2981
3.2573
2.1541
1.0102
0.1000
0.1000
0.1000
8.2626
9.1747
10.0805
10.9748
11.8454
12.6562
13.2687
13.2797
12.6777
11.8698
11.0002
10.1063
9.2008
8.2888
7.3728
6.4543
5.5339
4.6123
3.6897
2.7664
1.9626
1.3691
0.7470
0.1004
0.1000
0.1000
0.1000
0.1000
0.1000
0.1000
0.1000
0.1000
0.8371
2.0008
3.1306
4.2085
5.2029
6.0576
6.6788
6.9434
6.7751
6.2245
5.4134
4.4449
3.3826
2.2627
1.1056
0.1000
0.1000
0.1000
8.3414
9.2676
10.1933
11.1183
12.0417
12.9601
13.8478
13.8712
12.9862
12.0681
11.1448
10.2199
9.2941
8.3680
7.4415
6.5150
5.5883
4.6615
3.7347
2.8078
2.1197
1.5178
0.8877
0.2338
0.1000
0.1000
0.1000
0.1000
0.1000
0.1000
0.1000
0.1000
0.7652
1.9192
3.0368
4.0989
5.0733
5.9040
6.5016
6.7537
6.5935
6.0652
5.2786
4.3311
3.2855
2.1786
1.0317
0.1000
0.1000
0.1000
8.2788
9.1938
10.1036
11.0040
11.8848
12.7146
13.3614
13.3735
12.7369
11.9095
11.0296
10.1296
9.2200
8.3051
7.3870
6.4668
5.5452
4.6225
3.6990
2.7864
2.2124
1.6054
0.9705
0.3122
0.1000
0.1000
0.1000
0.1000
0.1000
0.1000
0.1000
0.1000
0.5322
1.6559
2.7356
3.7505
4.6667
5.4309
5.9662
6.1871
6.0471
5.5767
4.8573
3.9703
2.9744
1.9073
0.7923
0.1000
0.1000
0.1000
8.0791
8.9603
9.8233
10.6554
11.4304
12.0898
12.5074
12.5140
12.1059
11.4514
10.6786
9.8477
8.9854
8.1046
7.2121
6.3118
5.4060
4.4963
3.5837
2.8144
2.2388
1.6303
0.9941
0.3345
0.1000
0.1000
0.1000
0.1000
0.1000
0.1000
0.1000
0.1000
0.1490
1.2263
2.2498
3.1972
4.0350
4.7156
5.1789
5.3661
5.2479
4.8431
4.2065
3.4000
2.4742
1.4658
0.3992
0.1000
0.1000
0.1000
7.7546
8.5863
9.3844
10.1298
10.7897
11.3085
11.6062
11.6106
11.3206
10.8068
10.1501
9.4066
8.6098
7.7788
6.9252
6.0559
5.1752
4.2863
3.3910
2.7717
2.1985
1.5922
0.9581
0.3004
0.1000
0.1000
0.1000
0.1000
0.1000
0.1000
0.1000
0.1000
0.1000
0.6519
1.6094
2.4811
3.2363
3.8353
4.2336
4.3919
4.2920
3.9457
3.3886
2.6654
1.8173
0.8772
0.1000
0.1000
0.1000
0.1000
7.3225
8.0968
8.8242
9.4837
10.0442
10.4632
10.6921
10.6955
10.4727
10.0584
9.5013
8.8442
8.1184
7.3453
6.5387
5.7079
4.8594
3.9975
3.1868
2.6592
2.0921
1.4917
0.8630
0.2104
0.1000
0.1000
0.1000
0.1000
0.1000
0.1000
0.1000
0.1000
0.1000
0.1000
0.8450
1.6415
2.3191
2.8464
3.1908
3.3262
3.2409
2.9424
2.4542
1.8080
1.0362
0.1666
0.1000
0.1000
0.1000
0.1000
6.8012
7.5165
8.1755
8.7585
9.2394
9.5876
9.7729
9.7755
9.5953
9.2514
8.7738
8.1934
7.5363
6.8224
6.0663
5.2786
4.4667
3.6362
2.9970
2.4793
1.9218
1.3305
0.7104
0.1000
0.1000
0.1000
0.1000
0.1000
0.1000
0.1000
0.1000
0.1000
0.1000
0.1000
0.1000
0.7099
1.3188
1.7856
2.0867
2.2041
2.1302
1.8699
1.4390
0.8604
0.1588
0.1000
0.1000
0.1000
0.1000
0.1000
6.2077
6.8663
7.4632
7.9809
8.3991
8.6956
8.8510
8.8532
8.7021
8.4094
7.9944
7.4792
6.8844
6.2273
5.5219
4.7787
4.0058
3.2095
2.7403
2.2355
1.6905
1.1111
0.5022
0.1000
0.1000
0.1000
0.1000
0.1000
0.1000
0.1000
0.1000
0.1000
0.1000
0.1000
0.1000
0.1000
0.2596
0.6761
0.9424
1.0456
0.9807
0.7508
0.3673
0.1000
0.1000
0.1000
0.1000
0.1000
0.1000
0.1000
5.5566
6.1629
6.7048
7.1680
7.5364
7.7940
7.9276
7.9295
7.7996
7.5454
7.1800
6.7193
6.1794
5.5747
4.9178
4.2186
3.4854
2.8651
2.4219
1.9322
1.4020
0.8368
0.2415
0.1000
0.1000
0.1000
0.1000
0.1000
0.1000
0.1000
0.1000
0.1000
0.1000
0.1000
0.1000
0.1000
0.1000
0.1000
0.1000
0.1000
0.1000
0.1000
0.1000
0.1000
0.1000
0.1000
0.1000
0.1000
0.1000
0.1000
4.8596
5.4186
5.9129
6.3304
6.6587
6.8861
7.0033
7.0049
6.8910
6.6667
6.3411
5.9260
5.4338
4.8764
4.2647
3.6078
2.9136
2.4741
2.0474
1.5743
1.0606
0.5114
0.1000
0.1000
0.1000
0.1000
0.1000
0.1000
0.1000
0.1000
0.1000
0.1000
0.1000
0.1000
0.1000
0.1000
0.1000
0.1000
0.1000
0.1000
0.1000
0.1000
0.1000
0.1000
0.1000
0.1000
0.1000
0.1000
0.1000
0.1000
4.1261
4.6430
5.0959
5.4750
5.7707
5.9740
6.0783
6.0798
5.9784
5.7778
5.4847
5.1078
4.6569
4.1417
3.5715
2.9544
2.3899
2.0319
1.6224
1.1669
0.6708
0.1388
0.1000
0.1000
0.1000
0.1000
0.1000
0.1000
0.1000
0.1000
0.1000
0.1000
0.1000
0.1000
0.1000
0.1000
0.1000
0.1000
0.1000
0.1000
0.1000
0.1000
0.1000
0.1000
0.1000
0.1000
0.1000
0.1000
0.1000
0.1000
3.3634
3.8428
4.2599
4.6066
4.8752
5.0590
5.1530
5.1543
5.0630
4.8817
4.6154
4.2708
3.8557
3.3780
2.8454
2.2652
1.8864
1.5447
1.1527
0.7152
0.2372
0.1000
0.1000
0.1000
0.1000
0.1000
0.1000
0.1000
0.1000
0.1000
0.1000
0.1000
0.1000
0.1000
0.1000
0.1000
0.1000
0.1000
0.1000
0.1000
0.1000
0.1000
0.1000
0.1000
0.1000
0.1000
0.1000
0.1000
0.1000
0.1000
2.5772
3.0234
3.4092
3.7282
3.9742
4.1418
4.2273
4.2285
4.1454
3.9801
3.7363
3.4194
3.0353
2.5908
2.0922
1.6160
1.3438
1.0182
0.6435
0.2240
0.1000
0.1000
0.1000
0.1000
0.1000
0.1000
0.1000
0.1000
0.1000
0.1000
0.1000
0.1000
0.1000
0.1000
0.1000
0.1000
0.1000
0.1000
0.1000
0.1000
0.1000
0.1000
0.1000
0.1000
0.1000
0.1000
0.1000
0.1000
0.1000
0.1000
1.7718
2.1885
2.5471
2.8423
3.0689
3.2230
3.3013
3.3024
3.2263
3.0744
2.8497
2.5565
2.1996
1.7845
1.3167
1.0262
0.7677
0.4575
0.1000
0.1000
0.1000
0.1000
0.1000
0.1000
0.1000
0.1000
0.1000
0.1000
0.1000
0.1000
0.1000
0.1000
0.1000
0.1000
0.1000
0.1000
0.1000
0.1000
0.1000
0.1000
0.1000
0.1000
0.1000
0.1000
0.1000
0.1000
0.1000
0.1000
0.1000
0.1000
0.1000
0.1000
0.1000
0.1000
0.1000
0.1000
0.1000
0.1000
0.1000
0.1000
0.1000
0.1000
0.1000
0.1000
0.1000
0.1000
0.1000
0.1000
0.1000
0.1000
0.1000
0.1000
0.1000
0.1000
0.1000
0.1000
0.1000
0.1000
0.1000
0.1000
0.1000
0.1000
0.1000
0.1000
0.1000
0.1000
0.1000
0.1000
0.1000
0.1000
0.1000
0.1000
0.1000
0.1000
0.1000
0.1000
0.1000
0.1000
0.1000
0.1000
0.1000
0.1000
0.1000
0.1000
0.1000
0.1000
0.1000
0.1000
0.1000
0.1000
0.1000
0.1000
0.1000
0.1000
0.1000
0.1000
0.1000
0.1000
0.1000
0.1000
0.1000
0.1000
0.1000
0.1000
0.1000
0.1000
0.1000
0.1000
0.1000
0.1000
0.1000
0.1000
0.1000
0.1000
0.1000
0.1000
0.1000
0.1000
0.1000
0.1000
0.1000
0.1000
0.1000
0.1000
0.1000
0.1000
0.1000
0.1000
0.1000
0.1000
0.1000
0.1000
0.1000
0.1000
0.1000
0.1000
0.1000
0.1000
0.1000
0.1000
0.1000
0.1000
0.1000
0.1000
0.1000
0.1000
0.1000
0.1000
0.1000
0.1000
0.1000
0.1000
0.1000
0.1000
0.1000
0.1000
0.1000
0.1000
0.1000
0.1000
0.1000
0.1000
0.1000
0.1000
0.1000
0.1000
0.1000
0.1000
0.1000
0.1000
0.1000
0.1000
0.1000
0.1000
0.1000
0.1000
0.1000
0.1000
0.1000
0.1000
0.1000
0.1000
0.1000
0.1000
0.1000
0.1000
0.1000
0.1000
0.1000
0.1000
0.1000
0.1000
0.1000
0.1000
0.1000
0.1000
0.1000
0.1000
0.1000
0.1000
0.1000
0.1000
0.1000
0.1000
0.1000
0.1000
0.1000
0.1000
0.1000
0.1000
0.1000
0.1000
0.1000
0.1000
0.1000
0.1000
0.1000
0.1000
0.1000
0.1000
0.1000
0.1000
0.1000
0.1000
0.1000
0.1000
0.1000
0.1000
0.1000
0.1000
0.1000
0.1000
0.1000
0.1000
0.1000
0.1000
0.1000
0.1000
0.1000
0.1000
0.1000
0.1000
0.1000
0.1000
0.1000
0.1000
0.1000
0.1000
0.1000
0.1000
0.1000
0.1000
0.1000
0.1000
0.1000
0.1000
0.1000
0.1000
0.1000
0.1000
0.1000
0.1000
0.1000
0.1000
0.1000
0.1000
0.1000
0.1000
0.1000
0.1000
0.1000
0.1000
0.1000
0.1000
0.1000
0.1000
0.1000
0.1000
0.1000
0.1000
0.1000
0.1000
0.1000
0.1000
0.1000
0.1000
0.1000
0.1000
0.1000
0.1000
0.1000
0.1000
0.1000
0.1000
0.1000
0.1000
0.1000
0.1000
0.1000
0.1000
0.1000
0.1000
0.1000
0.1000
0.1000
0.1000
0.1000
0.1000
0.1000
0.1000
0.1000
0.1000
0.1000
0.1000
0.1000
0.1000
0.1000
0.1000
0.1000
0.1000
0.1000
0.1000
0.1000
0.1000
0.1000
0.1000
0.1000
0.1000
0.1000
0.1000
0.1000
0.1000
0.1000
0.1000
0.1000
0.1000
0.1000
0.1000
0.1000
0.1000
0.1000
0.1000
0.1000
0.1000
0.1000
0.1000
0.1000
0.1000
0.1000
0.1000
0.1000
0.1000
0.1000
0.1000
0.1000
0.1000
0.1000
0.1000
0.1000
0.1000
0.1000
0.1000
0.1000
0.1000
0.1000
0.1000
0.1000
0.1000
0.1000
0.1000
0.1000
0.1000
0.1000
0.1000
0.1000
0.1000
0.1000
0.1000
0.1000
0.1000
0.1000
0.1000
0.1000
0.1000
0.1000
0.1000
0.1000
0.1000
0.1000
0.1000
0.1000
0.1000
0.1000
0.1000
0.1000
0.1000
0.1000
0.1000
0.1000
0.1000
0.1000
0.1000
0.1000
0.1000
0.1000
0.1000
0.1000
0.1000
0.1000
0.1000
0.1000
0.1000
0.1000
0.1000
0.1000
0.1000
0.1000
0.1000
0.1000
0.1000
0.1000
0.1000
0.1000
0.1000
0.1000
0.1000
0.1000
0.1000
0.1000
0.1000
0.1000
0.1000
0.1000
0.1000
0.1000
0.1000
0.1000
0.1000
0.1000
0.1000
0.1000
0.1000
0.1000
0.1000
0.1000
0.1000
0.1000
0.1000
0.1000
0.1000
0.1000
0.1000
0.1000
0.1000
0.1000
0.1000
0.1000
0.1000
0.1000
0.1000
0.1000
0.1000
0.1000
0.1000
0.1000
0.1000
0.1000
0.1000
0.1000
0.1000
0.1000
0.1000
0.1000
0.1000
0.1000
0.1000
0.1000
0.1000
0.1000
0.1000
0.1000
0.1000
0.1000
0.1000
0.1000
0.1000
0.1000
0.1000
0.1000
0.1000
0.1000
0.1000
0.1000
0.1000
0.1000
0.1000
0.1000
0.1000
0.1000
0.1000
0.1000
0.1000
0.1000
0.1000
0.1000
0.1000
0.1000
0.1000
0.1000
0.1000
0.1000
0.1000
0.1000
0.1000
0.1000
0.1000
0.1000
0.1000
0.1000
0.1000
0.1000
0.1000
0.1000
0.1000
0.1000
0.1000
0.1000
0.1000
0.1000
0.1000
0.1000
0.1000
0.1000
0.1000
0.1000
0.1000
0.1000
0.1000
0.1000
0.1000
0.1000
0.1000
0.1000
0.1000
0.1000
0.1000
0.1000
0.1000
0.1000
0.1000
0.1000
0.1000
0.1000
0.1000
0.1000
0.1000
0.1000
0.1000
0.1000
0.1000
0.1000
0.1000
0.1000
0.1000
0.1000
0.1000
0.1000
0.1000
0.1000
0.1000
0.1000
0.1000
0.1000
0.1000
0.1000
0.1000
0.1000
0.1000
0.1000
0.1000
0.1000
0.1000
0.1000
0.1000
0.1000
0.1000
0.1000
0.1000
0.1000
0.1000
0.1000
0.1000
0.1000
0.1000
0.1000
0.1000
0.1000
0.1000
0.1000
0.1000
0.1000
0.1000
0.1000
0.1000
0.1000
0.1000
0.1000
0.1000
0.1000
0.1000
0.1000
0.1000
0.1000
0.1000
0.1000
0.1000
0.1000
0.1000
0.1000
0.1000
0.1000
0.1000
0.1000
0.1000
0.1000
0.1000
0.1000
0.1000
0.1000
0.1000
0.1000
0.1000
0.1000
0.1000
0.1000
0.1000
0.1000
0.1000
0.1000
0.1000
0.1000
0.1000
0.1000
0.1000
0.1000
0.1000
0.1000
0.1000
0.1000
0.1000
0.1000
0.1000
0.1000
0.1000
0.1000
0.1000
0.1000
0.1000
0.1000
0.1000
0.1000
0.1000
0.1000
0.1000
0.1000
0.1000
0.1000
0.1000
0.1000
0.1000
0.1000
0.1000
0.1000
0.1000
0.1000
0.1000
0.1000
0.1000
0.1000
0.1000
0.1000
0.1000
0.1000
0.1000
0.1000
0.1000
0.1000
0.1000
0.1000
0.1000
0.1000
0.1000
0.1000
0.1000
0.1000
0.1000
0.1000
0.1000
0.1000
0.1000
0.1000
0.1000
0.1000
0.1000
0.1000
0.1000
0.1000
0.1000
0.1000
0.1000
0.1000
0.1000
0.1000
0.1000
0.1000
0.1000
0.1000
0.1000
0.1000
0.1000
0.1000
0.1000
0.1000
0.1000
0.1000
0.1000
0.1000
0.1000
0.1000
0.1000
0.1000
0.1000
0.1000
0.1000
0.1000
0.1000
0.1000
0.1000
0.1000
0.1000
0.1000
0.1000
0.1000
0.1000
0.1000
0.1000
0.1000
0.1000
0.1000
0.1000
0.1000
0.1000
0.1000
0.1000
0.1000
0.1000
0.1000
0.1000
0.1000
0.1000
0.1000
0.1000
0.1000
0.1000
0.1000
0.1000
0.1000
0.1000
0.2013
0.2813
0.1928
0.2215
0.4698
0.5305
0.4011
0.1000
0.1000
0.1000
0.1000
0.1000
0.1000
0.1000
0.1000
0.1000
0.1000
0.1000
0.1000
0.1000
0.1000
0.1000
0.1000
0.1000
0.1000
0.1000
0.1000
0.1000
0.1000
0.1000
0.1000
0.1000
0.1000
0.1000
0.1000
0.1000
0.1000
0.1000
0.1000
0.1000
0.1000
0.1000
0.1000
0.1000
0.1000
0.1000
0.1000
0.1000
0.1000
0.3422
0.5977
0.6817
1.2576
1.7332
2.0120
2.0803
1.9347
1.5826
1.0403
0.3301
0.1000
0.1000
0.1000
0.1000
0.1000
0.1000
0.1000
0.1000
0.1000
0.1000
0.1000
0.1000
0.1000
0.1000
0.1000
0.1000
0.1000
0.1000
0.1000
0.1000
0.1000
0.1000
0.1000
0.1000
0.1000
0.1000
0.1000
0.1000
0.1000
0.1000
0.1000
0.1000
0.1000
0.1000
0.1000
0.1000
0.1000
0.1000
0.1454
0.5683
1.0635
1.9503
2.6776
3.2140
3.5310
3.6091
3.4430
3.0436
2.4344
1.6456
0.7086
0.1000
0.1000
0.1000
0.1000
0.1000
0.1000
0.1000
0.1000
0.1000
0.1000
0.1000
0.1000
0.1000
0.1000
0.1000
0.1000
0.1000
0.1000
0.1000
0.1000
0.1000
0.1000
0.1000
0.1000
0.1000
0.1000
0.1000
0.1000
0.1000
0.1000
0.1000
0.1000
0.1000
0.1000
0.1000
0.1000
0.1000
0.1968
1.1328
2.2405
3.2210
4.0380
4.6497
5.0156
5.1062
4.9136
4.4543
3.7633
2.8824
1.8519
0.7058
0.1000
0.1000
0.1000
0.1000
0.1000
0.1000
0.1000
0.1000
0.1000
0.1000
0.1000
0.1000
0.1000
0.1000
0.1000
0.1000
0.1000
0.1000
0.1000
0.1000
0.1000
0.1000
0.1000
0.1000
0.1000
0.1000
0.1000
0.1000
0.1000
0.1000
0.1000
0.1000
0.1000
0.1000
0.1000
0.1000
0.8073
2.0993
3.3039
4.3891
5.3115
6.0167
6.4460
6.5533
6.3257
5.7900
4.9992
4.0120
2.8791
1.6397
0.1000
0.1000
0.1000
0.1000
0.1000
0.1000
0.1000
0.1000
0.1000
0.1000
0.1000
0.1000
0.1000
0.1000
0.1000
0.1000
0.1000
0.1000
0.1000
0.1000
0.1000
0.1000
0.1000
0.1000
0.1000
0.1000
0.1000
0.1000
0.1000
0.1000
0.1000
0.1000
0.1000
0.1000
0.1000
0.1142
1.5412
2.9162
4.2178
5.4139
6.4559
7.2750
7.7866
7.9164
7.6420
7.0090
6.0998
4.9951
3.7562
2.4249
0.1000
0.1000
0.1000
0.1000
0.1000
0.1000
0.1000
0.1000
0.1000
0.1000
0.1000
0.1000
0.1000
0.1000
0.1000
0.1000
0.1000
0.1000
0.1000
0.1000
0.1000
0.1000
0.1000
0.1000
0.1000
0.1000
0.1000
0.1000
0.1000
0.1000
0.1000
0.1000
0.1000
0.1000
0.1000
0.6169
2.1026
3.5491
4.9384
6.2406
7.4064
8.3550
8.9692
9.1286
8.7935
8.0429
7.0038
5.7811
4.4429
3.0303
0.1000
0.1000
0.1000
0.1000
0.1000
0.1000
0.1000
0.1000
0.1000
0.1000
0.1000
0.1000
0.1000
0.1000
0.1000
0.1000
0.1000
0.1000
0.1000
0.1000
0.1000
0.1000
0.1000
0.1000
0.1000
0.1000
0.1000
0.1000
0.1000
0.1000
0.1000
0.1000
0.1000
0.1000
0.1000
0.9408
2.4671
3.9644
5.4184
6.8035
8.0737
9.1436
9.8656
10.0586
9.6560
8.7867
7.6308
6.3116
4.8976
3.4257
0.1000
0.1000
0.1000
0.1000
0.2308
0.3537
0.4159
0.4168
0.3563
0.2352
0.1000
0.1000
0.1000
0.1000
0.1000
0.1000
0.1000
0.1000
0.1000
0.1000
0.1000
0.1000
0.1000
0.1000
0.1000
0.1000
0.1000
0.1000
0.1000
0.1000
0.1000
0.1000
0.1000
0.1000
0.1000
1.0726
2.6160
4.1354
5.6178
7.0409
8.3617
9.4952
10.2799
10.4937
10.0497
9.1141
7.8988
6.5340
5.0858
3.5880
0.1000
0.3843
0.6956
0.9500
1.1443
1.2757
1.3423
1.3433
1.2785
1.1489
0.9564
0.7037
0.3940
0.1000
0.1000
0.1000
0.1000
0.1000
0.1000
0.1000
0.1000
0.1000
0.1000
0.1000
0.1000
0.1000
0.1000
0.1000
0.1000
0.1000
0.1000
0.1000
0.1000
0.1000
0.1000
1.0066
2.5414
4.0497
5.5177
6.9214
8.2162
9.3165
10.0680
10.2706
9.8488
8.9481
7.7636
6.4222
4.9914
3.5067
0.8553
1.2430
1.5751
1.8473
2.0557
2.1969
2.2686
2.2697
2.1999
2.0607
1.8542
1.5837
1.2533
0.8672
0.4301
0.1000
0.1000
0.1000
0.1000
0.1000
0.1000
0.1000
0.1000
0.1000
0.1000
0.1000
0.1000
0.1000
0.1000
0.1000
0.1000
0.1000
0.1000
0.1000
0.1000
0.7458
2.2473
3.7136
5.1277
6.4613
7.6657
8.6577
9.3090
9.4796
9.1218
8.3298
7.2483
5.9896
4.6225
3.1870
1.6781
2.0916
2.4473
2.7399
2.9646
3.1172
3.1948
3.1959
3.1205
2.9700
2.7473
2.4566
2.1026
1.6907
1.2262
0.7146
0.1609
0.1000
0.1000
0.1000
0.1000
0.1000
0.1000
0.1000
0.1000
0.1000
0.1000
0.1000
0.1000
0.1000
0.1000
0.1000
0.1000
0.1000
0.1000
0.3009
1.7491
3.1497
4.4823
5.7151
6.7988
7.6601
8.2039
8.3428
8.0497
7.3792
6.4272
5.2824
4.0088
2.6486
2.4855
2.9281
3.3106
3.6267
3.8703
4.0362
4.1208
4.1220
4.0398
3.8761
3.6347
3.3207
2.9399
2.4989
2.0041
1.4617
0.8773
0.2562
0.1000
0.1000
0.1000
0.1000
0.1000
0.1000
0.1000
0.1000
0.1000
0.1000
0.1000
0.1000
0.1000
0.1000
0.1000
0.1000
0.1000
0.1000
1.0699
2.3904
3.6278
4.7497
5.7107
6.4517
6.9062
7.0203
6.7785
6.2127
5.3844
4.3589
3.1906
1.9200
3.2742
3.7496
4.1628
4.5061
4.7719
4.9537
5.0466
5.0479
4.9576
4.7783
4.5148
4.1736
3.7623
3.2886
2.7601
2.1840
1.5666
0.9137
0.2302
0.1000
0.1000
0.1000
0.1000
0.1000
0.1000
0.1000
0.1000
0.1000
0.1000
0.1000
0.1000
0.1000
0.1000
0.1000
0.1000
0.1000
0.2359
1.4703
2.6098
3.6243
4.4747
5.1154
5.5006
5.5963
5.3931
4.9104
4.1881
3.2733
2.2094
1.0324
4.0399
4.5522
5.0007
5.3759
5.6681
5.8691
5.9721
5.9735
5.8734
5.6752
5.3854
5.0125
4.5660
4.0554
3.4896
2.8769
2.2243
1.5380
0.8229
0.1000
0.1000
0.1000
0.1000
0.1000
0.1000
0.1000
0.1000
0.1000
0.1000
0.1000
0.1000
0.1000
0.1000
0.1000
0.1000
0.1000
0.1000
0.4212
1.4673
2.3841
3.1397
3.6994
4.0314
4.1133
3.9391
3.5213
2.8866
2.0687
1.1015
0.1000
4.7771
5.3310
5.8202
6.2330
6.5572
6.7816
6.8971
6.8988
6.7865
6.5651
6.2436
5.8332
5.3460
4.7938
4.1870
3.5349
2.8450
2.1238
1.3766
0.6074
0.1000
0.1000
0.1000
0.1000
0.1000
0.1000
0.1000
0.1000
0.1000
0.1000
0.1000
0.1000
0.1000
0.1000
0.1000
0.1000
0.1000
0.2862
0.5420
1.0614
1.7372
2.2318
2.5223
2.5936
2.4417
2.0750
1.5118
0.7768
0.1000
0.1000
5.4788
6.0794
6.6155
7.0731
7.4364
7.6901
7.8216
7.8235
7.6957
7.4452
7.0849
6.6298
6.0957
5.4968
4.8452
4.1510
3.4223
2.6656
1.8859
1.0872
0.2729
0.1000
0.1000
0.1000
0.1000
0.1000
0.1000
0.1000
0.1000
0.1000
0.1000
0.1000
0.1000
0.1000
0.1000
0.3388
0.9241
1.3708
1.6578
1.7695
1.6992
1.4512
1.0393
1.0499
0.9156
0.5896
0.1000
0.1000
0.1000
0.1000
6.1358
6.7882
7.3784
7.8894
8.3012
8.5928
8.7453
8.7475
8.5992
8.3114
7.9027
7.3942
6.8060
6.1552
5.4555
4.7174
3.9491
3.1568
2.3452
1.5181
0.6781
0.1000
0.1000
0.1000
0.1000
0.1000
0.1000
0.1000
0.1000
0.1000
0.1000
0.1000
0.1000
0.1000
0.4893
1.2552
1.9024
2.4026
2.7274
2.8547
2.7746
2.4933
2.0308
1.4146
0.6735
0.1000
0.1000
0.1000
0.1000
0.1000
6.7367
7.4453
8.0969
8.6718
9.1448
9.4863
9.6676
9.6702
9.4938
9.1566
8.6869
8.1146
7.4649
6.7577
6.0075
5.2248
4.4173
3.5906
2.7487
1.8948
1.0311
0.1594
0.1000
0.1000
0.1000
0.1000
0.1000
0.1000
0.1000
0.1000
0.1000
0.1000
0.1000
0.3229
1.2464
2.0806
2.7966
3.3588
3.7292
3.8755
3.7833
3.4618
2.9401
2.2560
1.4460
0.5408
0.1000
0.1000
0.1000
0.1000
7.2672
8.0348
8.7541
9.4043
9.9548
10.3645
10.5875
10.5907
10.3737
9.9688
9.4217
8.7739
8.0562
7.2898
6.4889
5.6629
4.8184
3.9598
3.0904
2.2125
1.3277
0.4375
0.1000
0.1000
0.1000
0.1000
0.1000
0.1000
0.1000
0.1000
0.1000
0.1000
0.1000
0.8989
1.8836
2.7861
3.5743
4.2052
4.6283
4.7975
4.6908
4.3222
3.7342
2.9778
2.0983
1.1300
0.1000
0.1000
0.1000
0.1000
7.7106
8.5361
9.3262
10.0615
10.7092
11.2148
11.5028
11.5071
11.2265
10.7260
10.0815
9.3482
8.5593
7.7347
6.8861
6.0208
5.1435
4.2573
3.3644
2.4663
1.5641
0.6585
0.1000
0.1000
0.1000
0.1000
0.1000
0.1000
0.1000
0.1000
0.1000
0.1000
0.2468
1.3355
2.3728
3.3363
4.1924
4.8920
5.3711
5.5655
5.4426
5.0235
4.3683
3.5431
2.6006
1.5779
0.4994
0.1000
0.1000
0.1000
8.0485
8.9248
9.7811
10.6039
11.3657
12.0070
12.4071
12.4134
12.0226
11.3862
10.6268
9.8053
8.9497
8.0739
7.1852
6.2879
5.3845
4.4768
3.5658
2.6522
1.7367
0.8922
0.2941
0.1000
0.1000
0.1000
0.1000
0.1000
0.1000
0.1000
0.1000
0.1000
0.4935
1.6123
2.6861
3.6936
4.6010
5.3554
5.8820
6.0988
5.9615
5.4990
4.7894
3.9115
2.9233
1.8625
0.7526
0.1000
0.1000
0.1000
8.2634
9.1757
10.0817
10.9763
11.8474
12.6592
13.2733
13.2844
12.6808
11.8718
11.0017
10.1076
9.2018
8.2897
7.3736
6.4549
5.5345
4.6128
3.6902
2.7669
1.8430
1.0948
0.4867
0.1000
0.1000
0.1000
0.1000
0.1000
0.1000
0.1000
0.1000
0.1000
0.5840
1.7142
2.8021
3.8270
4.7554
5.5331
6.0806
6.3075
6.1637
5.6819
4.9490
4.0494
3.0430
1.9674
0.8455
0.1000
0.1000
0.1000
8.3422
9.2686
10.1946
11.1199
12.0439
12.9637
13.8574
13.8813
12.9899
12.0703
11.1464
10.2211
9.2951
8.3688
7.4423
6.5156
5.5888
4.6620
3.7351
2.8082
1.8813
1.2399
0.6244
0.1000
0.1000
0.1000
0.1000
0.1000
0.1000
0.1000
0.1000
0.1000
0.5139
1.6353
2.7122
3.7236
4.6356
5.3951
5.9262
6.1452
6.0065
5.5399
4.8251
3.9425
2.9503
1.8861
0.7735
0.1000
0.1000
0.1000
8.2797
9.1948
10.1048
11.0055
11.8868
12.7177
13.3664
13.3786
12.7400
11.9116
11.0312
10.1308
9.2210
8.3060
7.3878
6.4675
5.5457
4.6230
3.6995
2.7754
1.9163
1.3253
0.7054
0.1000
0.1000
0.1000
0.1000
0.1000
0.1000
0.1000
0.1000
0.1000
0.2867
1.3801
2.4231
3.3934
4.2573
4.9651
5.4510
5.6487
5.5237
5.0983
4.4351
3.6019
2.6524
1.6238
0.5403
0.1000
0.1000
0.1000
8.0799
8.9613
9.8245
10.6568
11.4322
12.0920
12.5102
12.5168
12.1082
11.4531
10.6800
9.8488
8.9863
8.1054
7.2128
6.3124
5.4066
4.4968
3.5841
2.6692
1.9420
1.3496
0.7284
0.1000
0.1000
0.1000
0.1000
0.1000
0.1000
0.1000
0.1000
0.1000
0.1000
0.9629
1.9550
2.8658
3.6631
4.3030
4.7333
4.9056
4.7968
4.4218
3.8251
3.0596
2.1714
1.1956
0.1568
0.1000
0.1000
0.1000
7.7554
8.5872
9.3854
10.1310
10.7911
11.3102
11.6081
11.6125
11.3222
10.8083
10.1513
9.4076
8.6107
7.7796
6.9259
6.0565
5.1758
4.2868
3.3915
2.4913
1.9028
1.3124
0.6932
0.1000
0.1000
0.1000
0.1000
0.1000
0.1000
0.1000
0.1000
0.1000
0.1000
0.4035
1.3351
2.1781
2.9032
3.4739
3.8506
3.9997
3.9057
3.5786
3.0488
2.3555
1.5366
0.6231
0.1000
0.1000
0.1000
0.1000
7.3233
8.0977
8.8251
9.4847
10.0454
10.4645
10.6935
10.6969
10.4740
10.0596
9.5024
8.8451
8.1193
7.3460
6.5393
5.7085
4.8600
3.9980
3.1256
2.3501
1.7994
1.2144
0.6003
0.1000
0.1000
0.1000
0.1000
0.1000
0.1000
0.1000
0.1000
0.1000
0.1000
0.1000
0.5917
1.3662
2.0218
2.5295
2.8597
2.9892
2.9077
2.6217
2.1521
1.5276
0.7779
0.1000
0.1000
0.1000
0.1000
0.1000
6.8019
7.5173
8.1764
8.7594
9.2404
9.5887
9.7740
9.7767
9.5964
9.2524
8.7747
8.1942
7.5370
6.8231
6.0669
5.2791
4.4672
3.6367
2.7915
2.1756
1.6336
1.0570
0.4509
0.1000
0.1000
0.1000
0.1000
0.1000
0.1000
0.1000
0.1000
0.1000
0.1000
0.1000
0.1000
0.4600
1.0529
1.5059
1.7973
1.9108
1.8394
1.5875
1.1696
0.6067
0.1000
0.1000
0.1000
0.1000
0.1000
0.1000
6.2083
6.8670
7.4639
7.9818
8.4000
8.6966
8.8519
8.8541
8.7031
8.4103
7.9952
7.4800
6.8851
6.2280
5.5225
4.7792
4.0063
3.2100
2.4288
1.9388
1.4082
0.8428
0.2472
0.1000
0.1000
0.1000
0.1000
0.1000
0.1000
0.1000
0.1000
0.1000
0.1000
0.1000
0.1000
0.1000
0.1000
0.4271
0.6866
0.7871
0.7239
0.4999
0.1256
0.1000
0.1000
0.1000
0.1000
0.1000
0.1000
0.1000
5.5571
6.1635
6.7055
7.1687
7.5371
7.7948
7.9284
7.9303
7.8004
7.5461
7.1807
6.7200
6.1800
5.5753
4.9183
4.2191
3.4859
2.7250
2.1199
1.6437
1.1268
0.5746
0.1000
0.1000
0.1000
0.1000
0.1000
0.1000
0.1000
0.1000
0.1000
0.1000
0.1000
0.1000
0.1000
0.1000
0.1000
0.1000
0.1000
0.1000
0.1000
0.1000
0.1000
0.1000
0.1000
0.1000
0.1000
0.1000
0.1000
0.1000
4.8601
5.4192
5.9135
6.3310
6.6594
6.8868
7.0040
7.0056
6.8917
6.6674
6.3417
5.9266
5.4343
4.8770
4.2652
3.6083
2.9141
2.1888
1.7558
1.2949
0.7934
0.2561
0.1000
0.1000
0.1000
0.1000
0.1000
0.1000
0.1000
0.1000
0.1000
0.1000
0.1000
0.1000
0.1000
0.1000
0.1000
0.1000
0.1000
0.1000
0.1000
0.1000
0.1000
0.1000
0.1000
0.1000
0.1000
0.1000
0.1000
0.1000
4.1266
4.6435
5.0964
5.4756
5.7713
5.9747
6.0790
6.0804
5.9791
5.7784
5.4853
5.1084
4.6574
4.1422
3.5720
2.9548
2.2981
1.7408
1.3419
0.8973
0.4122
0.1000
0.1000
0.1000
0.1000
0.1000
0.1000
0.1000
0.1000
0.1000
0.1000
0.1000
0.1000
0.1000
0.1000
0.1000
0.1000
0.1000
0.1000
0.1000
0.1000
0.1000
0.1000
0.1000
0.1000
0.1000
0.1000
0.1000
0.1000
0.1000
3.3639
3.8433
4.2604
4.6071
4.8757
5.0596
5.1535
5.1549
5.0635
4.8822
4.6159
4.2714
3.8562
3.3784
2.8458
2.2656
1.6443
1.2661
0.8834
0.4557
0.1000
0.1000
0.1000
0.1000
0.1000
0.1000
0.1000
0.1000
0.1000
0.1000
0.1000
0.1000
0.1000
0.1000
0.1000
0.1000
0.1000
0.1000
0.1000
0.1000
0.1000
0.1000
0.1000
0.1000
0.1000
0.1000
0.1000
0.1000
0.1000
0.1000
2.5776
3.0238
3.4097
3.7287
3.9747
4.1423
4.2278
4.2290
4.1459
3.9806
3.7368
3.4198
3.0358
2.5912
2.0927
1.5465
1.0701
0.7520
0.3854
0.1000
0.1000
0.1000
0.1000
0.1000
0.1000
0.1000
0.1000
0.1000
0.1000
0.1000
0.1000
0.1000
0.1000
0.1000
0.1000
0.1000
0.1000
0.1000
0.1000
0.1000
0.1000
0.1000
0.1000
0.1000
0.1000
0.1000
0.1000
0.1000
0.1000
0.1000
1.7722
2.1889
2.5476
2.8427
3.0694
3.2234
3.3018
3.3029
3.2267
3.0748
2.8502
2.5569
2.2000
1.7849
1.3171
0.8020
0.5070
0.2034
0.1000
0.1000
0.1000
0.1000
0.1000
0.1000
0.1000
0.1000
0.1000
0.1000
0.1000
0.1000
0.1000
0.1000
0.1000
0.1000
0.1000
0.1000
0.1000
0.1000
0.1000
0.1000
0.1000
0.1000
0.1000
0.1000
0.1000
0.1000
0.1000
0.1000
0.1000
0.1000
0.1000
0.1000
0.1000
0.1000
0.1000
0.1000
0.1000
0.1000
0.1000
0.1000
0.1000
0.1000
0.1000
0.1000
0.1000
0.1000
0.1000
0.1000
0.1000
0.1000
0.1000
0.1000
0.1000
0.1000
0.1000
0.1000
0.1000
0.1000
0.1000
0.1000
0.1000
0.1000
0.1000
0.1000
0.1000
0.1000
0.1000
0.1000
0.1000
0.1000
0.1000
0.1000
0.1000
0.1000
0.1000
0.1000
0.1000
0.1000
0.1000
0.1000
0.1000
0.1000
0.1000
0.1000
0.1000
0.1000
0.1000
0.1000
0.1000
0.1000
0.1000
0.1000
0.1000
0.1000
0.1000
0.1000
0.1000
0.1000
0.1000
0.1000
0.1000
0.1000
0.1000
0.1000
0.1000
0.1000
0.1000
0.1000
0.1000
0.1000
0.1000
0.1000
0.1000
0.1000
0.1000
0.1000
0.1000
0.1000
0.1000
0.1000
0.1000
0.1000
0.1000
0.1000
0.1000
0.1000
0.1000
0.1000
0.1000
0.1000
0.1000
0.1000
0.1000
0.1000
0.1000
0.1000
0.1000
0.1000
0.1000
0.1000
0.1000
0.1000
0.1000
0.1000
0.1000
0.1000
0.1000
0.1000
0.1000
0.1000
0.1000
0.1000
0.1000
0.1000
0.1000
0.1000
0.1000
0.1000
0.1000
0.1000
0.1000
0.1000
0.1000
0.1000
0.1000
0.1000
0.1000
0.1000
0.1000
0.1000
0.1000
0.1000
0.1000
0.1000
0.1000
0.1000
0.1000
0.1000
0.1000
0.1000
0.1000
0.1000
0.1000
0.1000
0.1000
0.1000
0.1000
0.1000
0.1000
0.1000
0.1000
0.1000
0.1000
0.1000
0.1000
0.1000
0.1000
0.1000
0.1000
0.1000
0.1000
0.1000
0.1000
0.1000
0.1000
0.1000
0.1000
0.1000
0.1000
0.1000
0.1000
0.1000
0.1000
0.1000
0.1000
0.1000
0.1000
0.1000
0.1000
0.1000
0.1000
0.1000
0.1000
0.1000
0.1000
0.1000
0.1000
0.1000
0.1000
0.1000
0.1000
0.1000
0.1000
0.1000
0.1000
0.1000
0.1000
0.1000
0.1000
0.1000
0.1000
0.1000
0.1000
0.1000
0.1000
0.1000
0.1000
0.1000
0.1000
0.1000
0.1000
0.1000
0.1000
0.1000
0.1000
0.1000
0.1000
0.1000
0.1000
0.1000
0.1000
0.1000
0.1000
0.1000
0.1000
0.1000
0.1000
0.1000
0.1000
0.1000
0.1000
0.1000
0.1000
0.1000
0.1000
0.1000
0.1000
0.1000
0.1000
0.1000
0.1000
0.1000
0.1000
0.1000
0.1000
0.1000
0.1000
0.1000
0.1000
0.1000
0.1000
0.1000
0.1000
0.1000
0.1000
0.1000
0.1000
0.1000
0.1000
0.1000
0.1000
0.1000
0.1000
0.1000
0.1000
0.1000
0.1000
0.1000
0.1000
0.1000
0.1000
0.1000
0.1000
0.1000
0.1000
0.1000
0.1000
0.1000
0.1000
0.1000
0.1000
0.1000
0.1000
0.1000
0.1000
0.1000
0.1000
0.1000
0.1000
0.1000
0.1000
0.1000
0.1000
0.1000
0.1000
0.1000
0.1000
0.1000
0.1000
0.1000
0.1000
0.1000
0.1000
0.1000
0.1000
0.1000
0.1000
0.1000
0.1000
0.1000
0.1000
0.1000
0.1000
0.1000
0.1000
0.1000
0.1000
0.1000
0.1000
0.1000
0.1000
0.1000
0.1000
0.1000
0.1000
0.1000
0.1000
0.1000
0.1000
0.1000
0.1000
0.1000
0.1000
0.1000
0.1000
0.1000
0.1000
0.1000
0.1000
0.1000
0.1000
0.1000
0.1000
0.1000
0.1000
0.1000
0.1000
0.1000
0.1000
0.1000
0.1000
0.1000
0.1000
0.1000
0.1000
0.1000
0.1000
0.1000
0.1000
0.1000
0.1000
0.1000
0.1000
0.1000
0.1000
0.1000
0.1000
0.1000
0.1000
0.1000
0.1000
0.1000
0.1000
0.1000
0.1000
0.1000
0.1000
0.1000
0.1000
0.1000
0.1000
0.1000
0.1000
0.1000
0.1000
0.1000
0.1000
0.1000
0.1000
0.1000
0.1000
0.1000
0.1000
0.1000
0.1000
0.1000
0.1000
0.1000
0.1000
0.1000
0.1000
0.1000
0.1000
0.1000
0.1000
0.1000
0.1000
0.1000
0.1000
0.1000
0.1000
0.1000
0.1000
0.1000
0.1000
0.1000
0.1000
0.1000
0.1000
0.1000
0.1000
0.1000
0.1000
0.1000
0.1000
0.1000
0.1000
0.1000
0.1000
0.1000
0.1000
0.1000
0.1000
0.1000
0.1000
0.1000
0.1000
0.1000
0.1000
0.1000
0.1000
0.1000
0.1000
0.1000
0.1000
0.1000
0.1000
0.1000
0.1000
0.1000
0.1000
0.1000
0.1000
0.1000
0.1000
0.1000
0.1000
0.1000
0.1000
0.1000
0.1000
0.1000
0.1000
0.1000
0.1000
0.1000
0.1000
0.1000
0.1000
0.1000
0.1000
0.1000
0.1000
0.1000
0.1000
0.1000
0.1000
0.1000
0.1000
0.1000
0.1000
0.1000
0.1000
0.1000
0.1000
0.1000
0.1000
0.1000
0.1000
0.1000
0.1000
0.1000
0.1000
0.1000
0.1000
0.1000
0.1000
0.1000
0.1000
0.1000
0.1000
0.1000
0.1000
0.1000
0.1000
0.1000
0.1000
0.1000
0.1000
0.1000
0.1000
0.1000
0.1000
0.1000
0.1000
0.1000
0.1000
0.1000
0.1000
0.1000
0.1000
0.1000
0.1000
0.1000
0.1000
0.1000
0.1000
0.1000
0.1000
0.1000
0.1000
0.1000
0.1000
0.1000
0.1000
0.1000
0.1000
0.1000
0.1000
0.1000
0.1000
0.1000
0.1000
0.1000
0.1000
0.1000
0.1000
0.1000
0.1000
0.1000
0.1000
0.1000
0.1000
0.1000
0.1000
0.1000
0.1000
0.1000
0.1000
0.1000
0.1000
0.1000
0.1000
0.1000
0.1000
0.1000
0.1000
0.1000
0.1000
0.1000
0.1000
0.1000
0.1000
0.1000
0.1000
0.1000
0.1000
0.1000
0.1000
0.1000
0.1000
0.1000
0.1000
0.1000
0.1000
0.1000
0.1000
0.1000
0.1000
0.1000
0.1000
0.1000
0.1000
0.1000
0.1000
0.1000
0.1000
0.1000
0.1000
0.1000
0.1000
0.1000
0.1000
0.1000
0.1000
0.1000
0.1000
0.1000
0.1000
0.1000
0.1000
0.1000
0.1000
0.1000
0.1000
0.1000
0.1000
0.1000
0.1000
0.1000
0.1000
0.1000
0.1000
0.1000
0.1000
0.1000
0.1000
0.1000
0.1000
0.1000
0.1000
0.1000
0.1000
0.1000
0.1000
0.1000
0.1000
0.1000
0.1000
0.1000
0.1000
0.1000
0.1000
0.1000
0.1000
0.1000
0.1000
0.1000
0.1000
0.1000
0.1000
0.1000
0.1000
0.1000
0.1000
0.1000
0.1000
0.1000
0.1000
0.1000
0.1000
0.1000
0.1000
0.1000
0.1000
0.1000
0.1000
0.1000
0.1000
0.1000
0.1000
0.1000
0.1000
0.1000
0.1000
0.1000
0.1000
0.1000
0.1000
0.1000
0.1000
0.1000
0.1000
0.1000
0.1000
0.1000
0.1000
0.1000
0.1000
0.1000
0.1000
0.1000
0.1000
0.1000
0.1000
0.1000
0.1000
0.1000
0.1000
0.1000
0.1000
0.1000
0.1000
0.1000
0.1000
0.1000
0.1000
0.1000
0.1000
0.1000
0.1000
0.1000
0.1000
0.1000
0.1000
0.1000
0.1000
0.1000
0.1000
0.1000
0.1000
0.1000
0.1000
0.1000
0.1000
0.1000
0.1000
0.1000
0.1000
0.1000
0.1000
0.1000
0.2249
0.2845
0.1574
0.1000
0.1000
0.1000
0.1000
0.1000
0.1000
0.1000
0.1000
0.1000
0.1000
0.1000
0.1000
0.1000
0.1000
0.1000
0.1000
0.1000
0.1000
0.1000
0.1000
0.1000
0.1000
0.1000
0.1000
0.1000
0.1000
0.1000
0.1000
0.1000
0.1000
0.1000
0.1000
0.1000
0.1000
0.1000
0.1000
0.1000
0.1000
0.1000
0.1000
0.1000
0.1000
0.1000
0.1000
0.3582
0.9982
1.4642
1.7370
1.8038
1.6614
1.3167
0.7851
0.1000
0.1000
0.1000
0.1000
0.1000
0.1000
0.1000
0.1000
0.1000
0.1000
0.1000
0.1000
0.1000
0.1000
0.1000
0.1000
0.1000
0.1000
0.1000
0.1000
0.1000
0.1000
0.1000
0.1000
0.1000
0.1000
0.1000
0.1000
0.1000
0.1000
0.1000
0.1000
0.1000
0.1000
0.1000
0.1000
0.1000
0.1000
0.1000
0.1000
0.1000
0.8079
1.6767
2.3873
2.9100
3.2183
3.2941
3.1327
2.7440
2.1498
1.3785
0.4595
0.1000
0.1000
0.1000
0.1000
0.1000
0.1000
0.1000
0.1000
0.1000
0.1000
0.1000
0.1000
0.1000
0.1000
0.1000
0.1000
0.1000
0.1000
0.1000
0.1000
0.1000
0.1000
0.1000
0.1000
0.1000
0.1000
0.1000
0.1000
0.1000
0.1000
0.1000
0.1000
0.1000
0.1000
0.1000
0.1000
0.1000
0.1000
0.8758
1.9604
2.9168
3.7103
4.3019
4.6546
4.7418
4.5564
4.1132
3.4439
2.5870
1.5804
0.4568
0.1000
0.1000
0.1000
0.1000
0.1000
0.1000
0.1000
0.1000
0.1000
0.1000
0.1000
0.1000
0.1000
0.1000
0.1000
0.1000
0.1000
0.1000
0.1000
0.1000
0.1000
0.1000
0.1000
0.1000
0.1000
0.1000
0.1000
0.1000
0.1000
0.1000
0.1000
0.1000
0.1000
0.1000
0.1000
0.1000
0.5564
1.8224
2.9975
4.0501
4.9391
5.6141
6.0224
6.1242
5.9082
5.3975
4.6388
3.6851
2.5838
1.3726
0.1000
0.1000
0.1000
0.1000
0.1000
0.1000
0.1000
0.1000
0.1000
0.1000
0.1000
0.1000
0.1000
0.1000
0.1000
0.1000
0.1000
0.1000
0.1000
0.1000
0.1000
0.1000
0.1000
0.1000
0.1000
0.1000
0.1000
0.1000
0.1000
0.1000
0.1000
0.1000
0.1000
0.1000
0.1000
0.1000
1.2761
2.6199
3.8845
5.0374
6.0318
6.8044
7.2817
7.4020
7.1473
6.5546
5.6933
4.6349
3.4370
2.1406
0.1000
0.1000
0.1000
0.1000
0.1000
0.1000
0.1000
0.1000
0.1000
0.1000
0.1000
0.1000
0.1000
0.1000
0.1000
0.1000
0.1000
0.1000
0.1000
0.1000
0.1000
0.1000
0.1000
0.1000
0.1000
0.1000
0.1000
0.1000
0.1000
0.1000
0.1000
0.1000
0.1000
0.1000
0.1000
0.3695
1.8256
3.2359
4.5803
5.8273
6.9275
7.8058
8.3629
8.5056
8.2047
7.5189
6.5497
5.3891
4.1022
2.7310
0.1000
0.1000
0.1000
0.1000
0.1000
0.1000
0.1000
0.1000
0.1000
0.1000
0.1000
0.1000
0.1000
0.1000
0.1000
0.1000
0.1000
0.1000
0.1000
0.1000
0.1000
0.1000
0.1000
0.1000
0.1000
0.1000
0.1000
0.1000
0.1000
0.1000
0.1000
0.1000
0.1000
0.1000
0.1000
0.6874
2.1817
3.6390
5.0417
6.3608
7.5473
8.5190
9.1527
9.3180
8.9710
8.1985
7.1369
5.8948
4.5410
3.1159
0.1000
0.1000
0.1000
0.1000
0.2159
0.3386
0.4008
0.4017
0.3412
0.2202
0.1000
0.1000
0.1000
0.1000
0.1000
0.1000
0.1000
0.1000
0.1000
0.1000
0.1000
0.1000
0.1000
0.1000
0.1000
0.1000
0.1000
0.1000
0.1000
0.1000
0.1000
0.1000
0.1000
0.1000
0.1000
0.8167
2.3272
3.8046
5.2329
6.5846
7.8119
8.8303
9.5050
9.6829
9.3105
8.4927
7.3857
6.1059
4.7222
3.2737
0.1000
0.3692
0.6802
0.9343
1.1283
1.2595
1.3261
1.3270
1.2623
1.1329
0.9407
0.6883
0.3789
0.1000
0.1000
0.1000
0.1000
0.1000
0.1000
0.1000
0.1000
0.1000
0.1000
0.1000
0.1000
0.1000
0.1000
0.1000
0.1000
0.1000
0.1000
0.1000
0.1000
0.1000
0.1000
0.7520
2.2543
3.7216
5.1369
6.4721
7.6785
8.6727
9.3260
9.4972
9.1382
8.3440
7.2604
5.9998
4.6313
3.1946
0.8397
1.2268
1.5586
1.8304
2.0385
2.1795
2.2512
2.2522
2.1826
2.0435
1.8373
1.5672
1.2372
0.8515
0.4149
0.1000
0.1000
0.1000
0.1000
0.1000
0.1000
0.1000
0.1000
0.1000
0.1000
0.1000
0.1000
0.1000
0.1000
0.1000
0.1000
0.1000
0.1000
0.1000
0.1000
0.4960
1.9671
3.3956
4.7625
6.0369
7.1694
8.0817
8.6661
8.8167
8.4996
7.7827
6.7795
5.5882
4.2757
2.8837
1.6614
2.0744
2.4296
2.7217
2.9460
3.0984
3.1759
3.1770
3.1017
2.9514
2.7291
2.4389
2.0854
1.6740
1.2101
0.6991
0.1460
0.1000
0.1000
0.1000
0.1000
0.1000
0.1000
0.1000
0.1000
0.1000
0.1000
0.1000
0.1000
0.1000
0.1000
0.1000
0.1000
0.1000
0.1000
0.1000
1.4798
2.8474
4.1403
5.3260
6.3564
7.1641
7.6672
7.7946
7.5252
6.9021
6.0046
4.9111
3.6820
2.3590
2.4677
2.9096
3.2915
3.6070
3.8501
4.0158
4.1002
4.1014
4.0193
3.8560
3.6150
3.3015
2.9214
2.4811
1.9870
1.4453
0.8616
0.2412
0.1000
0.1000
0.1000
0.1000
0.1000
0.1000
0.1000
0.1000
0.1000
0.1000
0.1000
0.1000
0.1000
0.1000
0.1000
0.1000
0.1000
0.1000
0.8142
2.1069
3.3123
4.3984
5.3218
6.0279
6.4577
6.5652
6.3373
5.8008
5.0091
4.0209
2.8872
1.6470
3.2551
3.7297
4.1421
4.4846
4.7499
4.9313
5.0239
5.0252
4.9352
4.7563
4.4934
4.1529
3.7424
3.2695
2.7419
2.1666
1.5501
0.8980
0.2152
0.1000
0.1000
0.1000
0.1000
0.1000
0.1000
0.1000
0.1000
0.1000
0.1000
0.1000
0.1000
0.1000
0.1000
0.1000
0.1000
0.1000
0.1000
1.2067
2.3211
3.3089
4.1329
4.7507
5.1206
5.2122
5.0174
4.5533
3.8557
2.9676
1.9301
0.7773
4.0194
4.5307
4.9782
5.3524
5.6439
5.8442
5.9469
5.9484
5.8486
5.6509
5.3619
4.9900
4.5444
4.0349
3.4702
2.8585
2.2069
1.5215
0.8073
0.1000
0.1000
0.1000
0.1000
0.1000
0.1000
0.1000
0.1000
0.1000
0.1000
0.1000
0.1000
0.1000
0.1000
0.1000
0.1000
0.1000
0.1000
0.1772
1.2038
2.1007
2.8376
3.3819
3.7039
3.7832
3.6144
3.2088
2.5910
1.7924
0.8451
0.1000
4.7551
5.3077
5.7955
6.2071
6.5302
6.7538
6.8689
6.8705
6.7586
6.5381
6.2176
5.8085
5.3226
4.7717
4.1662
3.5153
2.8267
2.1066
1.3603
0.5920
0.1000
0.1000
0.1000
0.1000
0.1000
0.1000
0.1000
0.1000
0.1000
0.1000
0.1000
0.1000
0.1000
0.1000
0.1000
0.1000
0.1000
0.1000
0.2567
0.8058
1.4681
1.9519
2.2357
2.3053
2.1570
1.7986
1.2474
0.5264
0.1000
0.1000
5.4550
6.0539
6.5883
7.0441
7.4059
7.6586
7.7894
7.7913
7.6641
7.4148
7.0559
6.6026
6.0702
5.4730
4.8230
4.1303
3.4030
2.6475
1.8689
1.0713
0.2579
0.1000
0.1000
0.1000
0.1000
0.1000
0.1000
0.1000
0.1000
0.1000
0.1000
0.1000
0.1000
0.1000
0.1000
0.1000
0.6278
1.0605
1.3378
1.4456
1.3778
1.1383
0.7395
0.7945
0.6627
0.3426
0.1000
0.1000
0.1000
0.1000
6.1102
6.7603
7.3482
7.8569
8.2665
8.5563
8.7078
8.7100
8.5627
8.2766
7.8701
7.3640
6.7781
6.1295
5.4318
4.6955
3.9288
3.1380
2.3277
1.5016
0.6626
0.1000
0.1000
0.1000
0.1000
0.1000
0.1000
0.1000
0.1000
0.1000
0.1000
0.1000
0.1000
0.1000
0.2054
0.9486
1.5737
2.0545
2.3655
2.4870
2.4105
2.1414
1.6973
1.1029
0.3845
0.1000
0.1000
0.1000
0.1000
0.1000
6.7091
7.4149
8.0633
8.6349
9.1045
9.4432
9.6229
9.6255
9.4507
9.1162
8.6499
8.0809
7.4344
6.7300
5.9822
5.2017
4.3961
3.5710
2.7306
1.8779
1.0153
0.1445
0.1000
0.1000
0.1000
0.1000
0.1000
0.1000
0.1000
0.1000
0.1000
0.1000
0.1000
0.1000
0.9402
1.7453
2.4315
2.9666
3.3168
3.4546
3.3678
3.0642
2.5685
1.9138
1.1333
0.2555
0.1000
0.1000
0.1000
0.1000
7.2375
8.0015
8.7167
9.3620
9.9073
10.3122
10.5321
10.5353
10.3213
9.9211
9.3792
8.7363
8.0228
7.2600
6.4621
5.6386
4.7962
3.9395
3.0717
2.1951
1.3115
0.4223
0.1000
0.1000
0.1000
0.1000
0.1000
0.1000
0.1000
0.1000
0.1000
0.1000
0.1000
0.6033
1.5556
2.4216
3.1706
3.7638
4.1576
4.3140
4.2154
3.8730
3.3215
2.6045
1.7623
0.8275
0.1000
0.1000
0.1000
0.1000
7.6790
8.5000
9.2845
10.0128
10.6520
11.1487
11.4302
11.4344
11.1601
10.6685
10.0326
9.3063
8.5230
7.7029
6.8579
5.9955
5.1206
4.2365
3.3452
2.4486
1.5476
0.6431
0.1000
0.1000
0.1000
0.1000
0.1000
0.1000
0.1000
0.1000
0.1000
0.1000
0.1000
1.0264
2.0259
2.9453
3.7518
4.4010
4.8387
5.0143
4.9034
4.5218
3.9160
3.1411
2.2442
1.2607
0.2153
0.1000
0.1000
0.1000
8.0152
8.8861
9.7353
10.5483
11.2963
11.9196
12.3028
12.3087
11.9346
11.3164
10.5709
9.7593
8.9108
8.0404
7.1558
6.2617
5.3610
4.4554
3.5462
2.6342
1.7200
0.8040
0.1000
0.1000
0.1000
0.1000
0.1000
0.1000
0.1000
0.1000
0.1000
0.1000
0.2096
1.2939
2.3259
3.2832
4.1322
4.8245
5.2974
5.4890
5.3679
4.9544
4.3065
3.4884
2.5525
1.5352
0.4613
0.1000
0.1000
0.1000
8.2289
9.1352
10.0328
10.9147
11.7653
12.5406
13.0969
13.1065
12.5608
11.7889
10.9396
10.0583
9.1611
8.2550
7.3434
6.4283
5.5106
4.5912
3.6704
2.7487
1.8261
0.9029
0.2178
0.1000
0.1000
0.1000
0.1000
0.1000
0.1000
0.1000
0.1000
0.1000
0.2975
1.3923
2.4368
3.4090
4.2751
4.9851
5.4730
5.6715
5.5459
5.1188
4.4534
3.6180
2.6666
1.6363
0.5515
0.1000
0.1000
0.1000
8.3073
9.2273
10.1443
11.0557
11.9551
12.8218
13.5475
13.5623
12.8456
11.9806
11.0817
10.1706
9.2537
8.3337
7.4118
6.4887
5.5648
4.6403
3.7153
2.7899
1.8643
0.9535
0.3525
0.1000
0.1000
0.1000
0.1000
0.1000
0.1000
0.1000
0.1000
0.1000
0.2294
1.3161
2.3509
3.3115
4.1643
4.8604
5.3366
5.5297
5.4077
4.9912
4.3394
3.5176
2.5782
1.5580
0.4817
0.1000
0.1000
0.1000
8.2451
9.1542
10.0556
10.9434
11.8035
12.5952
13.1764
13.1866
12.6160
11.8274
10.9686
10.0813
9.1802
8.2712
7.3575
6.4407
5.5218
4.6013
3.6797
2.7572
1.8340
1.0368
0.4317
0.1000
0.1000
0.1000
0.1000
0.1000
0.1000
0.1000
0.1000
0.1000
0.1000
1.0695
2.0742
2.9994
3.8125
4.4681
4.9110
5.0890
4.9766
4.5903
3.9782
3.1967
2.2938
1.3050
0.2551
0.1000
0.1000
0.1000
8.0464
8.9224
9.7783
10.6004
11.3613
12.0014
12.4004
12.4067
12.0170
11.3817
10.6233
9.8024
8.9472
8.0718
7.1833
6.2862
5.3830
4.4754
3.5645
2.6511
1.7356
1.0605
0.4542
0.1000
0.1000
0.1000
0.1000
0.1000
0.1000
0.1000
0.1000
0.1000
0.1000
0.6654
1.6243
2.4976
3.2545
3.8551
4.2547
4.4136
4.3133
3.9659
3.4072
2.6823
1.8326
0.8910
0.1000
0.1000
0.1000
0.1000
7.7235
8.5508
9.3432
10.0815
10.7326
11.2421
11.5328
11.5371
11.2538
10.7495
10.1016
9.3653
8.5741
7.7476
6.8976
6.0311
5.1528
4.2658
3.3723
2.4735
1.5991
1.0243
0.4198
0.1000
0.1000
0.1000
0.1000
0.1000
0.1000
0.1000
0.1000
0.1000
0.1000
0.1220
1.0259
1.8390
2.5333
3.0757
3.4312
3.5713
3.4830
3.1747
2.6720
2.0094
1.2208
0.3355
0.1000
0.1000
0.1000
0.1000
7.2933
8.0641
8.7872
9.4417
9.9969
10.4109
10.6366
10.6399
10.4202
10.0109
9.4592
8.8070
8.0855
7.3160
6.5124
5.6842
4.8378
3.9776
3.1068
2.2277
1.4985
0.9287
0.3289
0.1000
0.1000
0.1000
0.1000
0.1000
0.1000
0.1000
0.1000
0.1000
0.1000
0.1000
0.3050
1.0560
1.6887
2.1761
2.4918
2.6153
2.5375
2.2643
1.8140
1.2121
0.4859
0.1000
0.1000
0.1000
0.1000
0.1000
6.7740
7.4865
8.1423
8.7218
9.1994
9.5447
9.7283
9.7309
9.5524
9.2113
8.7371
8.1601
7.5062
6.7951
6.0415
5.2559
4.4459
3.6170
2.7732
1.9176
1.3372
0.7752
0.1828
0.1000
0.1000
0.1000
0.1000
0.1000
0.1000
0.1000
0.1000
0.1000
0.1000
0.1000
0.1000
0.1770
0.7527
1.1911
1.4724
1.5818
1.5130
1.2700
0.8658
0.3196
0.1000
0.1000
0.1000
0.1000
0.1000
0.1000
6.1825
6.8389
7.4334
7.9488
8.3647
8.6594
8.8138
8.8160
8.6659
8.3749
7.9622
7.4494
6.8569
6.2020
5.4986
4.7572
3.9860
3.1910
2.3772
1.6341
1.1177
0.5659
0.1000
0.1000
0.1000
0.1000
0.1000
0.1000
0.1000
0.1000
0.1000
0.1000
0.1000
0.1000
0.1000
0.1000
0.1000
0.1449
0.3972
0.4949
0.4334
0.2158
0.1000
0.1000
0.1000
0.1000
0.1000
0.1000
0.1000
0.1000
5.5332
6.1378
6.6780
7.1394
7.5063
7.7627
7.8957
7.8976
7.7683
7.5152
7.1514
6.6924
6.1542
5.5513
4.8960
4.1983
3.4665
2.7069
1.9246
1.3471
0.8433
0.3038
0.1000
0.1000
0.1000
0.1000
0.1000
0.1000
0.1000
0.1000
0.1000
0.1000
0.1000
0.1000
0.1000
0.1000
0.1000
0.1000
0.1000
0.1000
0.1000
0.1000
0.1000
0.1000
0.1000
0.1000
0.1000
0.1000
0.1000
0.1000
4.8379
5.3956
5.8885
6.3048
6.6320
6.8586
6.9753
6.9770
6.8635
6.6400
6.3155
5.9016
5.4107
4.8547
4.2443
3.5887
2.8956
2.1715
1.4562
1.0073
0.5177
0.1000
0.1000
0.1000
0.1000
0.1000
0.1000
0.1000
0.1000
0.1000
0.1000
0.1000
0.1000
0.1000
0.1000
0.1000
0.1000
0.1000
0.1000
0.1000
0.1000
0.1000
0.1000
0.1000
0.1000
0.1000
0.1000
0.1000
0.1000
0.1000
4.1060
4.6218
5.0737
5.4519
5.7467
5.9495
6.0535
6.0550
5.9539
5.7539
5.4615
5.0856
4.6357
4.1216
3.5524
2.9363
2.2805
1.5912
1.0530
0.6192
0.1449
0.1000
0.1000
0.1000
0.1000
0.1000
0.1000
0.1000
0.1000
0.1000
0.1000
0.1000
0.1000
0.1000
0.1000
0.1000
0.1000
0.1000
0.1000
0.1000
0.1000
0.1000
0.1000
0.1000
0.1000
0.1000
0.1000
0.1000
0.1000
0.1000
3.3447
3.8233
4.2395
4.5855
4.8535
5.0369
5.1306
5.1319
5.0408
4.8599
4.5943
4.2504
3.8361
3.3592
2.8275
2.2482
1.6277
0.9791
0.6056
0.1875
0.1000
0.1000
0.1000
0.1000
0.1000
0.1000
0.1000
0.1000
0.1000
0.1000
0.1000
0.1000
0.1000
0.1000
0.1000
0.1000
0.1000
0.1000
0.1000
0.1000
0.1000
0.1000
0.1000
0.1000
0.1000
0.1000
0.1000
0.1000
0.1000
0.1000
2.5597
3.0052
3.3904
3.7088
3.9543
4.1216
4.2069
4.2082
4.1252
3.9602
3.7169
3.4005
3.0171
2.5733
2.0754
1.5300
0.9426
0.4772
0.1187
0.1000
0.1000
0.1000
0.1000
0.1000
0.1000
0.1000
0.1000
0.1000
0.1000
0.1000
0.1000
0.1000
0.1000
0.1000
0.1000
0.1000
0.1000
0.1000
0.1000
0.1000
0.1000
0.1000
0.1000
0.1000
0.1000
0.1000
0.1000
0.1000
0.1000
0.1000
1.7554
2.1716
2.5297
2.8244
3.0507
3.2045
3.2827
3.2838
3.2078
3.0561
2.8318
2.5390
2.1827
1.7681
1.3009
0.7865
0.2376
0.1000
0.1000
0.1000
0.1000
0.1000
0.1000
0.1000
0.1000
0.1000
0.1000
0.1000
0.1000
0.1000
0.1000
0.1000
0.1000
0.1000
0.1000
0.1000
0.1000
0.1000
0.1000
0.1000
0.1000
0.1000
0.1000
0.1000
0.1000
0.1000
0.1000
0.1000
0.1000
0.1000
0.1000
0.1000
0.1000
0.1000
0.1000
0.1000
0.1000
0.1000
0.1000
0.1000
0.1000
0.1000
0.1000
0.1000
0.1000
0.1000
0.1000
0.1000
0.1000
0.1000
0.1000
0.1000
0.1000
0.1000
0.1000
0.1000
0.1000
0.1000
0.1000
0.1000
0.1000
0.1000
0.1000
0.1000
0.1000
0.1000
0.1000
0.1000
0.1000
0.1000
0.1000
0.1000
0.1000
0.1000
0.1000
0.1000
0.1000
0.1000
0.1000
0.1000
0.1000
0.1000
0.1000
0.1000
0.1000
0.1000
0.1000
0.1000
0.1000
0.1000
0.1000
0.1000
0.1000
0.1000
0.1000
0.1000
0.1000
0.1000
0.1000
0.1000
0.1000
0.1000
0.1000
0.1000
0.1000
0.1000
0.1000
0.1000
0.1000
0.1000
0.1000
0.1000
0.1000
0.1000
0.1000
0.1000
0.1000
0.1000
0.1000
0.1000
0.1000
0.1000
0.1000
0.1000
0.1000
0.1000
0.1000
0.1000
0.1000
0.1000
0.1000
0.1000
0.1000
0.1000
0.1000
0.1000
0.1000
0.1000
0.1000
0.1000
0.1000
0.1000
0.1000
0.1000
0.1000
0.1000
0.1000
0.1000
0.1000
0.1000
0.1000
0.1000
0.1000
0.1000
0.1000
0.1000
0.1000
0.1000
0.1000
0.1000
0.1000
0.1000
0.1000
0.1000
0.1000
0.1000
0.1000
0.1000
0.1000
0.1000
0.1000
0.1000
0.1000
0.1000
0.1000
0.1000
0.1000
0.1000
0.1000
0.1000
0.1000
0.1000
0.1000
0.1000
0.1000
0.1000
0.1000
0.1000
0.1000
0.1000
0.1000
0.1000
0.1000
0.1000
0.1000
0.1000
0.1000
0.1000
0.1000
0.1000
0.1000
0.1000
0.1000
0.1000
0.1000
0.1000
0.1000
0.1000
0.1000
0.1000
0.1000
0.1000
0.1000
0.1000
0.1000
0.1000
0.1000
0.1000
0.1000
0.1000
0.1000
0.1000
0.1000
0.1000
0.1000
0.1000
0.1000
0.1000
0.1000
0.1000
0.1000
0.1000
0.1000
0.1000
0.1000
0.1000
0.1000
0.1000
0.1000
0.1000
0.1000
0.1000
0.1000
0.1000
0.1000
0.1000
0.1000
0.1000
0.1000
0.1000
0.1000
0.1000
0.1000
0.1000
0.1000
0.1000
0.1000
0.1000
0.1000
0.1000
0.1000
0.1000
0.1000
0.1000
0.1000
0.1000
0.1000
0.1000
0.1000
0.1000
0.1000
0.1000
0.1000
0.1000
0.1000
0.1000
0.1000
0.1000
0.1000
0.1000
0.1000
0.1000
0.1000
0.1000
0.1000
0.1000
0.1000
0.1000
0.1000
0.1000
0.1000
0.1000
0.1000
0.1000
0.1000
0.1000
0.1000
0.1000
0.1000
0.1000
0.1000
0.1000
0.1000
0.1000
0.1000
0.1000
0.1000
0.1000
0.1000
0.1000
0.1000
0.1000
0.1000
0.1000
0.1000
0.1000
0.1000
0.1000
0.1000
0.1000
0.1000
0.1000
0.1000
0.1000
0.1000
0.1000
0.1000
0.1000
0.1000
0.1000
0.1000
0.1000
0.1000
0.1000
0.1000
0.1000
0.1000
0.1000
0.1000
0.1000
0.1000
0.1000
0.1000
0.1000
0.1000
0.1000
0.1000
0.1000
0.1000
0.1000
0.1000
0.1000
0.1000
0.1000
0.1000
0.1000
0.1000
0.1000
0.1000
0.1000
0.1000
0.1000
0.1000
0.1000
0.1000
0.1000
0.1000
0.1000
0.1000
0.1000
0.1000
0.1000
0.1000
0.1000
0.1000
0.1000
0.1000
0.1000
0.1000
0.1000
0.1000
0.1000
0.1000
0.1000
0.1000
0.1000
0.1000
0.1000
0.1000
0.1000
0.1000
0.1000
0.1000
0.1000
0.1000
0.1000
0.1000
0.1000
0.1000
0.1000
0.1000
0.1000
0.1000
0.1000
0.1000
0.1000
0.1000
0.1000
0.1000
0.1000
0.1000
0.1000
0.1000
0.1000
0.1000
0.1000
0.1000
0.1000
0.1000
0.1000
0.1000
0.1000
0.1000
0.1000
0.1000
0.1000
0.1000
0.1000
0.1000
0.1000
0.1000
0.1000
0.1000
0.1000
0.1000
0.1000
0.1000
0.1000
0.1000
0.1000
0.1000
0.1000
0.1000
0.1000
0.1000
0.1000
0.1000
0.1000
0.1000
0.1000
0.1000
0.1000
0.1000
0.1000
0.1000
0.1000
0.1000
0.1000
0.1000
0.1000
0.1000
0.1000
0.1000
0.1000
0.1000
0.1000
0.1000
0.1000
0.1000
0.1000
0.1000
0.1000
0.1000
0.1000
0.1000
0.1000
0.1000
0.1000
0.1000
0.1000
0.1000
0.1000
0.1000
0.1000
0.1000
0.1000
0.1000
0.1000
0.1000
0.1000
0.1000
0.1000
0.1000
0.1000
0.1000
0.1000
0.1000
0.1000
0.1000
0.1000
0.1000
0.1000
0.1000
0.1000
0.1000
0.1000
0.1000
0.1000
0.1000
0.1000
0.1000
0.1000
0.1000
0.1000
0.1000
0.1000
0.1000
0.1000
0.1000
0.1000
0.1000
0.1000
0.1000
0.1000
0.1000
0.1000
0.1000
0.1000
0.1000
0.1000
0.1000
0.1000
0.1000
0.1000
0.1000
0.1000
0.1000
0.1000
0.1000
0.1000
0.1000
0.1000
0.1000
0.1000
0.1000
0.1000
0.1000
0.1000
0.1000
0.1000
0.1000
0.1000
0.1000
0.1000
0.1000
0.1000
0.1000
0.1000
0.1000
0.1000
0.1000
0.1000
0.1000
0.1000
0.1000
0.1000
0.1000
0.1000
0.1000
0.1000
0.1000
0.1000
0.1000
0.1000
0.1000
0.1000
0.1000
0.1000
0.1000
0.1000
0.1000
0.1000
0.1000
0.1000
0.1000
0.1000
0.1000
0.1000
0.1000
0.1000
0.1000
0.1000
0.1000
0.1000
0.1000
0.1000
0.1000
0.1000
0.1000
0.1000
0.1000
0.1000
0.1000
0.1000
0.1000
0.1000
0.1000
0.1000
0.1000
0.1000
0.1000
0.1000
0.1000
0.1000
0.1000
0.1000
0.1000
0.1000
0.1000
0.1000
0.1000
0.1000
0.1000
0.1000
0.1000
0.1000
0.1000
0.1000
0.1000
0.1000
0.1000
0.1000
0.1000
0.1000
0.1000
0.1000
0.1000
0.1000
0.1000
0.1000
0.1000
0.1000
0.1000
0.1000
0.1000
0.1000
0.1000
0.1000
0.1000
0.1000
0.1000
0.1000
0.1000
0.1000
0.1000
0.1000
0.1000
0.1000
0.1000
0.1000
0.1000
0.1000
0.1000
0.1000
0.1000
0.1000
0.1000
0.1000
0.1000
0.1000
0.1000
0.1000
0.1000
0.1000
0.1000
0.1000
0.1000
0.1000
0.1000
0.1000
0.1000
0.1000
0.1000
0.1000
0.1000
0.1000
0.1000
0.1000
0.1000
0.1000
0.1000
0.1000
0.1000
0.1000
0.1000
0.1000
0.1000
0.1000
0.1000
0.1000
0.1000
0.1000
0.1000
0.1000
0.1000
0.1000
0.1000
0.1000
0.1000
0.1000
0.1000
0.1000
0.1000
0.1000
0.1000
0.1000
0.1000
0.1000
0.1000
0.1000
0.1000
0.1000
0.1000
0.1000
0.1000
0.1000
0.1000
0.1000
0.1000
0.1000
0.1000
0.1000
0.1000
0.1000
0.1000
0.1000
0.1000
0.1000
0.1000
0.1000
0.1000
0.1000
0.1000
0.1000
0.1000
0.1000
0.1000
0.1000
0.1000
0.1000
0.1000
0.1000
0.1000
0.1000
0.1000
0.1000
0.1000
0.1000
0.1000
0.1000
0.1000
0.1000
0.1000
0.1000
0.1000
0.1000
0.1000
0.1000
0.1000
0.1000
0.1000
0.1000
0.1000
0.1000
0.1000
0.1000
0.1000
0.1000
0.1000
0.1000
0.1000
0.1000
0.1000
0.1000
0.1000
0.1000
0.1000
0.1000
0.1000
0.1000
0.1000
0.1000
0.1000
0.1000
0.1000
0.1000
0.1000
0.1000
0.1000
0.1000
0.1000
0.1000
0.1000
0.1000
0.1000
0.1000
0.1000
0.1000
0.1000
0.1000
0.1000
0.1000
0.1000
0.1000
0.1000
0.1000
0.1000
0.1000
0.1000
0.1000
0.6949
1.1502
1.4163
1.4815
1.3426
1.0062
0.4865
0.1000
0.1000
0.1000
0.1000
0.1000
0.1000
0.1000
0.1000
0.1000
0.1000
0.1000
0.1000
0.1000
0.1000
0.1000
0.1000
0.1000
0.1000
0.1000
0.1000
0.1000
0.1000
0.1000
0.1000
0.1000
0.1000
0.1000
0.1000
0.1000
0.1000
0.1000
0.1000
0.1000
0.1000
0.1000
0.1000
0.1000
0.1000
0.1000
0.1000
0.1000
0.5088
1.3575
2.0496
2.5573
2.8561
2.9295
2.7731
2.3962
1.8185
1.0665
0.1677
0.1000
0.1000
0.1000
0.1000
0.1000
0.1000
0.1000
0.1000
0.1000
0.1000
0.1000
0.1000
0.1000
0.1000
0.1000
0.1000
0.1000
0.1000
0.1000
0.1000
0.1000
0.1000
0.1000
0.1000
0.1000
0.1000
0.1000
0.1000
0.1000
0.1000
0.1000
0.1000
0.1000
0.1000
0.1000
0.1000
0.1000
0.1000
0.5753
1.6341
2.5639
3.3318
3.9019
4.2405
4.3241
4.1463
3.7203
3.0743
2.2437
1.2636
0.1651
0.1000
0.1000
0.1000
0.1000
0.1000
0.1000
0.1000
0.1000
0.1000
0.1000
0.1000
0.1000
0.1000
0.1000
0.1000
0.1000
0.1000
0.1000
0.1000
0.1000
0.1000
0.1000
0.1000
0.1000
0.1000
0.1000
0.1000
0.1000
0.1000
0.1000
0.1000
0.1000
0.1000
0.1000
0.1000
0.1000
0.2627
1.4996
2.6421
3.6595
4.5130
5.1564
5.5435
5.6396
5.4354
4.9505
4.2254
3.3074
2.2406
1.0608
0.1000
0.1000
0.1000
0.1000
0.1000
0.1000
0.1000
0.1000
0.1000
0.1000
0.1000
0.1000
0.1000
0.1000
0.1000
0.1000
0.1000
0.1000
0.1000
0.1000
0.1000
0.1000
0.1000
0.1000
0.1000
0.1000
0.1000
0.1000
0.1000
0.1000
0.1000
0.1000
0.1000
0.1000
0.1000
0.1000
0.9665
2.2756
3.4998
4.6069
5.5523
6.2786
6.7227
6.8340
6.5981
6.0447
5.2317
4.2217
3.0677
1.8095
0.1000
0.1000
0.1000
0.1000
0.1000
0.1000
0.1000
0.1000
0.1000
0.1000
0.1000
0.1000
0.1000
0.1000
0.1000
0.1000
0.1000
0.1000
0.1000
0.1000
0.1000
0.1000
0.1000
0.1000
0.1000
0.1000
0.1000
0.1000
0.1000
0.1000
0.1000
0.1000
0.1000
0.1000
0.1000
0.1000
1.5027
2.8731
4.1692
5.3587
6.3935
7.2054
7.7116
7.8399
7.5687
6.9419
6.0401
4.9425
3.7097
2.3836
0.1000
0.1000
0.1000
0.1000
0.1000
0.1000
0.1000
0.1000
0.1000
0.1000
0.1000
0.1000
0.1000
0.1000
0.1000
0.1000
0.1000
0.1000
0.1000
0.1000
0.1000
0.1000
0.1000
0.1000
0.1000
0.1000
0.1000
0.1000
0.1000
0.1000
0.1000
0.1000
0.1000
0.1000
0.1000
0.3909
1.8496
3.2629
4.6110
5.8626
6.9681
7.8519
8.4134
8.5574
8.2539
7.5631
6.5884
5.4227
4.1315
2.7569
0.1000
0.1000
0.1000
0.1000
0.1856
0.3081
0.3701
0.3710
0.3107
0.1900
0.1000
0.1000
0.1000
0.1000
0.1000
0.1000
0.1000
0.1000
0.1000
0.1000
0.1000
0.1000
0.1000
0.1000
0.1000
0.1000
0.1000
0.1000
0.1000
0.1000
0.1000
0.1000
0.1000
0.1000
0.1000
0.5175
1.9911
3.4228
4.7936
6.0729
7.2110
8.1295
8.7189
8.8709
8.5509
7.8283
6.8190
5.6223
4.3053
2.9097
0.1000
0.3387
0.6489
0.9024
1.0960
1.2269
1.2933
1.2942
1.2297
1.1006
0.9088
0.6570
0.3483
0.1000
0.1000
0.1000
0.1000
0.1000
0.1000
0.1000
0.1000
0.1000
0.1000
0.1000
0.1000
0.1000
0.1000
0.1000
0.1000
0.1000
0.1000
0.1000
0.1000
0.1000
0.1000
0.4541
1.9203
3.3427
4.7020
5.9672
7.0887
7.9894
8.5644
8.7122
8.4007
7.6946
6.7030
5.5221
4.2182
2.8331
0.8081
1.1943
1.5252
1.7963
2.0038
2.1444
2.2159
2.2169
2.1475
2.0088
1.8032
1.5338
1.2046
0.8199
0.3843
0.1000
0.1000
0.1000
0.1000
0.1000
0.1000
0.1000
0.1000
0.1000
0.1000
0.1000
0.1000
0.1000
0.1000
0.1000
0.1000
0.1000
0.1000
0.1000
0.1000
0.2035
1.6406
3.0277
4.3439
5.5572
6.6186
7.4571
7.9835
8.1174
7.8345
7.1843
6.2553
5.1319
3.8767
2.5317
1.6278
2.0396
2.3938
2.6850
2.9086
3.0605
3.1377
3.1388
3.0637
2.9140
2.6924
2.4030
2.0506
1.6403
1.1776
0.6678
0.1159
0.1000
0.1000
0.1000
0.1000
0.1000
0.1000
0.1000
0.1000
0.1000
0.1000
0.1000
0.1000
0.1000
0.1000
0.1000
0.1000
0.1000
0.1000
0.1000
1.1654
2.4965
3.7463
4.8823
5.8585
6.6137
7.0783
7.1952
6.9477
6.3698
5.5266
4.4862
3.3045
2.0220
2.4318
2.8723
3.2529
3.5673
3.8095
3.9745
4.0586
4.0598
3.9780
3.8153
3.5753
3.2629
2.8841
2.4452
1.9525
1.4122
0.8299
0.2109
0.1000
0.1000
0.1000
0.1000
0.1000
0.1000
0.1000
0.1000
0.1000
0.1000
0.1000
0.1000
0.1000
0.1000
0.1000
0.1000
0.1000
0.1000
0.5149
1.7767
2.9470
3.9946
4.8783
5.5486
5.9537
6.0547
5.8404
5.3336
4.5799
3.6314
2.5351
1.3285
3.2166
3.6895
4.1003
4.4414
4.7055
4.8860
4.9782
4.9795
4.8899
4.7118
4.4501
4.1111
3.7022
3.2310
2.7051
2.1316
1.5167
0.8662
0.1850
0.1000
0.1000
0.1000
0.1000
0.1000
0.1000
0.1000
0.1000
0.1000
0.1000
0.1000
0.1000
0.1000
0.1000
0.1000
0.1000
0.1000
0.1000
0.8987
1.9852
2.9437
3.7392
4.3326
4.6864
4.7739
4.5879
4.1433
3.4721
2.6132
1.6045
0.4789
3.9781
4.4873
4.9327
5.3050
5.5950
5.7942
5.8962
5.8977
5.7985
5.6020
5.3145
4.9444
4.5010
3.9935
3.4310
2.8214
2.1718
1.4882
0.7758
0.1000
0.1000
0.1000
0.1000
0.1000
0.1000
0.1000
0.1000
0.1000
0.1000
0.1000
0.1000
0.1000
0.1000
0.1000
0.1000
0.1000
0.1000
0.1000
0.8959
1.7708
2.4870
3.0144
3.3256
3.4022
3.2392
2.8469
2.2476
1.4704
0.5452
0.1000
4.7106
5.2606
5.7458
6.1548
6.4758
6.6978
6.8121
6.8137
6.7026
6.4836
6.1653
5.7586
5.2754
4.7272
4.1244
3.4760
2.7896
2.0717
1.3274
0.5610
0.1000
0.1000
0.1000
0.1000
0.1000
0.1000
0.1000
0.1000
0.1000
0.1000
0.1000
0.1000
0.1000
0.1000
0.1000
0.1000
0.1000
0.1000
0.1000
0.5068
1.1540
1.6258
1.9021
1.9698
1.8255
1.4764
0.9384
0.2333
0.1000
0.1000
5.4071
6.0026
6.5335
6.9859
7.3448
7.5951
7.7247
7.7266
7.6006
7.3535
6.9976
6.5476
6.0188
5.4250
4.7782
4.0886
3.3640
2.6110
1.8347
1.0391
0.2275
0.1000
0.1000
0.1000
0.1000
0.1000
0.1000
0.1000
0.1000
0.1000
0.1000
0.1000
0.1000
0.1000
0.1000
0.1000
0.3005
0.7187
0.9861
1.0899
1.0246
0.7937
0.4352
0.4957
0.3667
0.1000
0.1000
0.1000
0.1000
0.1000
6.0585
6.7043
7.2875
7.7915
8.1968
8.4832
8.6328
8.6349
8.4895
8.2068
7.8046
7.3032
6.7220
6.0778
5.3840
4.6513
3.8879
3.0999
2.2921
1.4684
0.6314
0.1000
0.1000
0.1000
0.1000
0.1000
0.1000
0.1000
0.1000
0.1000
0.1000
0.1000
0.1000
0.1000
0.1000
0.6107
1.2131
1.6743
1.9715
2.0873
2.0144
1.7575
1.3319
0.7597
0.1000
0.1000
0.1000
0.1000
0.1000
0.1000
6.6534
7.3536
7.9958
8.5608
9.0239
9.3572
9.5337
9.5362
9.3645
9.0354
8.5756
8.0132
7.3729
6.6741
5.9313
5.1551
4.3532
3.5314
2.6938
1.8436
0.9832
0.1145
0.1000
0.1000
0.1000
0.1000
0.1000
0.1000
0.1000
0.1000
0.1000
0.1000
0.1000
0.1000
0.6025
1.3779
2.0345
2.5429
2.8737
3.0034
2.9218
2.6353
2.1649
1.5396
0.7889
0.1000
0.1000
0.1000
0.1000
0.1000
7.1778
7.9347
8.6415
9.2773
9.8125
10.2082
10.4224
10.4255
10.2171
9.8260
9.2943
8.6608
7.9558
7.2001
6.4081
5.5897
4.7516
3.8985
3.0338
2.1599
1.2788
0.3917
0.1000
0.1000
0.1000
0.1000
0.1000
0.1000
0.1000
0.1000
0.1000
0.1000
0.1000
0.2768
1.1957
2.0249
2.7358
3.2933
3.6601
3.8050
3.7137
3.3953
2.8782
2.1991
1.3942
0.4936
0.1000
0.1000
0.1000
0.1000
7.6153
8.4275
9.2011
9.9158
10.5388
11.0188
11.2885
11.2925
11.0298
10.5549
9.9352
9.2225
8.4503
7.6390
6.8011
5.9445
5.0744
4.1943
3.3065
2.4127
1.5142
0.6119
0.1000
0.1000
0.1000
0.1000
0.1000
0.1000
0.1000
0.1000
0.1000
0.1000
0.1000
0.6858
1.6469
2.5227
3.2821
3.8853
4.2867
4.4465
4.3457
3.9965
3.4355
2.7079
1.8557
0.9118
0.1000
0.1000
0.1000
0.1000
7.9482
8.8087
9.6440
10.4381
11.1605
11.7514
12.1062
12.1116
11.7655
11.1797
10.4601
9.6675
8.8331
7.9731
7.0967
6.2091
5.3136
4.4123
3.5067
2.5977
1.6861
0.7724
0.1000
0.1000
0.1000
0.1000
0.1000
0.1000
0.1000
0.1000
0.1000
0.1000
0.1000
0.9438
1.9337
2.8421
3.6366
4.2738
4.7019
4.8733
4.7651
4.3921
3.7980
3.0352
2.1497
1.1761
0.1392
0.1000
0.1000
0.1000
8.1597
9.0542
9.9353
10.7933
11.6064
12.3212
12.7987
12.8065
12.3392
11.6287
10.8174
9.9603
9.0797
8.1854
7.2828
6.3745
5.4624
4.5475
3.6305
2.7119
1.7920
0.8712
0.1000
0.1000
0.1000
0.1000
0.1000
0.1000
0.1000
0.1000
0.1000
0.1000
0.1000
1.0386
2.0395
2.9605
3.7689
4.4199
4.8591
5.0354
4.9240
4.5411
3.9336
3.1568
2.2582
1.2732
0.2266
0.1000
0.1000
0.1000
8.2371
9.1449
10.0444
10.9293
11.7846
12.5682
13.1367
13.1466
12.5886
11.8084
10.9543
10.0700
9.1708
8.2633
7.3506
6.4346
5.5163
4.5963
3.6751
2.7530
1.8301
0.9067
0.1000
0.1000
0.1000
0.1000
0.1000
0.1000
0.1000
0.1000
0.1000
0.1000
0.1000
0.9652
1.9576
2.8687
3.6663
4.3066
4.7371
4.9096
4.8007
4.4255
3.8285
3.0626
2.1741
1.1980
0.1589
0.1000
0.1000
0.1000
8.1756
9.0728
9.9577
10.8210
11.6424
12.3699
12.8625
12.8706
12.3883
11.6650
10.8453
9.9828
9.0984
8.2015
7.2968
6.3869
5.4736
4.5576
3.6397
2.7204
1.7999
0.8785
0.1499
0.1000
0.1000
0.1000
0.1000
0.1000
0.1000
0.1000
0.1000
0.1000
0.1000
0.7275
1.6931
2.5740
3.3388
3.9472
4.3526
4.5141
4.4123
4.0595
3.4934
2.7605
1.9030
0.9545
0.1000
0.1000
0.1000
0.1000
7.9791
8.8444
9.6861
10.4888
11.2227
11.8279
12.1951
12.2007
11.8424
11.2422
10.5110
9.7098
8.8689
8.0042
7.1240
6.2334
5.3355
4.4323
3.5250
2.6146
1.7018
0.7870
0.1719
0.1000
0.1000
0.1000
0.1000
0.1000
0.1000
0.1000
0.1000
0.1000
0.1000
0.3368
1.2617
2.0975
2.8150
3.3787
3.7501
3.8969
3.8044
3.4819
2.9589
2.2732
1.4617
0.5550
0.1000
0.1000
0.1000
0.1000
7.6595
8.4778
9.2589
9.9830
10.6171
11.1085
11.3863
11.3904
11.1198
10.6335
10.0026
9.2806
8.5007
7.6833
6.8405
5.9799
5.1065
4.2236
3.3334
2.4376
1.5374
0.7284
0.1383
0.1000
0.1000
0.1000
0.1000
0.1000
0.1000
0.1000
0.1000
0.1000
0.1000
0.1000
0.6854
1.4678
2.1314
2.6461
2.9814
3.1130
3.0301
2.7396
2.2634
1.6311
0.8734
0.1000
0.1000
0.1000
0.1000
0.1000
7.2331
7.9966
8.7111
9.3557
9.9002
10.3044
10.5239
10.5271
10.3135
9.9140
9.3729
8.7307
8.0178
7.2556
6.4581
5.6350
4.7929
3.9365
3.0689
2.1925
1.3091
0.6352
0.1000
0.1000
0.1000
0.1000
0.1000
0.1000
0.1000
0.1000
0.1000
0.1000
0.1000
0.1000
0.1000
0.7144
1.3236
1.7906
2.0919
2.2094
2.1355
1.8749
1.4438
0.8650
0.1631
0.1000
0.1000
0.1000
0.1000
0.1000
6.7179
7.4246
8.0740
8.6466
9.1174
9.4569
9.6371
9.6397
9.4644
9.1291
8.6617
8.0916
7.4441
6.7388
5.9903
5.2091
4.4029
3.5772
2.7364
1.8833
1.0334
0.4854
0.1000
0.1000
0.1000
0.1000
0.1000
0.1000
0.1000
0.1000
0.1000
0.1000
0.1000
0.1000
0.1000
0.1000
0.4213
0.8447
1.1157
1.2209
1.1547
0.9207
0.5307
0.1000
0.1000
0.1000
0.1000
0.1000
0.1000
0.1000
6.1304
6.7823
7.3720
7.8825
8.2939
8.5850
8.7373
8.7395
8.5914
8.3040
7.8958
7.3878
6.8001
6.1498
5.4505
4.7127
3.9448
3.1528
2.3415
1.5146
0.8195
0.2811
0.1000
0.1000
0.1000
0.1000
0.1000
0.1000
0.1000
0.1000
0.1000
0.1000
0.1000
0.1000
0.1000
0.1000
0.1000
0.1000
0.1000
0.1717
0.1122
0.1000
0.1000
0.1000
0.1000
0.1000
0.1000
0.1000
0.1000
0.1000
5.4849
6.0859
6.6225
7.0805
7.4442
7.6983
7.8299
7.8318
7.7038
7.4531
7.0923
6.6368
6.1023
5.5029
4.8509
4.1563
3.4273
2.6702
1.8902
1.0913
0.5519
0.1000
0.1000
0.1000
0.1000
0.1000
0.1000
0.1000
0.1000
0.1000
0.1000
0.1000
0.1000
0.1000
0.1000
0.1000
0.1000
0.1000
0.1000
0.1000
0.1000
0.1000
0.1000
0.1000
0.1000
0.1000
0.1000
0.1000
0.1000
0.1000
4.7931
5.3480
5.8382
6.2519
6.5769
6.8018
6.9177
6.9193
6.8067
6.5848
6.2625
5.8512
5.3630
4.8098
4.2021
3.5490
2.8583
2.1364
1.3884
0.7118
0.2340
0.1000
0.1000
0.1000
0.1000
0.1000
0.1000
0.1000
0.1000
0.1000
0.1000
0.1000
0.1000
0.1000
0.1000
0.1000
0.1000
0.1000
0.1000
0.1000
0.1000
0.1000
0.1000
0.1000
0.1000
0.1000
0.1000
0.1000
0.1000
0.1000
4.0643
4.5780
5.0277
5.4040
5.6972
5.8988
6.0022
6.0036
5.9032
5.7043
5.4136
5.0396
4.5918
4.0799
3.5129
2.8989
2.2452
1.5577
0.8416
0.3332
0.1000
0.1000
0.1000
0.1000
0.1000
0.1000
0.1000
0.1000
0.1000
0.1000
0.1000
0.1000
0.1000
0.1000
0.1000
0.1000
0.1000
0.1000
0.1000
0.1000
0.1000
0.1000
0.1000
0.1000
0.1000
0.1000
0.1000
0.1000
0.1000
0.1000
3.3059
3.7827
4.1973
4.5418
4.8086
4.9911
5.0844
5.0857
4.9950
4.8150
4.5506
4.2082
3.7955
3.3204
2.7904
2.2129
1.5941
0.9399
0.3199
0.1000
0.1000
0.1000
0.1000
0.1000
0.1000
0.1000
0.1000
0.1000
0.1000
0.1000
0.1000
0.1000
0.1000
0.1000
0.1000
0.1000
0.1000
0.1000
0.1000
0.1000
0.1000
0.1000
0.1000
0.1000
0.1000
0.1000
0.1000
0.1000
0.1000
0.1000
2.5235
2.9676
3.3515
3.6688
3.9133
4.0799
4.1649
4.1661
4.0835
3.9192
3.6768
3.3616
2.9795
2.5370
2.0407
1.4966
0.9107
0.2882
0.1000
0.1000
0.1000
0.1000
0.1000
0.1000
0.1000
0.1000
0.1000
0.1000
0.1000
0.1000
0.1000
0.1000
0.1000
0.1000
0.1000
0.1000
0.1000
0.1000
0.1000
0.1000
0.1000
0.1000
0.1000
0.1000
0.1000
0.1000
0.1000
0.1000
0.1000
0.1000
1.7215
2.1365
2.4936
2.7873
3.0129
3.1662
3.2441
3.2452
3.1695
3.0183
2.7948
2.5029
2.1476
1.7342
1.2682
0.7550
0.1997
0.1000
0.1000
0.1000
0.1000
0.1000
0.1000
0.1000
0.1000
0.1000
0.1000
0.1000
0.1000
0.1000
0.1000
0.1000
0.1000
0.1000
0.1000
0.1000
0.1000
0.1000
0.1000
0.1000
0.1000
0.1000
0.1000
0.1000
0.1000
0.1000
0.1000
0.1000
0.1000
0.1000
0.1000
0.1000
0.1000
0.1000
0.1000
0.1000
0.1000
0.1000
0.1000
0.1000
0.1000
0.1000
0.1000
0.1000
0.1000
0.1000
0.1000
0.1000
0.1000
0.1000
0.1000
0.1000
0.1000
0.1000
0.1000
0.1000
0.1000
0.1000
0.1000
0.1000
0.1000
0.1000
0.1000
0.1000
0.1000
0.1000
0.1000
0.1000
0.1000
0.1000
0.1000
0.1000
0.1000
0.1000
0.1000
0.1000
0.1000
0.1000
0.1000
0.1000
0.1000
0.1000
0.1000
0.1000
0.1000
0.1000
0.1000
0.1000
0.1000
0.1000
0.1000
0.1000
0.1000
0.1000
0.1000
0.1000
0.1000
0.1000
0.1000
0.1000
0.1000
0.1000
0.1000
0.1000
0.1000
0.1000
0.1000
0.1000
0.1000
0.1000
0.1000
0.1000
0.1000
0.1000
0.1000
0.1000
0.1000
0.1000
0.1000
0.1000
0.1000
0.1000
0.1000
0.1000
0.1000
0.1000
0.1000
0.1000
0.1000
0.1000
0.1000
0.1000
0.1000
0.1000
0.1000
0.1000
0.1000
0.1000
0.1000
0.1000
0.1000
0.1000
0.1000
0.1000
0.1000
0.1000
0.1000
0.1000
0.1000
0.1000
0.1000
0.1000
0.1000
0.1000
0.1000
0.1000
0.1000
0.1000
0.1000
0.1000
0.1000
0.1000
0.1000
0.1000
0.1000
0.1000
0.1000
0.1000
0.1000
0.1000
0.1000
0.1000
0.1000
0.1000
0.1000
0.1000
0.1000
0.1000
0.1000
0.1000
0.1000
0.1000
0.1000
0.1000
0.1000
0.1000
0.1000
0.1000
0.1000
0.1000
0.1000
0.1000
0.1000
0.1000
0.1000
0.1000
0.1000
0.1000
0.1000
0.1000
0.1000
0.1000
0.1000
0.1000
0.1000
0.1000
0.1000
0.1000
0.1000
0.1000
0.1000
0.1000
0.1000
0.1000
0.1000
0.1000
0.1000
0.1000
0.1000
0.1000
0.1000
0.1000
0.1000
0.1000
0.1000
0.1000
0.1000
0.1000
0.1000
0.1000
0.1000
0.1000
0.1000
0.1000
0.1000
0.1000
0.1000
0.1000
0.1000
0.1000
0.1000
0.1000
0.1000
0.1000
0.1000
0.1000
0.1000
0.1000
0.1000
0.1000
0.1000
0.1000
0.1000
0.1000
0.1000
0.1000
0.1000
0.1000
0.1000
0.1000
0.1000
0.1000
0.1000
0.1000
0.1000
0.1000
0.1000
0.1000
0.1000
0.1000
0.1000
0.1000
0.1000
0.1000
0.1000
0.1000
0.1000
0.1000
0.1000
0.1000
0.1000
0.1000
0.1000
0.1000
0.1000
0.1000
0.1000
0.1000
0.1000
0.1000
0.1000
0.1000
0.1000
0.1000
0.1000
0.1000
0.1000
0.1000
0.1000
0.1000
0.1000
0.1000
0.1000
0.1000
0.1000
0.1000
0.1000
0.1000
0.1000
0.1000
0.1000
0.1000
0.1000
0.1000
0.1000
0.1000
0.1000
0.1000
0.1000
0.1000
0.1000
0.1000
0.1000
0.1000
0.1000
0.1000
0.1000
0.1000
0.1000
0.1000
0.1000
0.1000
0.1000
0.1000
0.1000
0.1000
0.1000
0.1000
0.1000
0.1000
0.1000
0.1000
0.1000
0.1000
0.1000
0.1000
0.1000
0.1000
0.1000
0.1000
0.1000
0.1000
0.1000
0.1000
0.1000
0.1000
0.1000
0.1000
0.1000
0.1000
0.1000
0.1000
0.1000
0.1000
0.1000
0.1000
0.1000
0.1000
0.1000
0.1000
0.1000
0.1000
0.1000
0.1000
0.1000
0.1000
0.1000
0.1000
0.1000
0.1000
0.1000
0.1000
0.1000
0.1000
0.1000
0.1000
0.1000
0.1000
0.1000
0.1000
0.1000
0.1000
0.1000
0.1000
0.1000
0.1000
0.1000
0.1000
0.1000
0.1000
0.1000
0.1000
0.1000
0.1000
0.1000
0.1000
0.1000
0.1000
0.1000
0.1000
0.1000
0.1000
0.1000
0.1000
0.1000
0.1000
0.1000
0.1000
0.1000
0.1000
0.1000
0.1000
0.1000
0.1000
0.1000
0.1000
0.1000
0.1000
0.1000
0.1000
0.1000
0.1000
0.1000
0.1000
0.1000
0.1000
0.1000
0.1000
0.1000
0.1000
0.1000
0.1000
0.1000
0.1000
0.1000
0.1000
0.1000
0.1000
0.1000
0.1000
0.1000
0.1000
0.1000
0.1000
0.1000
0.1000
0.1000
0.1000
0.1000
0.1000
0.1000
0.1000
0.1000
0.1000
0.1000
0.1000
0.1000
0.1000
0.1000
0.1000
0.1000
0.1000
0.1000
0.1000
0.1000
0.1000
0.1000
0.1000
0.1000
0.1000
0.1000
0.1000
0.1000
0.1000
0.1000
0.1000
0.1000
0.1000
0.1000
0.1000
0.1000
0.1000
0.1000
0.1000
0.1000
0.1000
0.1000
0.1000
0.1000
0.1000
0.1000
0.1000
0.1000
0.1000
0.1000
0.1000
0.1000
0.1000
0.1000
0.1000
0.1000
0.1000
0.1000
0.1000
0.1000
0.1000
0.1000
0.1000
0.1000
0.1000
0.1000
0.1000
0.1000
0.1000
0.1000
0.1000
0.1000
0.1000
0.1000
0.1000
0.1000
0.1000
0.1000
0.1000
0.1000
0.1000
0.1000
0.1000
0.1000
0.1000
0.1000
0.1000
0.1000
0.1000
0.1000
0.1000
0.1000
0.1000
0.1000
0.1000
0.1000
0.1000
0.1000
0.1000
0.1000
0.1000
0.1000
0.1000
0.1000
0.1000
0.1000
0.1000
0.1000
0.1000
0.1000
0.1000
0.1000
0.1000
0.1000
0.1000
0.1000
0.1000
0.1000
0.1000
0.1000
0.1000
0.1000
0.1000
0.1000
0.1000
0.1000
0.1000
0.1000
0.1000
0.1000
0.1000
0.1000
0.1000
0.1000
0.1000
0.1000
0.1000
0.1000
0.1000
0.1000
0.1000
0.1000
0.1000
0.1000
0.1000
0.1000
0.1000
0.1000
0.1000
0.1000
0.1000
0.1000
0.1000
0.1000
0.1000
0.1000
0.1000
0.1000
0.1000
0.1000
0.1000
0.1000
0.1000
0.1000
0.1000
0.1000
0.1000
0.1000
0.1000
0.1000
0.1000
0.1000
0.1000
0.1000
0.1000
0.1000
0.1000
0.1000
0.1000
0.1000
0.1000
0.1000
0.1000
0.1000
0.1000
0.1000
0.1000
0.1000
0.1000
0.1000
0.1000
0.1000
0.1000
0.1000
0.1000
0.1000
0.1000
0.1000
0.1000
0.1000
0.1000
0.1000
0.1000
0.1000
0.1000
0.1000
0.1000
0.1000
0.1000
0.1000
0.1000
0.1000
0.1000
0.1000
0.1000
0.1000
0.1000
0.1000
0.1000
0.1000
0.1000
0.1000
0.1000
0.1000
0.1000
0.1000
0.1000
0.1000
0.1000
0.1000
0.1000
0.1000
0.1000
0.1000
0.1000
0.1000
0.1000
0.1000
0.1000
0.1000
0.1000
0.1000
0.1000
0.1000
0.1000
0.1000
0.1000
0.1000
0.1000
0.1000
0.1000
0.1000
0.1000
0.1000
0.1000
0.1000
0.1000
0.1000
0.1000
0.1000
0.1000
0.1000
0.1000
0.1000
0.1000
0.1000
0.1000
0.1000
0.1000
0.1000
0.1000
0.1000
0.1000
0.1000
0.1000
0.1000
0.1000
0.1000
0.1000
0.1000
0.1000
0.1000
0.1000
0.1000
0.1000
0.1000
0.1000
0.1000
0.1000
0.1000
0.1000
0.1000
0.1000
0.1000
0.1000
0.1000
0.1000
0.1000
0.1000
0.1000
0.1000
0.1000
0.1000
0.1000
0.1000
0.1000
0.1000
0.1000
0.1000
0.1000
0.1000
0.1000
0.1000
0.1000
0.1000
0.1000
0.1000
0.1000
0.1000
0.1000
0.1000
0.1000
0.1000
0.1000
0.1000
0.1000
0.1000
0.1000
0.1000
0.1000
0.1000
0.1000
0.1000
0.1000
0.1000
0.1000
0.1000
0.1000
0.1000
0.1000
0.1000
0.1000
0.1000
0.1000
0.1000
0.1000
0.1000
0.1000
0.1000
0.1000
0.1000
0.1000
0.1000
0.1000
0.1000
0.1000
0.1000
0.1000
0.1000
0.1000
0.1000
0.1000
0.1000
0.1000
0.1000
0.3506
0.7943
1.0533
1.1166
0.9816
0.6540
0.1473
0.1000
0.1000
0.1000
0.1000
0.1000
0.1000
0.1000
0.1000
0.1000
0.1000
0.1000
0.1000
0.1000
0.1000
0.1000
0.1000
0.1000
0.1000
0.1000
0.1000
0.1000
0.1000
0.1000
0.1000
0.1000
0.1000
0.1000
0.1000
0.1000
0.1000
0.1000
0.1000
0.1000
0.1000
0.1000
0.1000
0.1000
0.1000
0.1000
0.1000
0.1000
0.1690
0.9960
1.6683
2.1600
2.4488
2.5197
2.3687
2.0042
1.4441
0.7127
0.1000
0.1000
0.1000
0.1000
0.1000
0.1000
0.1000
0.1000
0.1000
0.1000
0.1000
0.1000
0.1000
0.1000
0.1000
0.1000
0.1000
0.1000
0.1000
0.1000
0.1000
0.1000
0.1000
0.1000
0.1000
0.1000
0.1000
0.1000
0.1000
0.1000
0.1000
0.1000
0.1000
0.1000
0.1000
0.1000
0.1000
0.1000
0.1000
0.2339
1.2649
2.1664
2.9075
3.4553
3.7796
3.8595
3.6894
3.2811
2.6595
1.8565
0.9047
0.1000
0.1000
0.1000
0.1000
0.1000
0.1000
0.1000
0.1000
0.1000
0.1000
0.1000
0.1000
0.1000
0.1000
0.1000
0.1000
0.1000
0.1000
0.1000
0.1000
0.1000
0.1000
0.1000
0.1000
0.1000
0.1000
0.1000
0.1000
0.1000
0.1000
0.1000
0.1000
0.1000
0.1000
0.1000
0.1000
0.1000
0.1000
1.1343
2.2420
3.2227
4.0398
4.6517
5.0176
5.1082
4.9156
4.4563
3.7651
2.8841
1.8535
0.7072
0.1000
0.1000
0.1000
0.1000
0.1000
0.1000
0.1000
0.1000
0.1000
0.1000
0.1000
0.1000
0.1000
0.1000
0.1000
0.1000
0.1000
0.1000
0.1000
0.1000
0.1000
0.1000
0.1000
0.1000
0.1000
0.1000
0.1000
0.1000
0.1000
0.1000
0.1000
0.1000
0.1000
0.1000
0.1000
0.1000
0.6154
1.8874
3.0692
4.1294
5.0260
5.7077
6.1207
6.2237
6.0052
5.4889
4.7229
3.7615
2.6530
1.4354
0.1000
0.1000
0.1000
0.1000
0.1000
0.1000
0.1000
0.1000
0.1000
0.1000
0.1000
0.1000
0.1000
0.1000
0.1000
0.1000
0.1000
0.1000
0.1000
0.1000
0.1000
0.1000
0.1000
0.1000
0.1000
0.1000
0.1000
0.1000
0.1000
0.1000
0.1000
0.1000
0.1000
0.1000
0.1000
0.1000
1.1373
2.4653
3.7114
4.8432
5.8148
6.5658
7.0273
7.1434
6.8976
6.3234
5.4846
4.4487
3.2709
1.9920
0.1000
0.1000
0.1000
0.1000
0.1000
0.1000
0.1000
0.1000
0.1000
0.1000
0.1000
0.1000
0.1000
0.1000
0.1000
0.1000
0.1000
0.1000
0.1000
0.1000
0.1000
0.1000
0.1000
0.1000
0.1000
0.1000
0.1000
0.1000
0.1000
0.1000
0.1000
0.1000
0.1000
0.1000
0.1000
0.1000
1.4743
2.8412
4.1333
5.3181
6.3475
7.1542
7.6565
7.7837
7.5147
6.8925
5.9961
4.9036
3.6753
2.3530
0.1000
0.1000
0.1000
0.1000
0.1402
0.2623
0.3241
0.3250
0.2649
0.1445
0.1000
0.1000
0.1000
0.1000
0.1000
0.1000
0.1000
0.1000
0.1000
0.1000
0.1000
0.1000
0.1000
0.1000
0.1000
0.1000
0.1000
0.1000
0.1000
0.1000
0.1000
0.1000
0.1000
0.1000
0.1000
0.1775
1.6116
2.9952
4.3071
5.5153
6.5709
7.4037
7.9256
8.0583
7.7780
7.1329
6.2098
5.0919
3.8415
2.5006
0.1000
0.2927
0.6020
0.8546
1.0474
1.1779
1.2441
1.2450
1.1807
1.0521
0.8610
0.6100
0.3024
0.1000
0.1000
0.1000
0.1000
0.1000
0.1000
0.1000
0.1000
0.1000
0.1000
0.1000
0.1000
0.1000
0.1000
0.1000
0.1000
0.1000
0.1000
0.1000
0.1000
0.1000
0.1000
0.1157
1.5429
2.9180
4.2199
5.4163
6.4586
7.2780
7.7899
7.9197
7.6452
7.0119
6.1024
4.9974
3.7582
2.4267
0.7606
1.1454
1.4750
1.7451
1.9518
2.0918
2.1629
2.1639
2.0948
1.9567
1.7519
1.4836
1.1557
0.7723
0.3382
0.1000
0.1000
0.1000
0.1000
0.1000
0.1000
0.1000
0.1000
0.1000
0.1000
0.1000
0.1000
0.1000
0.1000
0.1000
0.1000
0.1000
0.1000
0.1000
0.1000
0.1000
1.2713
2.6145
3.8784
5.0305
6.0241
6.7960
7.2727
7.3928
7.1385
6.5464
5.6859
4.6284
3.4311
2.1354
1.5772
1.9874
2.3400
2.6300
2.8525
3.0036
3.0804
3.0815
3.0068
2.8578
2.6373
2.3492
1.9983
1.5897
1.1288
0.6208
0.1000
0.1000
0.1000
0.1000
0.1000
0.1000
0.1000
0.1000
0.1000
0.1000
0.1000
0.1000
0.1000
0.1000
0.1000
0.1000
0.1000
0.1000
0.1000
0.1000
0.8091
2.1013
3.3061
4.3915
5.3142
6.0196
6.4490
6.5564
6.3287
5.7928
5.0017
4.0143
2.8812
1.6416
2.3778
2.8163
3.1951
3.5078
3.7486
3.9126
3.9962
3.9974
3.9162
3.7544
3.5157
3.2050
2.8281
2.3912
1.9006
1.3625
0.7824
0.1654
0.1000
0.1000
0.1000
0.1000
0.1000
0.1000
0.1000
0.1000
0.1000
0.1000
0.1000
0.1000
0.1000
0.1000
0.1000
0.1000
0.1000
0.1000
0.1750
1.4035
2.5367
3.5442
4.3877
5.0224
5.4036
5.4982
5.2972
4.8194
4.1036
3.1957
2.1386
0.9679
3.1590
3.6293
4.0377
4.3767
4.6390
4.8182
4.9098
4.9111
4.8221
4.6453
4.3853
4.0484
3.6419
3.1732
2.6500
2.0790
1.4666
0.8186
0.1396
0.1000
0.1000
0.1000
0.1000
0.1000
0.1000
0.1000
0.1000
0.1000
0.1000
0.1000
0.1000
0.1000
0.1000
0.1000
0.1000
0.1000
0.1000
0.5493
1.6059
2.5335
3.2993
3.8676
4.2051
4.2884
4.1112
3.6866
3.0426
2.2141
1.2362
0.1398
3.9162
4.4222
4.8646
5.2342
5.5218
5.7193
5.8205
5.8219
5.7236
5.5287
5.2436
4.8763
4.4358
3.9315
3.3722
2.7657
2.1190
1.4382
0.7284
0.1000
0.1000
0.1000
0.1000
0.1000
0.1000
0.1000
0.1000
0.1000
0.1000
0.1000
0.1000
0.1000
0.1000
0.1000
0.1000
0.1000
0.1000
0.1000
0.5465
1.3977
2.0921
2.6016
2.9016
2.9753
2.8184
2.4400
1.8603
1.1058
0.2046
0.1000
4.6441
5.1900
5.6713
6.0767
6.3946
6.6142
6.7272
6.7289
6.6190
6.4023
6.0871
5.6841
5.2048
4.6606
4.0616
3.4169
2.7341
2.0194
1.2780
0.5143
0.1000
0.1000
0.1000
0.1000
0.1000
0.1000
0.1000
0.1000
0.1000
0.1000
0.1000
0.1000
0.1000
0.1000
0.1000
0.1000
0.1000
0.1000
0.1000
0.1670
0.7980
1.2569
1.5252
1.5910
1.4509
1.1117
0.5880
0.1000
0.1000
0.1000
5.3354
5.9259
6.4517
6.8992
7.2536
7.5006
7.6285
7.6303
7.5060
7.2623
6.9107
6.4657
5.9419
5.3532
4.7113
4.0260
3.3056
2.5563
1.7834
0.9908
0.1820
0.1000
0.1000
0.1000
0.1000
0.1000
0.1000
0.1000
0.1000
0.1000
0.1000
0.1000
0.1000
0.1000
0.1000
0.1000
0.1000
0.3486
0.6061
0.7058
0.6431
0.4209
0.1000
0.1563
0.1000
0.1000
0.1000
0.1000
0.1000
0.1000
5.9813
6.6207
7.1971
7.6943
8.0933
8.3748
8.5216
8.5237
8.3809
8.1031
7.7072
7.2125
6.6382
6.0004
5.3125
4.5852
3.8265
3.0428
2.2388
1.4184
0.5845
0.1000
0.1000
0.1000
0.1000
0.1000
0.1000
0.1000
0.1000
0.1000
0.1000
0.1000
0.1000
0.1000
0.1000
0.2445
0.8241
1.2660
1.5496
1.6600
1.5905
1.3454
0.9381
0.3881
0.1000
0.1000
0.1000
0.1000
0.1000
0.1000
6.5703
7.2624
7.8955
8.4509
8.9048
9.2303
9.4023
9.4048
9.2375
8.9161
8.4655
7.9126
7.2814
6.5908
5.8553
5.0854
4.2891
3.4721
2.6387
1.7922
0.9351
0.1000
0.1000
0.1000
0.1000
0.1000
0.1000
0.1000
0.1000
0.1000
0.1000
0.1000
0.1000
0.1000
0.2366
0.9822
1.6096
2.0925
2.4049
2.5270
2.4502
2.1798
1.7338
1.1371
0.4163
0.1000
0.1000
0.1000
0.1000
0.1000
7.0887
7.8353
8.5301
9.1524
9.6734
10.0564
10.2626
10.2656
10.0649
9.6865
9.1689
8.5491
7.8561
7.1107
6.3276
5.5166
4.6848
3.8371
2.9771
2.1072
1.2296
0.3456
0.1000
0.1000
0.1000
0.1000
0.1000
0.1000
0.1000
0.1000
0.1000
0.1000
0.1000
0.1000
0.8074
1.6006
2.2748
2.7991
3.1413
3.2758
3.1911
2.8945
2.4091
1.7663
0.9979
0.1315
0.1000
0.1000
0.1000
0.1000
7.5206
8.3201
9.0780
9.7736
10.3744
10.8322
11.0866
11.0903
10.8426
10.3898
9.7923
9.0989
8.3425
7.5440
6.7164
5.8684
5.0053
4.1311
3.2483
2.3589
1.4641
0.5651
0.1000
0.1000
0.1000
0.1000
0.1000
0.1000
0.1000
0.1000
0.1000
0.1000
0.1000
0.3169
1.2398
2.0733
2.7886
3.3502
3.7201
3.8662
3.7741
3.4531
2.9320
2.2485
1.4392
0.5346
0.1000
0.1000
0.1000
0.1000
7.8486
8.6941
9.5097
10.2778
10.9661
11.5167
11.8386
11.8434
11.5296
10.9842
10.2988
9.5325
8.7179
7.8732
7.0086
6.1305
5.2427
4.3478
3.4475
2.5431
1.6354
0.7251
0.1000
0.1000
0.1000
0.1000
0.1000
0.1000
0.1000
0.1000
0.1000
0.1000
0.1000
0.5653
1.5136
2.3751
3.1194
3.7082
4.0986
4.2535
4.1558
3.8165
3.2693
2.5569
1.7193
0.7886
0.1000
0.1000
0.1000
0.1000
8.0568
8.9344
9.7925
10.6178
11.3830
12.0291
12.4337
12.4400
12.0448
11.4036
10.6407
9.8167
8.9593
8.0821
7.1924
6.2943
5.3903
4.4821
3.5706
2.6567
1.7408
0.8234
0.1000
0.1000
0.1000
0.1000
0.1000
0.1000
0.1000
0.1000
0.1000
0.1000
0.1000
0.6565
1.6144
2.4867
3.2424
3.8420
4.2407
4.3992
4.2992
3.9525
3.3949
2.6711
1.8225
0.8818
0.1000
0.1000
0.1000
0.1000
8.1330
9.0230
9.8981
10.7472
11.5472
12.2421
12.6970
12.7043
12.2594
11.5690
10.7710
9.9229
9.0484
8.1586
7.2594
6.3538
5.4438
4.5306
3.6150
2.6976
1.7788
0.8588
0.1000
0.1000
0.1000
0.1000
0.1000
0.1000
0.1000
0.1000
0.1000
0.1000
0.1000
0.5859
1.5364
2.4002
3.1471
3.7383
4.1305
4.2862
4.1880
3.8471
3.2976
2.5827
1.7425
0.8096
0.1000
0.1000
0.1000
0.1000
8.0725
8.9526
9.8142
10.6442
11.4163
12.0716
12.4852
12.4917
12.0876
11.4371
10.6673
9.8385
8.9776
8.0979
7.2062
6.3066
5.4014
4.4921
3.5798
2.6651
1.7487
0.8308
0.1000
0.1000
0.1000
0.1000
0.1000
0.1000
0.1000
0.1000
0.1000
0.1000
0.1000
0.3570
1.2839
2.1219
2.8417
3.4075
3.7805
3.9279
3.8350
3.5111
2.9860
2.2981
1.4844
0.5756
0.1000
0.1000
0.1000
0.1000
7.8791
8.7291
9.5506
10.3264
11.0247
11.5868
11.9178
11.9228
11.6000
11.0431
10.3477
9.5736
8.7531
7.9038
7.0356
6.1546
5.2644
4.3676
3.4657
2.5598
1.6510
0.7396
0.1000
0.1000
0.1000
0.1000
0.1000
0.1000
0.1000
0.1000
0.1000
0.1000
0.1000
0.1000
0.8708
1.6696
2.3495
2.8789
3.2249
3.3609
3.2752
2.9753
2.4851
1.8367
1.0625
0.1907
0.1000
0.1000
0.1000
0.1000
7.5641
8.3694
9.1344
9.8386
10.4494
10.9170
11.1781
11.1820
10.9277
10.4651
9.8576
9.1556
8.3920
7.5876
6.7554
5.9034
5.0371
4.1602
3.2751
2.3837
1.4872
0.5867
0.1000
0.1000
0.1000
0.1000
0.1000
0.1000
0.1000
0.1000
0.1000
0.1000
0.1000
0.1000
0.3165
1.0684
1.7019
2.1901
2.5063
2.6300
2.5522
2.2785
1.8274
1.2247
0.4976
0.1000
0.1000
0.1000
0.1000
0.1000
7.1434
7.8963
8.5984
9.2289
9.7585
10.1491
10.3601
10.3632
10.1578
9.7718
9.2456
8.6176
7.9172
7.1655
6.3770
5.5615
4.7258
3.8748
3.0119
2.1396
1.2598
0.3739
0.1000
0.1000
0.1000
0.1000
0.1000
0.1000
0.1000
0.1000
0.1000
0.1000
0.1000
0.1000
0.1000
0.3445
0.9302
1.3771
1.6643
1.7761
1.7058
1.4576
1.0454
0.4895
0.1000
0.1000
0.1000
0.1000
0.1000
0.1000
6.6341
7.3324
7.9725
8.5352
8.9961
9.3276
9.5030
9.5055
9.3349
9.0076
8.5499
7.9898
7.3517
6.6548
5.9137
5.1389
4.3384
3.5176
2.6810
1.8317
0.9721
0.1884
0.1000
0.1000
0.1000
0.1000
0.1000
0.1000
0.1000
0.1000
0.1000
0.1000
0.1000
0.1000
0.1000
0.1000
0.1000
0.4700
0.7306
0.8316
0.7681
0.5431
0.1673
0.1000
0.1000
0.1000
0.1000
0.1000
0.1000
0.1000
6.0525
6.6978
7.2805
7.7839
8.1887
8.4747
8.6241
8.6262
8.4810
8.1987
7.7970
7.2961
6.7154
6.0717
5.3785
4.6462
3.8831
3.0954
2.2880
1.4645
0.6278
0.1000
0.1000
0.1000
0.1000
0.1000
0.1000
0.1000
0.1000
0.1000
0.1000
0.1000
0.1000
0.1000
0.1000
0.1000
0.1000
0.1000
0.1000
0.1000
0.1000
0.1000
0.1000
0.1000
0.1000
0.1000
0.1000
0.1000
0.1000
0.1000
5.4126
6.0085
6.5398
6.9926
7.3518
7.6024
7.7321
7.7340
7.6078
7.3605
7.0043
6.5539
6.0247
5.4305
4.7834
4.0934
3.3685
2.6152
1.8386
1.0428
0.2532
0.1000
0.1000
0.1000
0.1000
0.1000
0.1000
0.1000
0.1000
0.1000
0.1000
0.1000
0.1000
0.1000
0.1000
0.1000
0.1000
0.1000
0.1000
0.1000
0.1000
0.1000
0.1000
0.1000
0.1000
0.1000
0.1000
0.1000
0.1000
0.1000
4.7260
5.2768
5.7630
6.1728
6.4946
6.7171
6.8317
6.8333
6.7220
6.5024
6.1834
5.7758
5.2917
4.7426
4.1388
3.4896
2.8024
2.0838
1.3388
0.5717
0.1000
0.1000
0.1000
0.1000
0.1000
0.1000
0.1000
0.1000
0.1000
0.1000
0.1000
0.1000
0.1000
0.1000
0.1000
0.1000
0.1000
0.1000
0.1000
0.1000
0.1000
0.1000
0.1000
0.1000
0.1000
0.1000
0.1000
0.1000
0.1000
0.1000
4.0019
4.5123
4.9589
5.3323
5.6232
5.8231
5.9255
5.9269
5.8274
5.6302
5.3419
4.9707
4.5261
4.0174
3.4536
2.8428
2.1921
1.5074
0.7940
0.1000
0.1000
0.1000
0.1000
0.1000
0.1000
0.1000
0.1000
0.1000
0.1000
0.1000
0.1000
0.1000
0.1000
0.1000
0.1000
0.1000
0.1000
0.1000
0.1000
0.1000
0.1000
0.1000
0.1000
0.1000
0.1000
0.1000
0.1000
0.1000
0.1000
0.1000
3.2478
3.7220
4.1341
4.4764
4.7414
4.9226
5.0152
5.0165
4.9265
4.7478
4.4851
4.1449
3.7347
3.2622
2.7349
2.1599
1.5437
0.8919
0.2095
0.1000
0.1000
0.1000
0.1000
0.1000
0.1000
0.1000
0.1000
0.1000
0.1000
0.1000
0.1000
0.1000
0.1000
0.1000
0.1000
0.1000
0.1000
0.1000
0.1000
0.1000
0.1000
0.1000
0.1000
0.1000
0.1000
0.1000
0.1000
0.1000
0.1000
0.1000
2.4692
2.9112
3.2931
3.6086
3.8518
4.0175
4.1019
4.1031
4.0210
3.8576
3.6167
3.3031
2.9230
2.4826
1.9884
1.4466
0.8629
0.2424
0.1000
0.1000
0.1000
0.1000
0.1000
0.1000
0.1000
0.1000
0.1000
0.1000
0.1000
0.1000
0.1000
0.1000
0.1000
0.1000
0.1000
0.1000
0.1000
0.1000
0.1000
0.1000
0.1000
0.1000
0.1000
0.1000
0.1000
0.1000
0.1000
0.1000
0.1000
0.1000
1.6706
2.0839
2.4394
2.7318
2.9562
3.1087
3.1863
3.1874
3.1120
2.9616
2.7392
2.4487
2.0949
1.6832
1.2190
0.7076
0.1542
0.1000
0.1000
0.1000
0.1000
0.1000
0.1000
0.1000
0.1000
0.1000
0.1000
0.1000
0.1000
0.1000
0.1000
0.1000
0.1000
0.1000
0.1000
0.1000
0.1000
0.1000
0.1000
0.1000
0.1000
0.1000
0.1000
0.1000
0.1000
0.1000
0.1000
0.1000
0.1000
0.1000
0.1000
0.1000
0.1000
0.1000
0.1000
0.1000
0.1000
0.1000
0.1000
0.1000
0.1000
0.1000
0.1000
0.1000
0.1000
0.1000
0.1000
0.1000
0.1000
0.1000
0.1000
0.1000
0.1000
0.1000
0.1000
0.1000
0.1000
0.1000
0.1000
0.1000
0.1000
0.1000
0.1000
0.1000
0.1000
0.1000
0.1000
0.1000
0.1000
0.1000
0.1000
0.1000
0.1000
0.1000
0.1000
0.1000
0.1000
0.1000
0.1000
0.1000
0.1000
0.1000
0.1000
0.1000
0.1000
0.1000
0.1000
0.1000
0.1000
0.1000
0.1000
0.1000
0.1000
0.1000
0.1000
0.1000
0.1000
0.1000
0.1000
0.1000
0.1000
0.1000
0.1000
0.1000
0.1000
0.1000
0.1000
0.1000
0.1000
0.1000
0.1000
0.1000
0.1000
0.1000
0.1000
0.1000
0.1000
0.1000
0.1000
0.1000
0.1000
0.1000
0.1000
0.1000
0.1000
0.1000
0.1000
0.1000
0.1000
0.1000
0.1000
0.1000
0.1000
0.1000
0.1000
0.1000
0.1000
0.1000
0.1000
0.1000
0.1000
0.1000
0.1000
0.1000
0.1000
0.1000
0.1000
0.1000
0.1000
0.1000
0.1000
0.1000
0.1000
0.1000
0.1000
0.1000
0.1000
0.1000
0.1000
0.1000
0.1000
0.1000
0.1000
0.1000
0.1000
0.1000
0.1000
0.1000
0.1000
0.1000
0.1000
0.1000
0.1000
0.1000
0.1000
0.1000
0.1000
0.1000
0.1000
0.1000
0.1000
0.1000
0.1000
0.1000
0.1000
0.1000
0.1000
0.1000
0.1000
0.1000
0.1000
0.1000
0.1000
0.1000
0.1000
0.1000
0.1000
0.1000
0.1000
0.1000
0.1000
0.1000
0.1000
0.1000
0.1000
0.1000
0.1000
0.1000
0.1000
0.1000
0.1000
0.1000
0.1000
0.1000
0.1000
0.1000
0.1000
0.1000
0.1000
0.1000
0.1000
0.1000
0.1000
0.1000
0.1000
0.1000
0.1000
0.1000
0.1000
0.1000
0.1000
0.1000
0.1000
0.1000
0.1000
0.1000
0.1000
0.1000
0.1000
0.1000
0.1000
0.1000
0.1000
0.1000
0.1000
0.1000
0.1000
0.1000
0.1000
0.1000
0.1000
0.1000
0.1000
0.1000
0.1000
0.1000
0.1000
0.1000
0.1000
0.1000
0.1000
0.1000
0.1000
0.1000
0.1000
0.1000
0.1000
0.1000
0.1000
0.1000
0.1000
0.1000
0.1000
0.1000
0.1000
0.1000
0.1000
0.1000
0.1000
0.1000
0.1000
0.1000
0.1000
0.1000
0.1000
0.1000
0.1000
0.1000
0.1000
0.1000
0.1000
0.1000
0.1000
0.1000
0.1000
0.1000
0.1000
0.1000
0.1000
0.1000
0.1000
0.1000
0.1000
0.1000
0.1000
0.1000
0.1000
0.1000
0.1000
0.1000
0.1000
0.1000
0.1000
0.1000
0.1000
0.1000
0.1000
0.1000
0.1000
0.1000
0.1000
0.1000
0.1000
0.1000
0.1000
0.1000
0.1000
0.1000
0.1000
0.1000
0.1000
0.1000
0.1000
0.1000
0.1000
0.1000
0.1000
0.1000
0.1000
0.1000
0.1000
0.1000
0.1000
0.1000
0.1000
0.1000
0.1000
0.1000
0.1000
0.1000
0.1000
0.1000
0.1000
0.1000
0.1000
0.1000
0.1000
0.1000
0.1000
0.1000
0.1000
0.1000
0.1000
0.1000
0.1000
0.1000
0.1000
0.1000
0.1000
0.1000
0.1000
0.1000
0.1000
0.1000
0.1000
0.1000
0.1000
0.1000
0.1000
0.1000
0.1000
0.1000
0.1000
0.1000
0.1000
0.1000
0.1000
0.1000
0.1000
0.1000
0.1000
0.1000
0.1000
0.1000
0.1000
0.1000
0.1000
0.1000
0.1000
0.1000
0.1000
0.1000
0.1000
0.1000
0.1000
0.1000
0.1000
0.1000
0.1000
0.1000
0.1000
0.1000
0.1000
0.1000
0.1000
0.1000
0.1000
0.1000
0.1000
0.1000
0.1000
0.1000
0.1000
0.1000
0.1000
0.1000
0.1000
0.1000
0.1000
0.1000
0.1000
0.1000
0.1000
0.1000
0.1000
0.1000
0.1000
0.1000
0.1000
0.1000
0.1000
0.1000
0.1000
0.1000
0.1000
0.1000
0.1000
0.1000
0.1000
0.1000
0.1000
0.1000
0.1000
0.1000
0.1000
0.1000
0.1000
0.1000
0.1000
0.1000
0.1000
0.1000
0.1000
0.1000
0.1000
0.1000
0.1000
0.1000
0.1000
0.1000
0.1000
0.1000
0.1000
0.1000
0.1000
0.1000
0.1000
0.1000
0.1000
0.1000
0.1000
0.1000
0.1000
0.1000
0.1000
0.1000
0.1000
0.1000
0.1000
0.1000
0.1000
0.1000
0.1000
0.1000
0.1000
0.1000
0.1000
0.1000
0.1000
0.1000
0.1000
0.1000
0.1000
0.1000
0.1000
0.1000
0.1000
0.1000
0.1000
0.1000
0.1000
0.1000
0.1000
0.1000
0.1000
0.1000
0.1000
0.1000
0.1000
0.1000
0.1000
0.1000
0.1000
0.1000
0.1000
0.1000
0.1000
0.1000
0.1000
0.1000
0.1000
0.1000
0.1000
0.1000
0.1000
0.1000
0.1000
0.1000
0.1000
0.1000
0.1000
0.1000
0.1000
0.1000
0.1000
0.1000
0.1000
0.1000
0.1000
0.1000
0.1000
0.1000
0.1000
0.1000
0.1000
0.1000
0.1000
0.1000
0.1000
0.1000
0.1000
0.1000
0.1000
0.1000
0.1000
0.1000
0.1000
0.1000
0.1000
0.1000
0.1000
0.1000
0.1000
0.1000
0.1000
0.1000
0.1000
0.1000
0.1000
0.1000
0.1000
0.1000
0.1000
0.1000
0.1000
0.1000
0.1000
0.1000
0.1000
0.1000
0.1000
0.1000
0.1000
0.1000
0.1000
0.1000
0.1000
0.1000
0.1000
0.1000
0.1000
0.1000
0.1000
0.1000
0.1000
0.1000
0.1000
0.1000
0.1000
0.1000
0.1000
0.1000
0.1000
0.1000
0.1000
0.1000
0.1000
0.1000
0.1000
0.1000
0.1000
0.1000
0.1000
0.1000
0.1000
0.1000
0.1000
0.1000
0.1000
0.1000
0.1000
0.1000
0.1000
0.1000
0.1000
0.1000
0.1000
0.1000
0.1000
0.1000
0.1000
0.1000
0.1000
0.1000
0.1000
0.1000
0.1000
0.1000
0.1000
0.1000
0.1000
0.1000
0.1000
0.1000
0.1000
0.1000
0.1000
0.1000
0.1000
0.1000
0.1000
0.1000
0.1000
0.1000
0.1000
0.1000
0.1000
0.1000
0.1000
0.1000
0.1000
0.1000
0.1000
0.1000
0.1000
0.1000
0.1000
0.1000
0.1000
0.1000
0.1000
0.1000
0.1000
0.1000
0.1000
0.1000
0.1000
0.1000
0.1000
0.1000
0.1000
0.1000
0.1000
0.1000
0.1000
0.1000
0.1000
0.1000
0.1000
0.1000
0.1000
0.1000
0.1000
0.1000
0.1000
0.1000
0.1000
0.1000
0.1000
0.1000
0.1000
0.1000
0.1000
0.1000
0.1000
0.1000
0.1000
0.1000
0.1000
0.1000
0.1000
0.1000
0.1000
0.1000
0.1000
0.1000
0.1000
0.1000
0.1000
0.1000
0.1000
0.1000
0.1000
0.1000
0.1000
0.1000
0.1000
0.1000
0.1000
0.1000
0.1000
0.1000
0.1000
0.1000
0.1000
0.1000
0.1000
0.1000
0.1000
0.1000
0.1000
0.1000
0.1000
0.1000
0.1000
0.1000
0.1000
0.1000
0.1000
0.1000
0.1000
0.1000
0.1000
0.1000
0.1000
0.1000
0.1000
0.1000
0.1000
0.1000
0.1000
0.1000
0.1000
0.1000
0.1000
0.1000
0.1000
0.1000
0.1000
0.1000
0.1000
0.1000
0.1000
0.1000
0.1000
0.1000
0.1000
0.1000
0.1000
0.1000
0.1000
0.1000
0.1000
0.1000
0.1000
0.1000
0.1000
0.1000
0.1000
0.1000
0.1000
0.1000
0.1000
0.1000
0.1000
0.1000
0.1000
0.1000
0.1000
0.1000
0.1000
0.1000
0.1000
0.1000
0.1000
0.1000
0.1000
0.1000
0.1000
0.1000
0.1000
0.3997
0.6512
0.7127
0.5816
0.2634
0.1000
0.1000
0.1000
0.1000
0.1000
0.1000
0.1000
0.1000
0.1000
0.1000
0.1000
0.1000
0.1000
0.1000
0.1000
0.1000
0.1000
0.1000
0.1000
0.1000
0.1000
0.1000
0.1000
0.1000
0.1000
0.1000
0.1000
0.1000
0.1000
0.1000
0.1000
0.1000
0.1000
0.1000
0.1000
0.1000
0.1000
0.1000
0.1000
0.1000
0.1000
0.1000
0.1000
0.5956
1.2473
1.7226
2.0011
2.0693
1.9239
1.5721
1.0302
0.3205
0.1000
0.1000
0.1000
0.1000
0.1000
0.1000
0.1000
0.1000
0.1000
0.1000
0.1000
0.1000
0.1000
0.1000
0.1000
0.1000
0.1000
0.1000
0.1000
0.1000
0.1000
0.1000
0.1000
0.1000
0.1000
0.1000
0.1000
0.1000
0.1000
0.1000
0.1000
0.1000
0.1000
0.1000
0.1000
0.1000
0.1000
0.1000
0.1000
0.1000
0.8566
1.7287
2.4424
2.9677
3.2776
3.3539
3.1916
2.8009
2.2039
1.4293
0.5069
0.1000
0.1000
0.1000
0.1000
0.1000
0.1000
0.1000
0.1000
0.1000
0.1000
0.1000
0.1000
0.1000
0.1000
0.1000
0.1000
0.1000
0.1000
0.1000
0.1000
0.1000
0.1000
0.1000
0.1000
0.1000
0.1000
0.1000
0.1000
0.1000
0.1000
0.1000
0.1000
0.1000
0.1000
0.1000
0.1000
0.1000
0.1000
0.7298
1.8017
2.7450
3.5258
4.1067
4.4524
4.5378
4.3562
3.9216
3.2638
2.4199
1.4264
0.3151
0.1000
0.1000
0.1000
0.1000
0.1000
0.1000
0.1000
0.1000
0.1000
0.1000
0.1000
0.1000
0.1000
0.1000
0.1000
0.1000
0.1000
0.1000
0.1000
0.1000
0.1000
0.1000
0.1000
0.1000
0.1000
0.1000
0.1000
0.1000
0.1000
0.1000
0.1000
0.1000
0.1000
0.1000
0.1000
0.1000
0.2258
1.4592
2.5977
3.6110
4.4603
5.1000
5.4845
5.5800
5.3772
4.8953
4.1741
3.2604
2.1977
1.0217
0.1000
0.1000
0.1000
0.1000
0.1000
0.1000
0.1000
0.1000
0.1000
0.1000
0.1000
0.1000
0.1000
0.1000
0.1000
0.1000
0.1000
0.1000
0.1000
0.1000
0.1000
0.1000
0.1000
0.1000
0.1000
0.1000
0.1000
0.1000
0.1000
0.1000
0.1000
0.1000
0.1000
0.1000
0.1000
0.1000
0.7327
2.0169
3.2125
4.2878
5.2000
5.8958
6.3186
6.4242
6.2002
5.6722
4.8913
3.9144
2.7911
1.5603
0.1000
0.1000
0.1000
0.1000
0.1000
0.1000
0.1000
0.1000
0.1000
0.1000
0.1000
0.1000
0.1000
0.1000
0.1000
0.1000
0.1000
0.1000
0.1000
0.1000
0.1000
0.1000
0.1000
0.1000
0.1000
0.1000
0.1000
0.1000
0.1000
0.1000
0.1000
0.1000
0.1000
0.1000
0.1000
0.1000
1.0594
2.3787
3.6147
4.7351
5.6945
6.4340
6.8874
7.0012
6.7600
6.1956
5.3688
4.3449
3.1781
1.9088
0.1000
0.1000
0.1000
0.1000
0.1000
0.2013
0.2629
0.2638
0.2039
0.1000
0.1000
0.1000
0.1000
0.1000
0.1000
0.1000
0.1000
0.1000
0.1000
0.1000
0.1000
0.1000
0.1000
0.1000
0.1000
0.1000
0.1000
0.1000
0.1000
0.1000
0.1000
0.1000
0.1000
0.1000
0.1000
0.1000
1.1924
2.5266
3.7800
4.9200
5.9006
6.6600
7.1276
7.2453
6.9961
6.4147
5.5671
4.5224
3.3368
2.0510
0.1000
0.2316
0.5395
0.7910
0.9829
1.1127
1.1786
1.1795
1.1155
0.9875
0.7973
0.5475
0.2412
0.1000
0.1000
0.1000
0.1000
0.1000
0.1000
0.1000
0.1000
0.1000
0.1000
0.1000
0.1000
0.1000
0.1000
0.1000
0.1000
0.1000
0.1000
0.1000
0.1000
0.1000
0.1000
0.1000
1.1259
2.4526
3.6972
4.8273
5.7971
6.5463
7.0067
7.1224
6.8773
6.3045
5.4676
4.4334
3.2573
1.9798
0.6974
1.0804
1.4084
1.6770
1.8825
2.0218
2.0925
2.0935
2.0248
1.8875
1.6838
1.4169
1.0906
0.7091
0.2769
0.1000
0.1000
0.1000
0.1000
0.1000
0.1000
0.1000
0.1000
0.1000
0.1000
0.1000
0.1000
0.1000
0.1000
0.1000
0.1000
0.1000
0.1000
0.1000
0.1000
0.1000
0.8627
2.1606
3.3719
4.4646
5.3948
6.1072
6.5415
6.6501
6.4197
5.8780
5.0797
4.0847
2.9446
1.6987
1.5100
1.9180
2.2686
2.5568
2.7779
2.9280
3.0043
3.0054
2.9312
2.7832
2.5641
2.2778
1.9289
1.5225
1.0639
0.5582
0.1000
0.1000
0.1000
0.1000
0.1000
0.1000
0.1000
0.1000
0.1000
0.1000
0.1000
0.1000
0.1000
0.1000
0.1000
0.1000
0.1000
0.1000
0.1000
0.1000
0.4141
1.6659
2.8248
3.8601
4.7314
5.3906
5.7883
5.8872
5.6771
5.1794
4.4374
3.5014
2.4172
1.2215
2.3062
2.7420
3.1182
3.4287
3.6678
3.8306
3.9135
3.9147
3.8341
3.6735
3.4366
3.1281
2.7536
2.3195
1.8317
1.2964
0.7191
0.1049
0.1000
0.1000
0.1000
0.1000
0.1000
0.1000
0.1000
0.1000
0.1000
0.1000
0.1000
0.1000
0.1000
0.1000
0.1000
0.1000
0.1000
0.1000
0.1000
0.9909
2.0857
3.0527
3.8565
4.4570
4.8154
4.9041
4.7155
4.2654
3.5865
2.7190
1.7019
0.5683
3.0824
3.5493
3.9546
4.2908
4.5508
4.7285
4.8192
4.8205
4.7323
4.5571
4.2994
3.9653
3.5618
3.0965
2.5766
2.0091
1.4000
0.7551
0.1000
0.1000
0.1000
0.1000
0.1000
0.1000
0.1000
0.1000
0.1000
0.1000
0.1000
0.1000
0.1000
0.1000
0.1000
0.1000
0.1000
0.1000
0.1000
0.1615
1.1869
2.0826
2.8183
3.3616
3.6830
3.7622
3.5937
3.1889
2.5721
1.7747
0.8287
0.1000
3.8341
4.3360
4.7744
5.1403
5.4250
5.6203
5.7203
5.7218
5.6245
5.4318
5.1497
4.7859
4.3495
3.8493
3.2941
2.6916
2.0489
1.3717
0.6654
0.1000
0.1000
0.1000
0.1000
0.1000
0.1000
0.1000
0.1000
0.1000
0.1000
0.1000
0.1000
0.1000
0.1000
0.1000
0.1000
0.1000
0.1000
0.1000
0.1589
0.9853
1.6570
2.1483
2.4367
2.5075
2.3567
1.9925
1.4330
0.7022
0.1000
0.1000
4.5559
5.0967
5.5728
5.9735
6.2873
6.5040
6.6154
6.6170
6.5087
6.2949
5.9837
5.5854
5.1113
4.5722
3.9784
3.3385
2.6602
1.9498
1.2124
0.4523
0.1000
0.1000
0.1000
0.1000
0.1000
0.1000
0.1000
0.1000
0.1000
0.1000
0.1000
0.1000
0.1000
0.1000
0.1000
0.1000
0.1000
0.1000
0.1000
0.1000
0.4033
0.8487
1.1088
1.1724
1.0368
0.7079
0.1992
0.1000
0.1000
0.1000
5.2406
5.8245
6.3436
6.7848
7.1336
7.3764
7.5019
7.5037
7.3817
7.1421
6.7961
6.3575
5.8403
5.2581
4.6225
3.9431
3.2280
2.4836
1.7151
0.9266
0.1214
0.1000
0.1000
0.1000
0.1000
0.1000
0.1000
0.1000
0.1000
0.1000
0.1000
0.1000
0.1000
0.1000
0.1000
0.1000
0.1000
0.1000
0.2007
0.2965
0.2363
0.1000
0.1000
0.1000
0.1000
0.1000
0.1000
0.1000
0.1000
0.1000
5.8792
6.5103
7.0780
7.5665
7.9577
8.2329
8.3762
8.3783
8.2389
7.9673
7.5792
7.0932
6.5276
5.8981
5.2179
4.4976
3.7451
2.9670
2.1680
1.3521
0.5221
0.1000
0.1000
0.1000
0.1000
0.1000
0.1000
0.1000
0.1000
0.1000
0.1000
0.1000
0.1000
0.1000
0.1000
0.1000
0.4101
0.8330
1.1037
1.2087
1.1426
0.9089
0.5193
0.1000
0.1000
0.1000
0.1000
0.1000
0.1000
0.1000
6.4607
7.1422
7.7639
8.3072
8.7496
9.0656
9.2321
9.2345
9.0725
8.7605
8.3215
7.7807
7.1610
6.4809
5.7547
4.9931
4.2040
3.3933
2.5655
1.7239
0.8711
0.1000
0.1000
0.1000
0.1000
0.1000
0.1000
0.1000
0.1000
0.1000
0.1000
0.1000
0.1000
0.1000
0.1000
0.5616
1.1608
1.6193
1.9146
2.0297
1.9573
1.7020
1.2790
0.7098
0.1000
0.1000
0.1000
0.1000
0.1000
0.1000
6.9714
7.7049
8.3846
8.9901
9.4937
9.8614
10.0584
10.0613
9.8696
9.5063
9.0061
8.4031
7.7252
6.9931
6.2212
5.4198
4.5963
3.7556
2.9017
2.0371
1.1641
0.2842
0.1000
0.1000
0.1000
0.1000
0.1000
0.1000
0.1000
0.1000
0.1000
0.1000
0.1000
0.1000
0.3941
1.1522
1.7918
2.2853
2.6053
2.7306
2.6517
2.3747
1.9186
1.3099
0.5766
0.1000
0.1000
0.1000
0.1000
0.1000
7.3960
8.1795
8.9178
9.5901
10.1648
10.5971
10.8346
10.8381
10.6069
10.1794
9.6082
8.9381
8.2014
7.4190
6.6047
5.7676
4.9138
4.0473
3.1711
2.2873
1.3975
0.5028
0.1000
0.1000
0.1000
0.1000
0.1000
0.1000
0.1000
0.1000
0.1000
0.1000
0.1000
0.1000
0.8080
1.6012
2.2755
2.7998
3.1421
3.2765
3.1918
2.8952
2.4098
1.7670
0.9984
0.1320
0.1000
0.1000
0.1000
0.1000
7.7179
8.5444
9.3358
10.0728
10.7224
11.2302
11.5198
11.5241
11.2420
10.7393
10.0929
9.3578
8.5677
7.7420
6.8926
6.0266
5.1488
4.2622
3.3689
2.4704
1.5679
0.6621
0.1000
0.1000
0.1000
0.1000
0.1000
0.1000
0.1000
0.1000
0.1000
0.1000
0.1000
0.1616
1.0694
1.8865
2.5849
3.1311
3.4895
3.6307
3.5417
3.2309
2.7246
2.0578
1.2652
0.3760
0.1000
0.1000
0.1000
0.1000
7.9219
8.7783
9.6083
10.3953
11.1082
11.6877
12.0328
12.0381
11.7014
11.1271
10.4170
9.6316
8.8025
7.9467
7.0734
6.1884
5.2949
4.3953
3.4911
2.5833
1.6728
0.7600
0.1000
0.1000
0.1000
0.1000
0.1000
0.1000
0.1000
0.1000
0.1000
0.1000
0.1000
0.2492
1.1654
1.9917
2.6995
3.2543
3.6190
3.7630
3.6722
3.3557
2.8412
2.1652
1.3632
0.4654
0.1000
0.1000
0.1000
0.1000
7.9964
8.8645
9.7097
10.5173
11.2579
11.8716
12.2462
12.2520
11.8863
11.2777
10.5397
9.7335
8.8891
8.0216
7.1393
6.2471
5.3478
4.4434
3.5352
2.6240
1.7105
0.7952
0.1000
0.1000
0.1000
0.1000
0.1000
0.1000
0.1000
0.1000
0.1000
0.1000
0.1000
0.1814
1.0910
1.9102
2.6108
3.1588
3.5186
3.6604
3.5711
3.2590
2.7509
2.0820
1.2873
0.3962
0.1000
0.1000
0.1000
0.1000
7.9372
8.7960
9.6291
10.4203
11.1387
11.7247
12.0754
12.0808
11.7386
11.1577
10.4421
9.6525
8.8204
7.9621
7.0870
6.2005
5.3058
4.4052
3.5002
2.5917
1.6806
0.7673
0.1000
0.1000
0.1000
0.1000
0.1000
0.1000
0.1000
0.1000
0.1000
0.1000
0.1000
0.1000
0.8502
1.6472
2.3252
2.8529
3.1977
3.3332
3.2478
2.9490
2.4604
1.8138
1.0415
0.1715
0.1000
0.1000
0.1000
0.1000
7.7478
8.5785
9.3753
10.1191
10.7771
11.2938
11.5899
11.5943
11.3058
10.7942
10.1394
9.3975
8.6019
7.7720
6.9191
6.0504
5.1703
4.2818
3.3869
2.4871
1.5834
0.6765
0.1000
0.1000
0.1000
0.1000
0.1000
0.1000
0.1000
0.1000
0.1000
0.1000
0.1000
0.1000
0.4548
1.2179
1.8624
2.3601
2.6832
2.8097
2.7301
2.4504
1.9902
1.3767
0.6385
0.1000
0.1000
0.1000
0.1000
0.1000
7.4388
8.2277
8.9726
9.6527
10.2360
10.6766
10.9196
10.9231
10.6865
10.2509
9.6709
8.9931
8.2497
7.4619
6.6431
5.8023
4.9453
4.0761
3.1977
2.3120
1.4204
0.5243
0.1000
0.1000
0.1000
0.1000
0.1000
0.1000
0.1000
0.1000
0.1000
0.1000
0.1000
0.1000
0.1000
0.6441
1.2486
1.7117
2.0102
2.1266
2.0533
1.7952
1.3679
0.7936
0.1000
0.1000
0.1000
0.1000
0.1000
0.1000
7.0252
7.7646
8.4511
9.0642
9.5756
9.9501
10.1512
10.1541
9.9584
9.5884
9.0804
8.4699
7.7851
7.0470
6.2700
5.4642
4.6369
3.7931
2.9363
2.0694
1.1942
0.3124
0.1000
0.1000
0.1000
0.1000
0.1000
0.1000
0.1000
0.1000
0.1000
0.1000
0.1000
0.1000
0.1000
0.1000
0.5117
0.9392
1.2129
1.3192
1.2523
1.0159
0.6221
0.1000
0.1000
0.1000
0.1000
0.1000
0.1000
0.1000
6.5236
7.2111
7.8393
8.3895
8.8383
9.1597
9.3293
9.3318
9.1668
8.8495
8.4039
7.8563
7.2300
6.5440
5.8124
5.0461
4.2528
3.4385
2.6075
1.7632
0.9079
0.1000
0.1000
0.1000
0.1000
0.1000
0.1000
0.1000
0.1000
0.1000
0.1000
0.1000
0.1000
0.1000
0.1000
0.1000
0.1000
0.1000
0.3203
0.4173
0.3563
0.1403
0.1000
0.1000
0.1000
0.1000
0.1000
0.1000
0.1000
0.1000
5.9496
6.5863
7.1600
7.6545
8.0510
8.3305
8.4762
8.4783
8.3366
8.0608
7.6673
7.1754
6.6038
5.9686
5.2832
4.5580
3.8013
3.0193
2.2169
1.3979
0.5652
0.1000
0.1000
0.1000
0.1000
0.1000
0.1000
0.1000
0.1000
0.1000
0.1000
0.1000
0.1000
0.1000
0.1000
0.1000
0.1000
0.1000
0.1000
0.1000
0.1000
0.1000
0.1000
0.1000
0.1000
0.1000
0.1000
0.1000
0.1000
0.1000
5.3169
5.9061
6.4306
6.8768
7.2301
7.4763
7.6037
7.6055
7.4817
7.2387
6.8883
6.4445
5.9221
5.3346
4.6939
4.0099
3.2905
2.5421
1.7700
0.9783
0.1702
0.1000
0.1000
0.1000
0.1000
0.1000
0.1000
0.1000
0.1000
0.1000
0.1000
0.1000
0.1000
0.1000
0.1000
0.1000
0.1000
0.1000
0.1000
0.1000
0.1000
0.1000
0.1000
0.1000
0.1000
0.1000
0.1000
0.1000
0.1000
0.1000
4.6371
5.1826
5.6635
6.0684
6.3860
6.6054
6.7183
6.7199
6.6102
6.3937
6.0788
5.6762
5.1973
4.6535
4.0550
3.4107
2.7282
2.0138
1.2728
0.5094
0.1000
0.1000
0.1000
0.1000
0.1000
0.1000
0.1000
0.1000
0.1000
0.1000
0.1000
0.1000
0.1000
0.1000
0.1000
0.1000
0.1000
0.1000
0.1000
0.1000
0.1000
0.1000
0.1000
0.1000
0.1000
0.1000
0.1000
0.1000
0.1000
0.1000
3.9192
4.4253
4.8678
5.2375
5.5253
5.7229
5.8241
5.8255
5.7271
5.5322
5.2470
4.8795
4.4389
3.9345
3.3750
2.7683
2.1215
1.4406
0.7306
0.1000
0.1000
0.1000
0.1000
0.1000
0.1000
0.1000
0.1000
0.1000
0.1000
0.1000
0.1000
0.1000
0.1000
0.1000
0.1000
0.1000
0.1000
0.1000
0.1000
0.1000
0.1000
0.1000
0.1000
0.1000
0.1000
0.1000
0.1000
0.1000
0.1000
0.1000
3.1706
3.6414
4.0503
4.3897
4.6523
4.8318
4.9235
4.9248
4.8357
4.6587
4.3983
4.0610
3.6540
3.1848
2.6610
2.0896
1.4767
0.8281
0.1487
0.1000
0.1000
0.1000
0.1000
0.1000
0.1000
0.1000
0.1000
0.1000
0.1000
0.1000
0.1000
0.1000
0.1000
0.1000
0.1000
0.1000
0.1000
0.1000
0.1000
0.1000
0.1000
0.1000
0.1000
0.1000
0.1000
0.1000
0.1000
0.1000
0.1000
0.1000
2.3970
2.8362
3.2156
3.5289
3.7702
3.9346
4.0183
4.0195
3.9381
3.7760
3.5368
3.2255
2.8479
2.4103
1.9190
1.3801
0.7992
0.1816
0.1000
0.1000
0.1000
0.1000
0.1000
0.1000
0.1000
0.1000
0.1000
0.1000
0.1000
0.1000
0.1000
0.1000
0.1000
0.1000
0.1000
0.1000
0.1000
0.1000
0.1000
0.1000
0.1000
0.1000
0.1000
0.1000
0.1000
0.1000
0.1000
0.1000
0.1000
0.1000
1.6029
2.0139
2.3673
2.6579
2.8810
3.0325
3.1095
3.1106
3.0357
2.8863
2.6653
2.3766
2.0249
1.6155
1.1536
0.6447
0.1000
0.1000
0.1000
0.1000
0.1000
0.1000
0.1000
0.1000
0.1000
0.1000
0.1000
0.1000
0.1000
0.1000
0.1000
0.1000
0.1000
0.1000
0.1000
0.1000
0.1000
0.1000
0.1000
0.1000
0.1000
0.1000
0.1000
0.1000
0.1000
0.1000
0.1000
0.1000
0.1000
0.1000
0.1000
0.1000
0.1000
0.1000
0.1000
0.1000
0.1000
0.1000
0.1000
0.1000
0.1000
0.1000
0.1000
0.1000
0.1000
0.1000
0.1000
0.1000
0.1000
0.1000
0.1000
0.1000
0.1000
0.1000
0.1000
0.1000
0.1000
0.1000
0.1000
0.1000
0.1000
0.1000
0.1000
0.1000
0.1000
0.1000
0.1000
0.1000
0.1000
0.1000
0.1000
0.1000
0.1000
0.1000
0.1000
0.1000
0.1000
0.1000
0.1000
0.1000
0.1000
0.1000
0.1000
0.1000
0.1000
0.1000
0.1000
0.1000
0.1000
0.1000
0.1000
0.1000
0.1000
0.1000
0.1000
0.1000
0.1000
0.1000
0.1000
0.1000
0.1000
0.1000
0.1000
0.1000
0.1000
0.1000
0.1000
0.1000
0.1000
0.1000
0.1000
0.1000
0.1000
0.1000
0.1000
0.1000
0.1000
0.1000
0.1000
0.1000
0.1000
0.1000
0.1000
0.1000
0.1000
0.1000
0.1000
0.1000
0.1000
0.1000
0.1000
0.1000
0.1000
0.1000
0.1000
0.1000
0.1000
0.1000
0.1000
0.1000
0.1000
0.1000
0.1000
0.1000
0.1000
0.1000
0.1000
0.1000
0.1000
0.1000
0.1000
0.1000
0.1000
0.1000
0.1000
0.1000
0.1000
0.1000
0.1000
0.1000
0.1000
0.1000
0.1000
0.1000
0.1000
0.1000
0.1000
0.1000
0.1000
0.1000
0.1000
0.1000
0.1000
0.1000
0.1000
0.1000
0.1000
0.1000
0.1000
0.1000
0.1000
0.1000
0.1000
0.1000
0.1000
0.1000
0.1000
0.1000
0.1000
0.1000
0.1000
0.1000
0.1000
0.1000
0.1000
0.1000
0.1000
0.1000
0.1000
0.1000
0.1000
0.1000
0.1000
0.1000
0.1000
0.1000
0.1000
0.1000
0.1000
0.1000
0.1000
0.1000
0.1000
0.1000
0.1000
0.1000
0.1000
0.1000
0.1000
0.1000
0.1000
0.1000
0.1000
0.1000
0.1000
0.1000
0.1000
0.1000
0.1000
0.1000
0.1000
0.1000
0.1000
0.1000
0.1000
0.1000
0.1000
0.1000
0.1000
0.1000
0.1000
0.1000
0.1000
0.1000
0.1000
0.1000
0.1000
0.1000
0.1000
0.1000
0.1000
0.1000
0.1000
0.1000
0.1000
0.1000
0.1000
0.1000
0.1000
0.1000
0.1000
0.1000
0.1000
0.1000
0.1000
0.1000
0.1000
0.1000
0.1000
0.1000
0.1000
0.1000
0.1000
0.1000
0.1000
0.1000
0.1000
0.1000
0.1000
0.1000
0.1000
0.1000
0.1000
0.1000
0.1000
0.1000
0.1000
0.1000
0.1000
0.1000
0.1000
0.1000
0.1000
0.1000
0.1000
0.1000
0.1000
0.1000
0.1000
0.1000
0.1000
0.1000
0.1000
0.1000
0.1000
0.1000
0.1000
0.1000
0.1000
0.1000
0.1000
0.1000
0.1000
0.1000
0.1000
0.1000
0.1000
0.1000
0.1000
0.1000
0.1000
0.1000
0.1000
0.1000
0.1000
0.1000
0.1000
0.1000
0.1000
0.1000
0.1000
0.1000
0.1000
0.1000
0.1000
0.1000
0.1000
0.1000
0.1000
0.1000
0.1000
0.1000
0.1000
0.1000
0.1000
0.1000
0.1000
0.1000
0.1000
0.1000
0.1000
0.1000
0.1000
0.1000
0.1000
0.1000
0.1000
0.1000
0.1000
0.1000
0.1000
0.1000
0.1000
0.1000
0.1000
0.1000
0.1000
0.1000
0.1000
0.1000
0.1000
0.1000
0.1000
0.1000
0.1000
0.1000
0.1000
0.1000
0.1000
0.1000
0.1000
0.1000
0.1000
0.1000
0.1000
0.1000
0.1000
0.1000
0.1000
0.1000
0.1000
0.1000
0.1000
0.1000
0.1000
0.1000
0.1000
0.1000
0.1000
0.1000
0.1000
0.1000
0.1000
0.1000
0.1000
0.1000
0.1000
0.1000
0.1000
0.1000
0.1000
0.1000
0.1000
0.1000
0.1000
0.1000
0.1000
0.1000
0.1000
0.1000
0.1000
0.1000
0.1000
0.1000
0.1000
0.1000
0.1000
0.1000
0.1000
0.1000
0.1000
0.1000
0.1000
0.1000
0.1000
0.1000
0.1000
0.1000
0.1000
0.1000
0.1000
0.1000
0.1000
0.1000
0.1000
0.1000
0.1000
0.1000
0.1000
0.1000
0.1000
0.1000
0.1000
0.1000
0.1000
0.1000
0.1000
0.1000
0.1000
0.1000
0.1000
0.1000
0.1000
0.1000
0.1000
0.1000
0.1000
0.1000
0.1000
0.1000
0.1000
0.1000
0.1000
0.1000
0.1000
0.1000
0.1000
0.1000
0.1000
0.1000
0.1000
0.1000
0.1000
0.1000
0.1000
0.1000
0.1000
0.1000
0.1000
0.1000
0.1000
0.1000
0.1000
0.1000
0.1000
0.1000
0.1000
0.1000
0.1000
0.1000
0.1000
0.1000
0.1000
0.1000
0.1000
0.1000
0.1000
0.1000
0.1000
0.1000
0.1000
0.1000
0.1000
0.1000
0.1000
0.1000
0.1000
0.1000
0.1000
0.1000
0.1000
0.1000
0.1000
0.1000
0.1000
0.1000
0.1000
0.1000
0.1000
0.1000
0.1000
0.1000
0.1000
0.1000
0.1000
0.1000
0.1000
0.1000
0.1000
0.1000
0.1000
0.1000
0.1000
0.1000
0.1000
0.1000
0.1000
0.1000
0.1000
0.1000
0.1000
0.1000
0.1000
0.1000
0.1000
0.1000
0.1000
0.1000
0.1000
0.1000
0.1000
0.1000
0.1000
0.1000
0.1000
0.1000
0.1000
0.1000
0.1000
0.1000
0.1000
0.1000
0.1000
0.1000
0.1000
0.1000
0.1000
0.1000
0.1000
0.1000
0.1000
0.1000
0.1000
0.1000
0.1000
0.1000
0.1000
0.1000
0.1000
0.1000
0.1000
0.1000
0.1000
0.1000
0.1000
0.1000
0.1000
0.1000
0.1000
0.1000
0.1000
0.1000
0.1000
0.1000
0.1000
0.1000
0.1000
0.1000
0.1000
0.1000
0.1000
0.1000
0.1000
0.1000
0.1000
0.1000
0.1000
0.1000
0.1000
0.1000
0.1000
0.1000
0.1000
0.1000
0.1000
0.1000
0.1000
0.1000
0.1000
0.1000
0.1000
0.1000
0.1000
0.1000
0.1000
0.1000
0.1000
0.1000
0.1000
0.1000
0.1000
0.1000
0.1000
0.1000
0.1000
0.1000
0.1000
0.1000
0.1000
0.1000
0.1000
0.1000
0.1000
0.1000
0.1000
0.1000
0.1000
0.1000
0.1000
0.1000
0.1000
0.1000
0.1000
0.1000
0.1000
0.1000
0.1000
0.1000
0.1000
0.1000
0.1000
0.1000
0.1000
0.1000
0.1000
0.1000
0.1000
0.1000
0.1000
0.1000
0.1000
0.1000
0.1000
0.1000
0.1000
0.1000
0.1000
0.1000
0.1000
0.1000
0.1000
0.1000
0.1000
0.1000
0.1000
0.1000
0.1000
0.1000
0.1000
0.1000
0.1000
0.1000
0.1000
0.1000
0.1000
0.1000
0.1000
0.1000
0.1000
0.1000
0.1000
0.1000
0.1000
0.1000
0.1000
0.1000
0.1000
0.1000
0.1000
0.1000
0.1000
0.1000
0.1000
0.1000
0.1000
0.1000
0.1000
0.1000
0.1000
0.1000
0.1000
0.1000
0.1000
0.1000
0.1000
0.1000
0.1000
0.1000
0.1000
0.1000
0.1000
0.1000
0.1000
0.1000
0.1000
0.1000
0.1000
0.1000
0.1000
0.1000
0.1000
0.1000
0.1000
0.1000
0.1000
0.1000
0.1000
0.1000
0.1000
0.1000
0.1000
0.1000
0.1000
0.1000
0.1000
0.1000
0.1000
0.1000
0.1000
0.1000
0.1000
0.1000
0.1000
0.1000
0.1000
0.1000
0.1000
0.1000
0.1000
0.1000
0.1000
0.1000
0.1000
0.1000
0.1000
0.1000
0.1000
0.1000
0.1000
0.1000
0.1000
0.1000
0.1000
0.1000
0.1000
0.1000
0.1000
0.1000
0.1000
0.1000
0.1000
0.1000
0.1000
0.1000
0.1000
0.1000
0.1000
0.1000
0.1000
0.1000
0.1000
0.1000
0.1000
0.1000
0.1000
0.1000
0.1000
0.1000
0.1000
0.1000
0.1000
0.1000
0.2135
0.2731
0.1461
0.1000
0.1000
0.1000
0.1000
0.1000
0.1000
0.1000
0.1000
0.1000
0.1000
0.1000
0.1000
0.1000
0.1000
0.1000
0.1000
0.1000
0.1000
0.1000
0.1000
0.1000
0.1000
0.1000
0.1000
0.1000
0.1000
0.1000
0.1000
0.1000
0.1000
0.1000
0.1000
0.1000
0.1000
0.1000
0.1000
0.1000
0.1000
0.1000
0.1000
0.1000
0.1000
0.1000
0.1000
0.1597
0.7902
1.2489
1.5171
1.5827
1.4428
1.1038
0.5804
0.1000
0.1000
0.1000
0.1000
0.1000
0.1000
0.1000
0.1000
0.1000
0.1000
0.1000
0.1000
0.1000
0.1000
0.1000
0.1000
0.1000
0.1000
0.1000
0.1000
0.1000
0.1000
0.1000
0.1000
0.1000
0.1000
0.1000
0.1000
0.1000
0.1000
0.1000
0.1000
0.1000
0.1000
0.1000
0.1000
0.1000
0.1000
0.1000
0.1000
0.1000
0.4124
1.2548
1.9411
2.4442
2.7401
2.8127
2.6580
2.2846
1.7121
0.9660
0.1000
0.1000
0.1000
0.1000
0.1000
0.1000
0.1000
0.1000
0.1000
0.1000
0.1000
0.1000
0.1000
0.1000
0.1000
0.1000
0.1000
0.1000
0.1000
0.1000
0.1000
0.1000
0.1000
0.1000
0.1000
0.1000
0.1000
0.1000
0.1000
0.1000
0.1000
0.1000
0.1000
0.1000
0.1000
0.1000
0.1000
0.1000
0.1000
0.2896
1.3251
2.2311
2.9764
3.5277
3.8542
3.9347
3.7635
3.3524
2.7269
1.9195
0.9632
0.1000
0.1000
0.1000
0.1000
0.1000
0.1000
0.1000
0.1000
0.1000
0.1000
0.1000
0.1000
0.1000
0.1000
0.1000
0.1000
0.1000
0.1000
0.1000
0.1000
0.1000
0.1000
0.1000
0.1000
0.1000
0.1000
0.1000
0.1000
0.1000
0.1000
0.1000
0.1000
0.1000
0.1000
0.1000
0.1000
0.1000
0.1000
0.9949
2.0901
3.0575
3.8616
4.4624
4.8210
4.9098
4.7211
4.2707
3.5915
2.7237
1.7062
0.5722
0.1000
0.1000
0.1000
0.1000
0.1000
0.1000
0.1000
0.1000
0.1000
0.1000
0.1000
0.1000
0.1000
0.1000
0.1000
0.1000
0.1000
0.1000
0.1000
0.1000
0.1000
0.1000
0.1000
0.1000
0.1000
0.1000
0.1000
0.1000
0.1000
0.1000
0.1000
0.1000
0.1000
0.1000
0.1000
0.1000
0.2925
1.5323
2.6780
3.6989
4.5558
5.2023
5.5913
5.6880
5.4827
4.9953
4.2669
3.3455
2.2753
1.0924
0.1000
0.1000
0.1000
0.1000
0.1000
0.1000
0.1000
0.1000
0.1000
0.1000
0.1000
0.1000
0.1000
0.1000
0.1000
0.1000
0.1000
0.1000
0.1000
0.1000
0.1000
0.1000
0.1000
0.1000
0.1000
0.1000
0.1000
0.1000
0.1000
0.1000
0.1000
0.1000
0.1000
0.1000
0.1000
0.1000
0.6087
1.8800
3.0610
4.1203
5.0160
5.6970
6.1095
6.2123
5.9940
5.4784
4.7133
3.7528
2.6451
1.4282
0.1000
0.1000
0.1000
0.1000
0.1000
0.1254
0.1866
0.1875
0.1279
0.1000
0.1000
0.1000
0.1000
0.1000
0.1000
0.1000
0.1000
0.1000
0.1000
0.1000
0.1000
0.1000
0.1000
0.1000
0.1000
0.1000
0.1000
0.1000
0.1000
0.1000
0.1000
0.1000
0.1000
0.1000
0.1000
0.1000
0.7372
2.0219
3.2180
4.2939
5.2067
5.9031
6.3262
6.4319
6.2077
5.6793
4.8978
3.9202
2.7964
1.5651
0.1000
0.1555
0.4617
0.7118
0.9026
1.0316
1.0970
1.0980
1.0344
0.9071
0.7181
0.4697
0.1651
0.1000
0.1000
0.1000
0.1000
0.1000
0.1000
0.1000
0.1000
0.1000
0.1000
0.1000
0.1000
0.1000
0.1000
0.1000
0.1000
0.1000
0.1000
0.1000
0.1000
0.1000
0.1000
0.1000
0.6729
1.9508
3.1394
4.2068
5.1110
5.7996
6.2173
6.3215
6.1003
5.5784
4.8052
3.8363
2.7206
1.4965
0.6187
0.9995
1.3254
1.5923
1.7965
1.9348
2.0050
2.0060
1.9377
1.8014
1.5991
1.3339
1.0096
0.6304
0.2006
0.1000
0.1000
0.1000
0.1000
0.1000
0.1000
0.1000
0.1000
0.1000
0.1000
0.1000
0.1000
0.1000
0.1000
0.1000
0.1000
0.1000
0.1000
0.1000
0.1000
0.1000
0.4183
1.6705
2.8299
3.8657
4.7375
5.3972
5.7951
5.8942
5.6839
5.1858
4.4434
3.5069
2.4221
1.2259
1.4264
1.8317
2.1798
2.4658
2.6852
2.8341
2.9098
2.9109
2.8373
2.6905
2.4731
2.1889
1.8425
1.4388
0.9831
0.4804
0.1000
0.1000
0.1000
0.1000
0.1000
0.1000
0.1000
0.1000
0.1000
0.1000
0.1000
0.1000
0.1000
0.1000
0.1000
0.1000
0.1000
0.1000
0.1000
0.1000
0.1000
1.1942
2.3075
3.2941
4.1169
4.7336
5.1028
5.1943
4.9999
4.5366
3.8401
2.9533
1.9169
0.7653
2.2171
2.6496
3.0228
3.3306
3.5675
3.7287
3.8109
3.8120
3.7322
3.5732
3.3384
3.0325
2.6612
2.2303
1.7460
1.2141
0.6403
0.1000
0.1000
0.1000
0.1000
0.1000
0.1000
0.1000
0.1000
0.1000
0.1000
0.1000
0.1000
0.1000
0.1000
0.1000
0.1000
0.1000
0.1000
0.1000
0.1000
0.5424
1.5984
2.5254
3.2907
3.8585
4.1957
4.2789
4.1019
3.6777
3.0342
2.2063
1.2290
0.1332
2.9872
3.4501
3.8516
4.1844
4.4416
4.6173
4.7069
4.7082
4.6211
4.4478
4.1929
3.8621
3.4625
3.0013
2.4855
1.9221
1.3171
0.6761
0.1000
0.1000
0.1000
0.1000
0.1000
0.1000
0.1000
0.1000
0.1000
0.1000
0.1000
0.1000
0.1000
0.1000
0.1000
0.1000
0.1000
0.1000
0.1000
0.1000
0.7319
1.5955
2.3013
2.8201
3.1259
3.2011
3.0410
2.6554
2.0655
1.2991
0.3854
0.1000
3.7323
4.2291
4.6627
5.0243
5.3052
5.4979
5.5966
5.5980
5.5021
5.3120
5.0335
4.6741
4.2424
3.7473
3.1971
2.5996
1.9616
1.2890
0.5869
0.1000
0.1000
0.1000
0.1000
0.1000
0.1000
0.1000
0.1000
0.1000
0.1000
0.1000
0.1000
0.1000
0.1000
0.1000
0.1000
0.1000
0.1000
0.1000
0.1000
0.5369
1.1856
1.6586
1.9357
2.0036
1.8589
1.5088
0.9696
0.2629
0.1000
0.1000
4.4466
4.9811
5.4511
5.8460
6.1550
6.3681
6.4776
6.4792
6.3727
6.1625
5.8562
5.4636
4.9955
4.4628
3.8751
3.2412
2.5685
1.8632
1.1306
0.3750
0.1000
0.1000
0.1000
0.1000
0.1000
0.1000
0.1000
0.1000
0.1000
0.1000
0.1000
0.1000
0.1000
0.1000
0.1000
0.1000
0.1000
0.1000
0.1000
0.1000
0.1000
0.4048
0.6564
0.7179
0.5868
0.2684
0.1000
0.1000
0.1000
0.1000
5.1233
5.6993
6.2105
6.6440
6.9862
7.2240
7.3468
7.3486
7.2292
6.9945
6.6551
6.2240
5.7149
5.1406
4.5125
3.8402
3.1316
2.3932
1.6301
0.8465
0.1000
0.1000
0.1000
0.1000
0.1000
0.1000
0.1000
0.1000
0.1000
0.1000
0.1000
0.1000
0.1000
0.1000
0.1000
0.1000
0.1000
0.1000
0.1000
0.1000
0.1000
0.1000
0.1000
0.1000
0.1000
0.1000
0.1000
0.1000
0.1000
0.1000
5.7532
6.3744
6.9317
7.4099
7.7918
8.0598
8.1991
8.2011
8.0656
7.8011
7.4223
6.9466
6.3913
5.7718
5.1009
4.3889
3.6441
2.8728
2.0799
1.2695
0.4445
0.1000
0.1000
0.1000
0.1000
0.1000
0.1000
0.1000
0.1000
0.1000
0.1000
0.1000
0.1000
0.1000
0.1000
0.1000
0.1000
0.3787
0.6369
0.7369
0.6740
0.4511
0.1000
0.1000
0.1000
0.1000
0.1000
0.1000
0.1000
0.1000
6.3255
6.9946
7.6028
8.1321
8.5611
8.8663
9.0266
9.0289
8.8730
8.5717
8.1459
7.6191
7.0130
6.3454
5.6305
4.8788
4.0984
3.2955
2.4744
1.6389
0.7914
0.1000
0.1000
0.1000
0.1000
0.1000
0.1000
0.1000
0.1000
0.1000
0.1000
0.1000
0.1000
0.1000
0.1000
0.1191
0.6913
1.1269
1.4063
1.5149
1.4465
1.2052
0.8038
0.2609
0.1000
0.1000
0.1000
0.1000
0.1000
0.1000
6.8272
7.5452
8.2072
8.7935
9.2777
9.6287
9.8157
9.8184
9.6365
9.2898
8.8089
8.2252
7.5650
6.8484
6.0900
5.3002
4.4866
3.6545
2.8080
1.9500
1.0827
0.2079
0.1000
0.1000
0.1000
0.1000
0.1000
0.1000
0.1000
0.1000
0.1000
0.1000
0.1000
0.1000
0.1000
0.6831
1.2902
1.7555
2.0555
2.1725
2.0989
1.8394
1.4100
0.8332
0.1334
0.1000
0.1000
0.1000
0.1000
0.1000
7.2432
8.0078
8.7237
9.3700
9.9163
10.3220
10.5426
10.5458
10.3311
9.9301
9.3872
8.7434
8.0291
7.2656
6.4671
5.6432
4.8004
3.9433
3.0752
2.1984
1.3146
0.4252
0.1000
0.1000
0.1000
0.1000
0.1000
0.1000
0.1000
0.1000
0.1000
0.1000
0.1000
0.1000
0.3548
1.1097
1.7462
2.2370
2.5551
2.6796
2.6012
2.3259
1.8723
1.2667
0.5365
0.1000
0.1000
0.1000
0.1000
0.1000
7.5579
8.3624
9.1263
9.8293
10.4386
10.9048
11.1649
11.1688
10.9154
10.4543
9.8483
9.1475
8.3849
7.5814
6.7498
5.8984
5.0326
4.1560
3.2713
2.3801
1.4839
0.5836
0.1000
0.1000
0.1000
0.1000
0.1000
0.1000
0.1000
0.1000
0.1000
0.1000
0.1000
0.1000
0.6042
1.3797
2.0364
2.5450
2.8759
3.0056
2.9239
2.6373
2.1669
1.5414
0.7906
0.1000
0.1000
0.1000
0.1000
0.1000
7.7569
8.5889
9.3874
10.1333
10.7938
11.3134
11.6116
11.6160
11.3254
10.8110
10.1536
9.4096
8.6123
7.7811
6.9272
6.0577
5.1769
4.2878
3.3924
2.4922
1.5881
0.6809
0.1000
0.1000
0.1000
0.1000
0.1000
0.1000
0.1000
0.1000
0.1000
0.1000
0.1000
0.1000
0.6957
1.4790
2.1435
2.6590
2.9949
3.1267
3.0437
2.7527
2.2757
1.6425
0.8839
0.1000
0.1000
0.1000
0.1000
0.1000
7.8296
8.6722
9.4842
10.2476
10.9299
11.4736
11.7901
11.7949
11.4863
10.9477
10.2685
9.5069
8.6960
7.8541
6.9918
6.1154
5.2291
4.3354
3.4361
2.5325
1.6256
0.7160
0.1000
0.1000
0.1000
0.1000
0.1000
0.1000
0.1000
0.1000
0.1000
0.1000
0.1000
0.1000
0.6248
1.4021
2.0605
2.5707
2.9027
3.0329
2.9509
2.6633
2.1914
1.5642
0.8117
0.1000
0.1000
0.1000
0.1000
0.1000
7.7719
8.6061
9.4073
10.1567
10.8216
11.3459
11.6476
11.6521
11.3581
10.8389
10.1772
9.4296
8.6296
7.7961
6.9405
6.0696
5.1877
4.2976
3.4014
2.5005
1.5959
0.6882
0.1000
0.1000
0.1000
0.1000
0.1000
0.1000
0.1000
0.1000
0.1000
0.1000
0.1000
0.1000
0.3951
1.1533
1.7930
2.2865
2.6066
2.7319
2.6530
2.3760
1.9198
1.3110
0.5776
0.1000
0.1000
0.1000
0.1000
0.1000
7.5870
8.3954
9.1642
9.8731
10.4893
10.9623
11.2272
11.2311
10.9731
10.5051
9.8923
9.1855
8.4181
7.6106
6.7759
5.9218
5.0539
4.1755
3.2892
2.3967
1.4993
0.5980
0.1000
0.1000
0.1000
0.1000
0.1000
0.1000
0.1000
0.1000
0.1000
0.1000
0.1000
0.1000
0.1000
0.7457
1.3569
1.8257
2.1283
2.2463
2.1720
1.9104
1.4776
0.8967
0.1926
0.1000
0.1000
0.1000
0.1000
0.1000
7.2850
8.0547
8.7766
9.4297
9.9834
10.3960
10.6209
10.6241
10.4053
9.9974
9.4472
8.7964
8.0762
7.3076
6.5049
5.6774
4.8316
3.9719
3.1016
2.2228
1.3374
0.4466
0.1000
0.1000
0.1000
0.1000
0.1000
0.1000
0.1000
0.1000
0.1000
0.1000
0.1000
0.1000
0.1000
0.1980
0.7749
1.2144
1.4965
1.6061
1.5371
1.2935
0.8883
0.3409
0.1000
0.1000
0.1000
0.1000
0.1000
0.1000
6.8799
7.6035
8.2719
8.8650
9.3561
9.7130
9.9034
9.9062
9.7209
9.3684
8.8806
8.2900
7.6235
6.9013
6.1380
5.3440
4.5268
3.6916
2.8424
1.9820
1.1126
0.2359
0.1000
0.1000
0.1000
0.1000
0.1000
0.1000
0.1000
0.1000
0.1000
0.1000
0.1000
0.1000
0.1000
0.1000
0.1000
0.4800
0.7409
0.8420
0.7784
0.5532
0.1770
0.1000
0.1000
0.1000
0.1000
0.1000
0.1000
0.1000
6.3874
7.0621
7.6764
8.2120
8.6470
8.9570
9.1201
9.1224
8.9638
8.6577
8.2260
7.6929
7.0807
6.4074
5.6874
4.9311
4.1468
3.3403
2.5162
1.6779
0.8280
0.1000
0.1000
0.1000
0.1000
0.1000
0.1000
0.1000
0.1000
0.1000
0.1000
0.1000
0.1000
0.1000
0.1000
0.1000
0.1000
0.1000
0.1000
0.1000
0.1000
0.1000
0.1000
0.1000
0.1000
0.1000
0.1000
0.1000
0.1000
0.1000
5.8225
6.4491
7.0121
7.4959
7.8828
8.1547
8.2962
8.2982
8.1606
7.8923
7.5084
7.0271
6.4662
5.8412
5.1653
4.4487
3.6997
2.9246
2.1284
1.3150
0.4873
0.1000
0.1000
0.1000
0.1000
0.1000
0.1000
0.1000
0.1000
0.1000
0.1000
0.1000
0.1000
0.1000
0.1000
0.1000
0.1000
0.1000
0.1000
0.1000
0.1000
0.1000
0.1000
0.1000
0.1000
0.1000
0.1000
0.1000
0.1000
0.1000
5.1986
5.7797
6.2959
6.7343
7.0808
7.3217
7.4463
7.4480
7.3270
7.0892
6.7456
6.3097
5.7954
5.2161
4.5831
3.9063
3.1935
2.4513
1.6847
0.8980
0.1000
0.1000
0.1000
0.1000
0.1000
0.1000
0.1000
0.1000
0.1000
0.1000
0.1000
0.1000
0.1000
0.1000
0.1000
0.1000
0.1000
0.1000
0.1000
0.1000
0.1000
0.1000
0.1000
0.1000
0.1000
0.1000
0.1000
0.1000
0.1000
0.1000
4.5269
5.0660
5.5405
5.9396
6.2521
6.4678
6.5787
6.5803
6.4725
6.2597
5.9498
5.5531
5.0805
4.5432
3.9510
3.3127
2.6359
1.9268
1.1907
0.4318
0.1000
0.1000
0.1000
0.1000
0.1000
0.1000
0.1000
0.1000
0.1000
0.1000
0.1000
0.1000
0.1000
0.1000
0.1000
0.1000
0.1000
0.1000
0.1000
0.1000
0.1000
0.1000
0.1000
0.1000
0.1000
0.1000
0.1000
0.1000
0.1000
0.1000
3.8165
4.3175
4.7550
5.1202
5.4042
5.5991
5.6989
5.7003
5.6033
5.4111
5.1295
4.7666
4.3309
3.8317
3.2773
2.6757
2.0338
1.3574
0.6518
0.1000
0.1000
0.1000
0.1000
0.1000
0.1000
0.1000
0.1000
0.1000
0.1000
0.1000
0.1000
0.1000
0.1000
0.1000
0.1000
0.1000
0.1000
0.1000
0.1000
0.1000
0.1000
0.1000
0.1000
0.1000
0.1000
0.1000
0.1000
0.1000
0.1000
0.1000
3.0747
3.5413
3.9463
4.2822
4.5420
4.7195
4.8101
4.8114
4.7233
4.5482
4.2908
3.9569
3.5538
3.0888
2.5693
2.0020
1.3933
0.7487
0.1000
0.1000
0.1000
0.1000
0.1000
0.1000
0.1000
0.1000
0.1000
0.1000
0.1000
0.1000
0.1000
0.1000
0.1000
0.1000
0.1000
0.1000
0.1000
0.1000
0.1000
0.1000
0.1000
0.1000
0.1000
0.1000
0.1000
0.1000
0.1000
0.1000
0.1000
0.1000
2.3072
2.7431
3.1193
3.4298
3.6689
3.8317
3.9147
3.9158
3.8352
3.6747
3.4377
3.1292
2.7547
2.3205
1.8327
1.2973
0.7200
0.1057
0.1000
0.1000
0.1000
0.1000
0.1000
0.1000
0.1000
0.1000
0.1000
0.1000
0.1000
0.1000
0.1000
0.1000
0.1000
0.1000
0.1000
0.1000
0.1000
0.1000
0.1000
0.1000
0.1000
0.1000
0.1000
0.1000
0.1000
0.1000
0.1000
0.1000
0.1000
0.1000
1.5187
1.9269
2.2778
2.5662
2.7875
2.9377
3.0142
3.0152
2.9410
2.7928
2.5735
2.2870
1.9378
1.5312
1.0723
0.5663
0.1000
0.1000
0.1000
0.1000
0.1000
0.1000
0.1000
0.1000
0.1000
0.1000
0.1000
0.1000
0.1000
0.1000
0.1000
0.1000
0.1000
0.1000
0.1000
0.1000
0.1000
0.1000
0.1000
0.1000
0.1000
0.1000
0.1000
0.1000
0.1000
0.1000
0.1000
0.1000
0.1000
0.1000
0.1000
0.1000
0.1000
0.1000
0.1000
0.1000
0.1000
0.1000
0.1000
0.1000
0.1000
0.1000
0.1000
0.1000
0.1000
0.1000
0.1000
0.1000
0.1000
0.1000
0.1000
0.1000
0.1000
0.1000
0.1000
0.1000
0.1000
0.1000
0.1000
0.1000
0.1000
0.1000
0.1000
0.1000
0.1000
0.1000
0.1000
0.1000
0.1000
0.1000
0.1000
0.1000
0.1000
0.1000
0.1000
0.1000
0.1000
0.1000
0.1000
0.1000
0.1000
0.1000
0.1000
0.1000
0.1000
0.1000
0.1000
0.1000
0.1000
0.1000
0.1000
0.1000
0.1000
0.1000
0.1000
0.1000
0.1000
0.1000
0.1000
0.1000
0.1000
0.1000
0.1000
0.1000
0.1000
0.1000
0.1000
0.1000
0.1000
0.1000
0.1000
0.1000
0.1000
0.1000
0.1000
0.1000
0.1000
0.1000
0.1000
0.1000
0.1000
0.1000
0.1000
0.1000
0.1000
0.1000
0.1000
0.1000
0.1000
0.1000
0.1000
0.1000
0.1000
0.1000
0.1000
0.1000
0.1000
0.1000
0.1000
0.1000
0.1000
0.1000
0.1000
0.1000
0.1000
0.1000
0.1000
0.1000
0.1000
0.1000
0.1000
0.1000
0.1000
0.1000
0.1000
0.1000
0.1000
0.1000
0.1000
0.1000
0.1000
0.1000
0.1000
0.1000
0.1000
0.1000
0.1000
0.1000
0.1000
0.1000
0.1000
0.1000
0.1000
0.1000
0.1000
0.1000
0.1000
0.1000
0.1000
0.1000
0.1000
0.1000
0.1000
0.1000
0.1000
0.1000
0.1000
0.1000
0.1000
0.1000
0.1000
0.1000
0.1000
0.1000
0.1000
0.1000
0.1000
0.1000
0.1000
0.1000
0.1000
0.1000
0.1000
0.1000
0.1000
0.1000
0.1000
0.1000
0.1000
0.1000
0.1000
0.1000
0.1000
0.1000
0.1000
0.1000
0.1000
0.1000
0.1000
0.1000
0.1000
0.1000
0.1000
0.1000
0.1000
0.1000
0.1000
0.1000
0.1000
0.1000
0.1000
0.1000
0.1000
0.1000
0.1000
0.1000
0.1000
0.1000
0.1000
0.1000
0.1000
0.1000
0.1000
0.1000
0.1000
0.1000
0.1000
0.1000
0.1000
0.1000
0.1000
0.1000
0.1000
0.1000
0.1000
0.1000
0.1000
0.1000
0.1000
0.1000
0.1000
0.1000
0.1000
0.1000
0.1000
0.1000
0.1000
0.1000
0.1000
0.1000
0.1000
0.1000
0.1000
0.1000
0.1000
0.1000
0.1000
0.1000
0.1000
0.1000
0.1000
0.1000
0.1000
0.1000
0.1000
0.1000
0.1000
0.1000
0.1000
0.1000
0.1000
0.1000
0.1000
0.1000
0.1000
0.1000
0.1000
0.1000
0.1000
0.1000
0.1000
0.1000
0.1000
0.1000
0.1000
0.1000
0.1000
0.1000
0.1000
0.1000
0.1000
0.1000
0.1000
0.1000
0.1000
0.1000
0.1000
0.1000
0.1000
0.1000
0.1000
0.1000
0.1000
0.1000
0.1000
0.1000
0.1000
0.1000
0.1000
0.1000
0.1000
0.1000
0.1000
0.1000
0.1000
0.1000
0.1000
0.1000
0.1000
0.1000
0.1000
0.1000
0.1000
0.1000
0.1000
0.1000
0.1000
0.1000
0.1000
0.1000
0.1000
0.1000
0.1000
0.1000
0.1000
0.1000
0.1000
0.1000
0.1000
0.1000
0.1000
0.1000
0.1000
0.1000
0.1000
0.1000
0.1000
0.1000
0.1000
0.1000
0.1000
0.1000
0.1000
0.1000
0.1000
0.1000
0.1000
0.1000
0.1000
0.1000
0.1000
0.1000
0.1000
0.1000
0.1000
0.1000
0.1000
0.1000
0.1000
0.1000
0.1000
0.1000
0.1000
0.1000
0.1000
0.1000
0.1000
0.1000
0.1000
0.1000
0.1000
0.1000
0.1000
0.1000
0.1000
0.1000
0.1000
0.1000
0.1000
0.1000
0.1000
0.1000
0.1000
0.1000
0.1000
0.1000
0.1000
0.1000
0.1000
0.1000
0.1000
0.1000
0.1000
0.1000
0.1000
0.1000
0.1000
0.1000
0.1000
0.1000
0.1000
0.1000
0.1000
0.1000
0.1000
0.1000
0.1000
0.1000
0.1000
0.1000
0.1000
0.1000
0.1000
0.1000
0.1000
0.1000
0.1000
0.1000
0.1000
0.1000
0.1000
0.1000
0.1000
0.1000
0.1000
0.1000
0.1000
0.1000
0.1000
0.1000
0.1000
0.1000
0.1000
0.1000
0.1000
0.1000
0.1000
0.1000
0.1000
0.1000
0.1000
0.1000
0.1000
0.1000
0.1000
0.1000
0.1000
0.1000
0.1000
0.1000
0.1000
0.1000
0.1000
0.1000
0.1000
0.1000
0.1000
0.1000
0.1000
0.1000
0.1000
0.1000
0.1000
0.1000
0.1000
0.1000
0.1000
0.1000
0.1000
0.1000
0.1000
0.1000
0.1000
0.1000
0.1000
0.1000
0.1000
0.1000
0.1000
0.1000
0.1000
0.1000
0.1000
0.1000
0.1000
0.1000
0.1000
0.1000
0.1000
0.1000
0.1000
0.1000
0.1000
0.1000
0.1000
0.1000
0.1000
0.1000
0.1000
0.1000
0.1000
0.1000
0.1000
0.1000
0.1000
0.1000
0.1000
0.1000
0.1000
0.1000
0.1000
0.1000
0.1000
0.1000
0.1000
0.1000
0.1000
0.1000
0.1000
0.1000
0.1000
0.1000
0.1000
0.1000
0.1000
0.1000
0.1000
0.1000
0.1000
0.1000
0.1000
0.1000
0.1000
0.1000
0.1000
0.1000
0.1000
0.1000
0.1000
0.1000
0.1000
0.1000
0.1000
0.1000
0.1000
0.1000
0.1000
0.1000
0.1000
0.1000
0.1000
0.1000
0.1000
0.1000
0.1000
0.1000
0.1000
0.1000
0.1000
0.1000
0.1000
0.1000
0.1000
0.1000
0.1000
0.1000
0.1000
0.1000
0.1000
0.1000
0.1000
0.1000
0.1000
0.1000
0.1000
0.1000
0.1000
0.1000
0.1000
0.1000
0.1000
0.1000
0.1000
0.1000
0.1000
0.1000
0.1000
0.1000
0.1000
0.1000
0.1000
0.1000
0.1000
0.1000
0.1000
0.1000
0.1000
0.1000
0.1000
0.1000
0.1000
0.1000
0.1000
0.1000
0.1000
0.1000
0.1000
0.1000
0.1000
0.1000
0.1000
0.1000
0.1000
0.1000
0.1000
0.1000
0.1000
0.1000
0.1000
0.1000
0.1000
0.1000
0.1000
0.1000
0.1000
0.1000
0.1000
0.1000
0.1000
0.1000
0.1000
0.1000
0.1000
0.1000
0.1000
0.1000
0.1000
0.1000
0.1000
0.1000
0.1000
0.1000
0.1000
0.1000
0.1000
0.1000
0.1000
0.1000
0.1000
0.1000
0.1000
0.1000
0.1000
0.1000
0.1000
0.1000
0.1000
0.1000
0.1000
0.1000
0.1000
0.1000
0.1000
0.1000
0.1000
0.1000
0.1000
0.1000
0.1000
0.1000
0.1000
0.1000
0.1000
0.1000
0.1000
0.1000
0.1000
0.1000
0.1000
0.1000
0.1000
0.1000
0.1000
0.1000
0.1000
0.1000
0.1000
0.1000
0.1000
0.1000
0.1000
0.1000
0.1000
0.1000
0.1000
0.1000
0.1000
0.1000
0.1000
0.1000
0.1000
0.1000
0.1000
0.1000
0.1000
0.1000
0.1000
0.1000
0.1000
0.1000
0.1000
0.1000
0.1000
0.1000
0.1000
0.1000
0.1000
0.1000
0.1000
0.1000
0.1000
0.1000
0.1000
0.1000
0.1000
0.1000
0.1000
0.1000
0.1000
0.1000
0.1000
0.1000
0.1000
0.1000
0.1000
0.1000
0.1000
0.1000
0.1000
0.1000
0.1000
0.1000
0.1000
0.1000
0.1000
0.1000
0.1000
0.1000
0.1000
0.1000
0.1000
0.1000
0.1000
0.1000
0.1000
0.1000
0.1000
0.1000
0.1000
0.1000
0.1000
0.1000
0.1000
0.1000
0.1000
0.1000
0.1000
0.1000
0.1000
0.1000
0.1000
0.1000
0.1000
0.1000
0.1000
0.1000
0.1000
0.1000
0.1000
0.1000
0.1000
0.1000
0.1000
0.1000
0.1000
0.1000
0.1000
0.1000
0.1000
0.1000
0.1000
0.1000
0.1000
0.1000
0.1000
0.1000
0.1000
0.1000
0.1000
0.1000
0.1000
0.1000
0.1000
0.1000
0.1000
0.1000
0.1000
0.1000
0.1000
0.1000
0.1000
0.1000
0.1000
0.1000
0.1000
0.1000
0.1000
0.1000
0.1000
0.1000
0.1000
0.1000
0.1000
0.1000
0.1000
0.1000
0.1000
0.1000
0.1000
0.1000
0.1000
0.1000
0.1000
0.1000
0.1000
0.1000
0.1000
0.1000
0.1000
0.1000
0.3007
0.7428
1.0007
1.0639
0.9293
0.6030
0.1000
0.1000
0.1000
0.1000
0.1000
0.1000
0.1000
0.1000
0.1000
0.1000
0.1000
0.1000
0.1000
0.1000
0.1000
0.1000
0.1000
0.1000
0.1000
0.1000
0.1000
0.1000
0.1000
0.1000
0.1000
0.1000
0.1000
0.1000
0.1000
0.1000
0.1000
0.1000
0.1000
0.1000
0.1000
0.1000
0.1000
0.1000
0.1000
0.1000
0.1000
0.1000
0.1000
0.7485
1.4078
1.8893
2.1716
2.2408
2.0933
1.7368
1.1881
0.4703
0.1000
0.1000
0.1000
0.1000
0.1000
0.1000
0.1000
0.1000
0.1000
0.1000
0.1000
0.1000
0.1000
0.1000
0.1000
0.1000
0.1000
0.1000
0.1000
0.1000
0.1000
0.1000
0.1000
0.1000
0.1000
0.1000
0.1000
0.1000
0.1000
0.1000
0.1000
0.1000
0.1000
0.1000
0.1000
0.1000
0.1000
0.1000
0.1000
0.1000
0.8162
1.6855
2.3967
2.9198
3.2284
3.3043
3.1427
2.7537
2.1590
1.3871
0.4676
0.1000
0.1000
0.1000
0.1000
0.1000
0.1000
0.1000
0.1000
0.1000
0.1000
0.1000
0.1000
0.1000
0.1000
0.1000
0.1000
0.1000
0.1000
0.1000
0.1000
0.1000
0.1000
0.1000
0.1000
0.1000
0.1000
0.1000
0.1000
0.1000
0.1000
0.1000
0.1000
0.1000
0.1000
0.1000
0.1000
0.1000
0.1000
0.4981
1.5505
2.4738
3.2354
3.8003
4.1355
4.2182
4.0423
3.6204
2.9802
2.1560
1.1824
0.1000
0.1000
0.1000
0.1000
0.1000
0.1000
0.1000
0.1000
0.1000
0.1000
0.1000
0.1000
0.1000
0.1000
0.1000
0.1000
0.1000
0.1000
0.1000
0.1000
0.1000
0.1000
0.1000
0.1000
0.1000
0.1000
0.1000
0.1000
0.1000
0.1000
0.1000
0.1000
0.1000
0.1000
0.1000
0.1000
0.1000
0.1000
1.0154
2.1124
3.0817
3.8878
4.4901
4.8498
4.9388
4.7496
4.2979
3.6169
2.7472
1.7278
0.5921
0.1000
0.1000
0.1000
0.1000
0.1000
0.1000
0.1000
0.1000
0.1000
0.1000
0.1000
0.1000
0.1000
0.1000
0.1000
0.1000
0.1000
0.1000
0.1000
0.1000
0.1000
0.1000
0.1000
0.1000
0.1000
0.1000
0.1000
0.1000
0.1000
0.1000
0.1000
0.1000
0.1000
0.1000
0.1000
0.1000
0.1254
1.3492
2.4771
3.4791
4.3171
4.9471
5.3251
5.4188
5.2196
4.7457
4.0350
3.1327
2.0811
0.9153
0.1000
0.1000
0.1000
0.1000
0.1000
0.1000
0.1000
0.1000
0.1000
0.1000
0.1000
0.1000
0.1000
0.1000
0.1000
0.1000
0.1000
0.1000
0.1000
0.1000
0.1000
0.1000
0.1000
0.1000
0.1000
0.1000
0.1000
0.1000
0.1000
0.1000
0.1000
0.1000
0.1000
0.1000
0.1000
0.1000
0.2495
1.4852
2.6263
3.6422
4.4942
5.1363
5.5224
5.6183
5.4146
4.9308
4.2071
3.2907
2.2253
1.0469
0.1000
0.1000
0.3689
0.6172
0.8067
0.9348
0.9998
1.0007
0.9376
0.8112
0.6235
0.3768
0.1000
0.1000
0.1000
0.1000
0.1000
0.1000
0.1000
0.1000
0.1000
0.1000
0.1000
0.1000
0.1000
0.1000
0.1000
0.1000
0.1000
0.1000
0.1000
0.1000
0.1000
0.1000
0.1000
0.1000
0.1874
1.4171
2.5516
3.5605
4.4054
5.0414
5.4233
5.5182
5.3167
4.8379
4.1208
3.2115
2.1531
0.9810
0.5248
0.9029
1.2265
1.4913
1.6939
1.8310
1.9006
1.9016
1.8340
1.6987
1.4980
1.2349
0.9130
0.5364
0.1094
0.1000
0.1000
0.1000
0.1000
0.1000
0.1000
0.1000
0.1000
0.1000
0.1000
0.1000
0.1000
0.1000
0.1000
0.1000
0.1000
0.1000
0.1000
0.1000
0.1000
0.1000
0.1000
1.1481
2.2572
3.2392
4.0576
4.6706
5.0373
5.1281
4.9351
4.4748
3.7824
2.9001
1.8681
0.7207
1.3267
1.7288
2.0740
2.3575
2.5749
2.7224
2.7974
2.7984
2.7255
2.5801
2.3647
2.0830
1.7395
1.3390
0.8866
0.3874
0.1000
0.1000
0.1000
0.1000
0.1000
0.1000
0.1000
0.1000
0.1000
0.1000
0.1000
0.1000
0.1000
0.1000
0.1000
0.1000
0.1000
0.1000
0.1000
0.1000
0.1000
0.6901
1.7586
2.6984
3.4759
4.0540
4.3978
4.4827
4.3021
3.8698
3.2151
2.3746
1.3846
0.2766
2.1110
2.5396
2.9092
3.2139
3.4483
3.6077
3.6889
3.6901
3.6111
3.4539
3.2216
2.9189
2.5511
2.1240
1.6438
1.1160
0.5462
0.1000
0.1000
0.1000
0.1000
0.1000
0.1000
0.1000
0.1000
0.1000
0.1000
0.1000
0.1000
0.1000
0.1000
0.1000
0.1000
0.1000
0.1000
0.1000
0.1000
0.1000
1.0790
1.9668
2.6952
3.2325
3.5500
3.6282
3.4618
3.0617
2.4516
1.6618
0.7236
0.1000
2.8740
3.3322
3.7292
4.0580
4.3120
4.4854
4.5738
4.5751
4.4891
4.3181
4.0664
3.7396
3.3444
2.8879
2.3770
1.8185
1.2182
0.5818
0.1000
0.1000
0.1000
0.1000
0.1000
0.1000
0.1000
0.1000
0.1000
0.1000
0.1000
0.1000
0.1000
0.1000
0.1000
0.1000
0.1000
0.1000
0.1000
0.1000
0.2444
1.0761
1.7527
2.2479
2.5388
2.6102
2.4581
2.0909
1.5270
0.7912
0.1000
0.1000
3.6112
4.1022
4.5302
4.8867
5.1635
5.3532
5.4502
5.4516
5.3573
5.1702
4.8958
4.5414
4.1154
3.6261
3.0818
2.4901
1.8577
1.1903
0.4932
0.1000
0.1000
0.1000
0.1000
0.1000
0.1000
0.1000
0.1000
0.1000
0.1000
0.1000
0.1000
0.1000
0.1000
0.1000
0.1000
0.1000
0.1000
0.1000
0.1000
0.1000
0.6819
1.1367
1.4026
1.4677
1.3290
0.9928
0.4737
0.1000
0.1000
0.1000
4.3170
4.8442
5.3071
5.6955
5.9989
6.2080
6.3153
6.3168
6.2125
6.0063
5.7054
5.3194
4.8584
4.3329
3.7524
3.1254
2.4592
1.7601
1.0331
0.2827
0.1000
0.1000
0.1000
0.1000
0.1000
0.1000
0.1000
0.1000
0.1000
0.1000
0.1000
0.1000
0.1000
0.1000
0.1000
0.1000
0.1000
0.1000
0.1000
0.1000
0.1000
0.1000
0.1715
0.2309
0.1043
0.1000
0.1000
0.1000
0.1000
0.1000
4.9843
5.5512
6.0533
6.4782
6.8130
7.0451
7.1649
7.1666
7.0502
6.8211
6.4892
6.0666
5.5666
5.0013
4.3820
3.7179
3.0169
2.2855
1.5288
0.7511
0.1000
0.1000
0.1000
0.1000
0.1000
0.1000
0.1000
0.1000
0.1000
0.1000
0.1000
0.1000
0.1000
0.1000
0.1000
0.1000
0.1000
0.1000
0.1000
0.1000
0.1000
0.1000
0.1000
0.1000
0.1000
0.1000
0.1000
0.1000
0.1000
0.1000
5.6042
6.2141
6.7597
7.2264
7.5979
7.8580
7.9929
7.9949
7.8637
7.6070
7.2385
6.7743
6.2307
5.6225
4.9622
4.2600
3.5240
2.7607
1.9750
1.1709
0.3517
0.1000
0.1000
0.1000
0.1000
0.1000
0.1000
0.1000
0.1000
0.1000
0.1000
0.1000
0.1000
0.1000
0.1000
0.1000
0.1000
0.1000
0.1520
0.2474
0.1874
0.1000
0.1000
0.1000
0.1000
0.1000
0.1000
0.1000
0.1000
0.1000
6.1662
6.8212
7.4142
7.9280
8.3425
8.6361
8.7898
8.7920
8.6426
8.3527
7.9414
7.4301
6.8391
6.1857
5.4836
4.7433
3.9731
3.1791
2.3660
1.5375
0.6963
0.1000
0.1000
0.1000
0.1000
0.1000
0.1000
0.1000
0.1000
0.1000
0.1000
0.1000
0.1000
0.1000
0.1000
0.1000
0.2039
0.6181
0.8827
0.9853
0.9208
0.6924
0.3110
0.1000
0.1000
0.1000
0.1000
0.1000
0.1000
0.1000
6.6575
7.3581
8.0008
8.5662
9.0298
9.3635
9.5402
9.5427
9.3708
9.0413
8.5810
8.0182
7.3774
6.6782
5.9351
5.1585
4.3564
3.5343
2.6965
1.8461
0.9856
0.1167
0.1000
0.1000
0.1000
0.1000
0.1000
0.1000
0.1000
0.1000
0.1000
0.1000
0.1000
0.1000
0.1000
0.1961
0.7729
1.2123
1.4943
1.6039
1.5349
1.2913
0.8862
0.3390
0.1000
0.1000
0.1000
0.1000
0.1000
0.1000
7.0638
7.8076
8.4991
9.1178
9.6349
10.0145
10.2187
10.2217
10.0230
9.6479
9.1342
8.5180
7.8283
7.0857
6.3050
5.4961
4.6661
3.8199
2.9611
2.0924
1.2157
0.3326
0.1000
0.1000
0.1000
0.1000
0.1000
0.1000
0.1000
0.1000
0.1000
0.1000
0.1000
0.1000
0.1000
0.6018
1.2036
1.6643
1.9611
2.0768
2.0040
1.7474
1.3223
0.7506
0.1000
0.1000
0.1000
0.1000
0.1000
0.1000
7.3705
8.1508
8.8852
9.5530
10.1227
10.5503
10.7847
10.7881
10.5599
10.1372
9.5709
8.9054
8.1725
7.3934
6.5818
5.7469
4.8949
4.0300
3.1552
2.2726
1.3837
0.4899
0.1000
0.1000
0.1000
0.1000
0.1000
0.1000
0.1000
0.1000
0.1000
0.1000
0.1000
0.1000
0.1209
0.8576
1.4764
1.9517
2.2588
2.3788
2.3033
2.0376
1.5987
1.0104
0.2985
0.1000
0.1000
0.1000
0.1000
0.1000
7.5640
8.3693
9.1343
9.8385
10.4493
10.9168
11.1780
11.1818
10.9275
10.4650
9.8575
9.1555
8.3919
7.5876
6.7553
5.9033
5.0371
4.1601
3.2750
2.3836
1.4871
0.5866
0.1000
0.1000
0.1000
0.1000
0.1000
0.1000
0.1000
0.1000
0.1000
0.1000
0.1000
0.1000
0.2081
0.9515
1.5767
2.0577
2.3688
2.4904
2.4139
2.1447
1.7004
1.1058
0.3872
0.1000
0.1000
0.1000
0.1000
0.1000
7.6347
8.4495
9.2264
9.9452
10.5730
11.0579
11.3311
11.3351
11.0690
10.5892
9.9647
9.2479
8.4724
7.6584
6.8184
5.9601
5.0885
4.2071
3.3183
2.4236
1.5244
0.6214
0.1000
0.1000
0.1000
0.1000
0.1000
0.1000
0.1000
0.1000
0.1000
0.1000
0.1000
0.1000
0.1406
0.8788
1.4990
1.9756
2.2836
2.4039
2.3282
2.0617
1.6216
1.0319
0.3185
0.1000
0.1000
0.1000
0.1000
0.1000
7.5786
8.3859
9.1532
9.8604
10.4746
10.9456
11.2091
11.2130
10.9563
10.4904
9.8795
9.1745
8.4085
7.6022
6.7683
5.9151
5.0477
4.1699
3.2840
2.3919
1.4948
0.5938
0.1000
0.1000
0.1000
0.1000
0.1000
0.1000
0.1000
0.1000
0.1000
0.1000
0.1000
0.1000
0.1000
0.6431
1.2476
1.7106
2.0091
2.1254
2.0522
1.7941
1.3668
0.7926
0.1000
0.1000
0.1000
0.1000
0.1000
0.1000
7.3989
8.1827
8.9215
9.5943
10.1695
10.6024
10.8403
10.8438
10.6122
10.1842
9.6124
8.9418
8.2046
7.4218
6.6073
5.7700
4.9159
4.0492
3.1729
2.2890
1.3990
0.5042
0.1000
0.1000
0.1000
0.1000
0.1000
0.1000
0.1000
0.1000
0.1000
0.1000
0.1000
0.1000
0.1000
0.2557
0.8360
1.2784
1.5625
1.6730
1.6035
1.3580
0.9501
0.3994
0.1000
0.1000
0.1000
0.1000
0.1000
0.1000
7.1046
7.8531
8.5500
9.1746
9.6981
10.0832
10.2908
10.2938
10.0918
9.7112
9.1912
8.5690
7.8738
7.1267
6.3420
5.5297
4.6968
3.8481
2.9872
2.1167
1.2384
0.3538
0.1000
0.1000
0.1000
0.1000
0.1000
0.1000
0.1000
0.1000
0.1000
0.1000
0.1000
0.1000
0.1000
0.1000
0.2835
0.7011
0.9680
1.0715
1.0064
0.7759
0.3914
0.1000
0.1000
0.1000
0.1000
0.1000
0.1000
0.1000
6.7090
7.4149
8.0633
8.6348
9.1045
9.4432
9.6228
9.6254
9.4507
9.1162
8.6499
8.0808
7.4343
6.7299
5.9822
5.2017
4.3961
3.5710
2.7305
1.8778
1.0152
0.1445
0.1000
0.1000
0.1000
0.1000
0.1000
0.1000
0.1000
0.1000
0.1000
0.1000
0.1000
0.1000
0.1000
0.1000
0.1000
0.1000
0.2511
0.3474
0.2869
0.1000
0.1000
0.1000
0.1000
0.1000
0.1000
0.1000
0.1000
0.1000
6.2268
6.8871
7.4858
8.0054
8.4252
8.7232
8.8793
8.8815
8.7297
8.4356
8.0189
7.5019
6.9052
6.2465
5.5395
4.7949
4.0209
3.2235
2.4074
1.5762
0.7327
0.1000
0.1000
0.1000
0.1000
0.1000
0.1000
0.1000
0.1000
0.1000
0.1000
0.1000
0.1000
0.1000
0.1000
0.1000
0.1000
0.1000
0.1000
0.1000
0.1000
0.1000
0.1000
0.1000
0.1000
0.1000
0.1000
0.1000
0.1000
0.1000
5.6723
6.2873
6.8382
7.3101
7.6863
7.9499
8.0868
8.0888
7.9557
7.6955
7.3223
6.8529
6.3041
5.6908
5.0257
4.3190
3.5790
2.8120
2.0231
1.2161
0.3942
0.1000
0.1000
0.1000
0.1000
0.1000
0.1000
0.1000
0.1000
0.1000
0.1000
0.1000
0.1000
0.1000
0.1000
0.1000
0.1000
0.1000
0.1000
0.1000
0.1000
0.1000
0.1000
0.1000
0.1000
0.1000
0.1000
0.1000
0.1000
0.1000
5.0585
5.6302
6.1372
6.5666
6.9053
7.1405
7.2618
7.2635
7.1456
6.9136
6.5777
6.1506
5.6457
5.0757
4.4517
3.7832
3.0782
2.3431
1.5830
0.8022
0.1000
0.1000
0.1000
0.1000
0.1000
0.1000
0.1000
0.1000
0.1000
0.1000
0.1000
0.1000
0.1000
0.1000
0.1000
0.1000
0.1000
0.1000
0.1000
0.1000
0.1000
0.1000
0.1000
0.1000
0.1000
0.1000
0.1000
0.1000
0.1000
0.1000
4.3962
4.9278
5.3951
5.7874
6.0942
6.3057
6.4143
6.4159
6.3103
6.1016
5.7974
5.4074
4.9422
4.4123
3.8274
3.1962
2.5260
1.8232
1.0928
0.3391
0.1000
0.1000
0.1000
0.1000
0.1000
0.1000
0.1000
0.1000
0.1000
0.1000
0.1000
0.1000
0.1000
0.1000
0.1000
0.1000
0.1000
0.1000
0.1000
0.1000
0.1000
0.1000
0.1000
0.1000
0.1000
0.1000
0.1000
0.1000
0.1000
0.1000
3.6945
4.1894
4.6213
4.9813
5.2609
5.4527
5.5508
5.5522
5.4568
5.2677
4.9905
4.6327
4.2028
3.7095
3.1612
2.5655
1.9292
1.2583
0.5577
0.1000
0.1000
0.1000
0.1000
0.1000
0.1000
0.1000
0.1000
0.1000
0.1000
0.1000
0.1000
0.1000
0.1000
0.1000
0.1000
0.1000
0.1000
0.1000
0.1000
0.1000
0.1000
0.1000
0.1000
0.1000
0.1000
0.1000
0.1000
0.1000
0.1000
0.1000
2.9606
3.4224
3.8228
4.1546
4.4111
4.5862
4.6756
4.6769
4.5900
4.4173
4.1631
3.8333
3.4347
2.9746
2.4600
1.8977
1.2939
0.6539
0.1000
0.1000
0.1000
0.1000
0.1000
0.1000
0.1000
0.1000
0.1000
0.1000
0.1000
0.1000
0.1000
0.1000
0.1000
0.1000
0.1000
0.1000
0.1000
0.1000
0.1000
0.1000
0.1000
0.1000
0.1000
0.1000
0.1000
0.1000
0.1000
0.1000
0.1000
0.1000
2.2003
2.6322
3.0048
3.3121
3.5486
3.7095
3.7915
3.7927
3.7130
3.5543
3.3199
3.0145
2.6437
2.2135
1.7298
1.1986
0.6254
0.1000
0.1000
0.1000
0.1000
0.1000
0.1000
0.1000
0.1000
0.1000
0.1000
0.1000
0.1000
0.1000
0.1000
0.1000
0.1000
0.1000
0.1000
0.1000
0.1000
0.1000
0.1000
0.1000
0.1000
0.1000
0.1000
0.1000
0.1000
0.1000
0.1000
0.1000
0.1000
0.1000
1.4183
1.8233
2.1712
2.4570
2.6762
2.8250
2.9007
2.9017
2.8282
2.6815
2.4642
2.1802
1.8341
1.4307
0.9752
0.4728
0.1000
0.1000
0.1000
0.1000
0.1000
0.1000
0.1000
0.1000
0.1000
0.1000
0.1000
0.1000
0.1000
0.1000
0.1000
0.1000
0.1000
0.1000
0.1000
0.1000
0.1000
0.1000
0.1000
0.1000
0.1000
0.1000
0.1000
0.1000
0.1000
0.1000
0.1000
0.1000
0.1000
0.1000
